inception,cell,model,policy,terminal_pnl_bp,cost_bp,daily_pnl_std_bp,days_replayed,knocked_in,knocked_out,turnover_hands_day,gross_contracts_mean,abs_net_delta_hands,rms_net_delta_hands,abs_product_rhoq_bp,abs_net_rhoq_bp,rms_net_rhoq_bp,audit_pass,audit_fail,audit_not_measured,identity_fail_rows,net_delta_audit_error_max,years_alive,pricing_q_mean,carry_bp,delta_path_bp
20230504,term_flat_fwd__buckets_far,term_flat_fwd,buckets_far,191.271526098932,27.353447999999986,41.36718052177517,243,True,False,4.680497925311204,38.710743801652896,0.3406311533538623,0.43988934854953826,23.254394162503523,1.379367747614096,5.053844091319342,242,0,1,0,1.4142642612569036e-12,0.6657534246575343,0.07620929088006961,-6.974975579184766,27.193549503346496
20230504,term_flat_fwd__buckets_nodes,term_flat_fwd,buckets_nodes,-1.3699955010672593,25.498969600000002,39.74147388259401,243,True,False,4.2987551867219915,37.70661157024794,1.250281699586862,3.940274827743874,23.254394162503523,0.2757140641125294,0.3764508702253353,242,0,1,0,1.4142642612569036e-12,0.6657534246575343,0.07620929088006961,-0.16537873315480753,-10.018661721937672
20230504,term_flat_fwd__buckets_spot_parallel,term_flat_fwd,buckets_spot_parallel,136.34888049893345,26.49209360000001,40.00253289171104,243,True,False,4.5062240663900415,38.86363636363637,0.35787882614352434,0.4642015982304358,23.254394162503523,0.2767654383085863,0.3733702416881596,242,0,1,0,1.4142642612569036e-12,0.6657534246575343,0.07620929088006961,-0.5694837466709476,6.395717810937134
20230504,term_flat_fwd__far,term_flat_fwd,far,63.402328498940385,17.086645600000008,43.309646454102136,243,True,False,2.979253112033195,26.85123966942149,0.6648630897608646,0.989285147577702,23.254394162503523,14.740666021150593,16.12299769354105,242,0,1,0,1.4142642612569036e-12,0.6657534246575343,0.07620929088006961,-8.423641517476973,43.229685743129224
20230504,term_flat_fwd__far_scaled,term_flat_fwd,far_scaled,32.84636049892846,17.0346136,45.49041700525157,243,True,False,2.970954356846473,27.421487603305785,0.26530193758838744,0.29614759293868625,23.254394162503523,15.02766918655306,16.496680015192712,242,0,1,0,1.4142642612569036e-12,0.6657534246575343,0.07620929088006961,-11.138742840155313,-9.352861122332728
20230504,term_flat_fwd__front,term_flat_fwd,front,388.232173298924,30.480800799999997,40.91870605473474,243,True,False,5.261410788381743,26.85123966942149,0.32293764001951974,0.4256255819528794,23.254394162503523,19.949300695861382,22.31081687893598,242,0,1,0,1.4142642612569036e-12,0.6657534246575343,0.07620929088006961,56.50428341881408,-2.3337378661627093
20230504,term_flat_fwd__front_scaled,term_flat_fwd,front_scaled,360.9258612989273,30.219112799999998,40.56230988377246,243,True,False,5.211618257261411,26.987603305785125,0.256460165544857,0.2902330433507284,23.254394162503523,19.927806461965762,22.295522568598866,242,0,1,0,1.4142642612569036e-12,0.6657534246575343,0.07620929088006961,56.25852682084531,-40.14204985330547
20230504,term_flat_q__buckets_far,term_flat_q,buckets_far,298.0865996989253,26.586374399999983,43.74601457870339,243,True,False,4.8921161825726145,33.72727272727273,0.39092966123363765,0.48978536958116264,23.34824121795384,8.20285752727875,10.037137587366031,242,0,1,0,1.3955059330328368e-12,0.6657534246575343,0.07859064818462001,23.436441201484264,8.207640719886115
20230504,term_flat_q__buckets_nodes,term_flat_q,buckets_nodes,-415.34409790107765,25.185071999999995,51.47323292057003,243,True,False,4.481327800829876,34.53719008264463,6.767906660472979,8.400103871891266,23.34824121795384,0.2928544662579229,0.38475719142842213,242,0,1,0,1.3949374988442286e-12,0.6657534246575343,0.07859064818462001,0.022971495535279808,-501.2401506077527
20230504,term_flat_q__buckets_spot_parallel,term_flat_q,buckets_spot_parallel,103.19220609893067,30.96876800000002,42.462882628147334,243,True,False,5.448132780082988,39.77272727272727,0.4109618605699343,0.5391349227562444,23.34824121795384,0.34870238941052695,0.43662678551628353,242,0,1,0,1.3858425518264993e-12,0.6657534246575343,0.07859064818462001,1.7822801100107073,-21.18094987219118
20230504,term_flat_q__far,term_flat_q,far,111.85363409893145,17.00334,46.20773631622175,243,True,False,2.962655601659751,26.90082644628099,0.6557045433604818,0.984979000212932,23.34824121795384,14.776274836893226,16.14412148558148,242,0,1,0,1.3915268937125802e-12,0.6657534246575343,0.07859064818462001,-5.275439155293023,78.96714603871092
20230504,term_flat_q__far_scaled,term_flat_q,far_scaled,55.72729729893442,17.041676800000005,46.4107289319549,243,True,False,2.970954356846473,27.49173553719008,0.26165765984383393,0.29951361645453106,23.34824121795384,15.083808920443547,16.525068102658516,242,0,1,0,1.3915268937125802e-12,0.6657534246575343,0.07859064818462001,-8.036699784911244,1.4893865025637356
20230504,term_flat_q__front,term_flat_q,front,431.7936132989277,30.48736080000001,48.77396582013138,243,True,False,5.269709543568465,26.90082644628099,0.32909756377465854,0.42893195406023976,23.34824121795384,20.038044825465473,22.416056824798858,242,0,1,0,1.3915268937125802e-12,0.6657534246575343,0.07859064818462001,59.7683202374301,34.02337168745507
20230504,term_flat_q__front_scaled,term_flat_q,front_scaled,372.05647729892917,30.304496799999992,48.453956868170614,243,True,False,5.236514522821577,27.03305785123967,0.25561161384962416,0.29078800632335117,23.34824121795384,20.017883369108624,22.401649246136348,242,0,1,0,1.3915268937125802e-12,0.6657534246575343,0.07859064818462001,59.52545415841167,-27.754136874658972
20230601,term_flat_fwd__buckets_far,term_flat_fwd,buckets_far,366.0138018490004,25.151409599999983,31.461932989294542,243,True,False,4.381742738589212,36.48347107438016,0.3995673546422814,0.4897818584227416,21.297273754236596,2.3917812563750704,7.709891912208314,242,0,1,0,2.446540747769177e-12,0.6657534246575343,0.08417466980003557,-12.297086660101733,23.029850015211267
20230601,term_flat_fwd__buckets_nodes,term_flat_fwd,buckets_nodes,691.1651242489984,22.792087199999983,33.03030473501412,243,True,False,3.892116182572614,34.6900826446281,2.013952090233562,6.144146947064876,21.297273754236596,0.27470807046239426,0.34298281768281547,242,0,1,0,2.446540747769177e-12,0.6657534246575343,0.08417466980003557,-0.06692560147274078,275.49479057748044
20230601,term_flat_fwd__buckets_spot_parallel,term_flat_fwd,buckets_spot_parallel,419.6568946489982,24.580316799999988,31.09052123348233,243,True,False,4.24896265560166,36.892561983471076,0.3721457994074935,0.4592645174265801,21.297273754236596,0.2767863550661175,0.3432800626785607,242,0,1,0,2.446540747769177e-12,0.6657534246575343,0.08417466980003557,-1.5805635767483563,36.776743616613544
20230601,term_flat_fwd__far,term_flat_fwd,far,418.4660482490006,13.7551632,32.80063736578228,243,True,False,2.4439834024896268,26.359504132231404,0.6438881692647614,0.9688459456130382,21.297273754236596,11.145160304759527,13.267389638550688,242,0,1,0,2.4476776161463932e-12,0.6657534246575343,0.08417466980003557,-0.9347558509724241,58.85627979594995
20230601,term_flat_fwd__far_scaled,term_flat_fwd,far_scaled,411.82254664899875,14.086664800000005,33.188957540687014,243,True,False,2.4979253112033195,26.917355371900825,0.23738322695245673,0.27360301097021883,21.297273754236596,11.484101418310983,13.54931138782304,242,0,1,0,2.4476776161463932e-12,0.6657534246575343,0.08417466980003557,-3.619090942216461,20.34767421021142
20230601,term_flat_fwd__front,term_flat_fwd,front,704.7205026489966,26.3327088,38.33263739633218,243,True,False,4.659751037344399,26.359504132231404,0.3206273574985465,0.4110174578201157,21.297273754236596,18.31845111004459,20.488021092808072,242,0,1,0,2.4476776161463932e-12,0.6657534246575343,0.08417466980003557,59.287187149392096,20.805861731377835
20230601,term_flat_fwd__front_scaled,term_flat_fwd,front_scaled,730.8168258490051,26.460385600000002,37.58374979277823,243,True,False,4.6929460580912865,26.524793388429753,0.2522651458482552,0.28740796896360826,21.297273754236596,18.296546015059874,20.467581757451406,242,0,1,0,2.4476776161463932e-12,0.6657534246575343,0.08417466980003557,59.019987148487374,25.446032952492292
20230601,term_flat_q__buckets_far,term_flat_q,buckets_far,424.0890210489986,24.660190399999987,34.670818269436786,243,True,False,4.597510373443983,32.61570247933884,0.42803293621820315,0.5190491167786699,21.358486112428242,8.283079831546278,11.82360271182799,242,0,1,0,9.396217137691566e-13,0.6657534246575343,0.0849378868702253,15.305443506633303,-4.857738336798929
20230601,term_flat_q__buckets_nodes,term_flat_q,buckets_nodes,361.60201864900097,22.45119279999999,40.480512937863324,243,True,False,4.037344398340249,31.94214876033058,6.768492507645873,9.417028888816874,21.358486112428242,0.29247339038961884,0.37182548779054775,242,0,1,0,9.390532795805484e-13,0.6657534246575343,0.0849378868702253,-0.06833564565947246,-94.9407925534204
20230601,term_flat_q__buckets_spot_parallel,term_flat_q,buckets_spot_parallel,309.0973978490008,28.171813599999982,33.320209806834434,243,True,False,5.029045643153527,37.02479338842975,0.4200166035203881,0.5370074688270099,21.358486112428242,0.3319881675173389,0.40738452867752456,242,0,1,0,9.390532795805484e-13,0.6657534246575343,0.0849378868702253,0.3373745265214179,-38.569527094093296
20230601,term_flat_q__far,term_flat_q,far,385.7910682489945,13.5101432,36.346974620040285,243,True,False,2.4066390041493775,26.392561983471076,0.6380736284093544,0.9467433308205895,21.358486112428242,11.151520667649207,13.282751786232888,242,0,1,0,9.413270163349809e-13,0.6657534246575343,0.0849378868702253,1.1323816593859029,50.234808819750235
20230601,term_flat_q__far_scaled,term_flat_q,far_scaled,374.11726344899915,13.839947999999998,34.89927967564558,243,True,False,2.4647302904564317,26.94214876033058,0.2376105245305742,0.2747207703715917,21.358486112428242,11.45676291558309,13.528334046846098,242,0,1,0,9.413270163349809e-13,0.6657534246575343,0.0849378868702253,-1.5262562770664339,2.3205311041790875
20230601,term_flat_q__front,term_flat_q,front,679.0953154490006,26.037895999999996,45.19263910453771,243,True,False,4.630705394190872,26.392561983471076,0.31313191355214853,0.3996693638497676,21.358486112428242,18.37366638728982,20.55672523320068,242,0,1,0,9.413270163349809e-13,0.6657534246575343,0.0849378868702253,61.323454052824985,11.632125552681055
20230601,term_flat_q__front_scaled,term_flat_q,front_scaled,680.520123448998,26.453088000000005,44.068020116451855,243,True,False,4.6887966804979255,26.545454545454547,0.2578155319860855,0.29149198741651533,21.358486112428242,18.35384183843892,20.538493572452026,242,0,1,0,9.413270163349809e-13,0.6657534246575343,0.0849378868702253,61.08048591907574,2.0155657304849948
20230703,term_flat_fwd__buckets_far,term_flat_fwd,buckets_far,257.31248223705893,26.099339200000006,33.50369508627929,244,True,False,4.524793388429752,42.31275720164609,0.414294971793383,0.5031763680586275,26.954155080162966,1.7223641977804116,5.7166547205909986,243,0,1,0,1.1164047464262694e-12,0.6684931506849315,0.09110852310035789,-9.45438025402069,13.973293493454081
20230703,term_flat_fwd__buckets_nodes,term_flat_fwd,buckets_nodes,583.2537958370538,24.078025599999997,37.00418310334143,244,True,False,4.078512396694215,40.79012345679013,1.8158901873746602,5.839630727631456,26.954155080162966,0.26825619377342896,0.36012101339921226,243,0,1,0,1.1164047464262694e-12,0.6684931506849315,0.09110852310035789,0.07695166452785604,321.7126489507524
20230703,term_flat_fwd__buckets_spot_parallel,term_flat_fwd,buckets_spot_parallel,306.2689886370631,25.4388328,32.858402066223206,244,True,False,4.359504132231405,42.629629629629626,0.38564610973579994,0.4711713680461831,26.954155080162966,0.25935027741124883,0.34569571765859314,243,0,1,0,1.1164047464262694e-12,0.6684931506849315,0.09110852310035789,-0.8940061872289319,33.241761850565766
20230703,term_flat_fwd__far,term_flat_fwd,far,409.2720942370646,14.4037272,34.320864183477205,244,True,False,2.5991735537190084,30.650205761316872,0.7565856998139209,1.0313196692114437,26.954155080162966,13.837817208548799,18.130255570277694,243,0,1,0,1.1164047464262694e-12,0.6684931506849315,0.09110852310035789,12.949136799891477,94.92028037038777
20230703,term_flat_fwd__far_scaled,term_flat_fwd,far_scaled,343.1145022370668,14.673319200000002,34.878439204740076,244,True,False,2.6487603305785123,31.329218106995885,0.28206112933674693,0.3130824146824253,26.954155080162966,13.99829421491894,18.28879414842581,243,0,1,0,1.1164047464262694e-12,0.6684931506849315,0.09110852310035789,9.840460858054993,4.711483023054353
20230703,term_flat_fwd__front,term_flat_fwd,front,695.7907174370586,27.429104000000017,39.48918627282295,244,True,False,4.880165289256198,30.650205761316872,0.35858191524930766,0.4465128430683348,26.954155080162966,23.309286328065376,26.488310580608754,243,0,1,0,1.1164047464262694e-12,0.6684931506849315,0.09110852310035789,82.15969485662664,41.893296384254775
20230703,term_flat_fwd__front_scaled,term_flat_fwd,front_scaled,624.8292862370602,27.390535200000013,38.314881499379226,244,True,False,4.8884297520661155,30.921810699588477,0.2657756726002959,0.30347137735489715,26.954155080162966,23.273049608520875,26.458829340448794,243,0,1,0,1.1164047464262694e-12,0.6684931506849315,0.09110852310035789,81.7632757575121,-36.58699946257034
20230703,term_flat_q__buckets_far,term_flat_q,buckets_far,329.72108303705636,20.6427384,33.713099895162756,244,True,False,3.8677685950413223,34.650205761316876,0.39941420911013814,0.4863283708230687,26.954687805932846,7.296167909895041,9.677303409836263,243,0,1,0,2.0554580260068176e-12,0.6684931506849315,0.09251805490284862,11.571765174336768,1.9733009186243187
20230703,term_flat_q__buckets_nodes,term_flat_q,buckets_nodes,-3.5090497629462423,20.240871199999997,36.742269774722836,244,True,False,3.6074380165289255,35.851851851851855,6.423857922835838,9.022846664618125,26.954687805932846,0.27547296091866674,0.3520160183252896,243,0,1,0,2.0554580260068176e-12,0.6684931506849315,0.09251805490284862,-0.10180518544159892,-302.30568949171254
20230703,term_flat_q__buckets_spot_parallel,term_flat_q,buckets_spot_parallel,225.88421903707354,27.023602399999987,33.686976440369364,244,True,False,4.7272727272727275,41.41975308641975,0.4434421178721149,0.5381909831797228,26.954687805932846,0.32580432671386783,0.40126583005372635,243,0,1,0,2.0554580260068176e-12,0.6684931506849315,0.09251805490284862,0.4008360714224438,-22.75144597764214
20230703,term_flat_q__far,term_flat_q,far,386.5399534370619,14.447868000000003,35.30172278433436,244,True,False,2.6074380165289255,30.650205761316872,0.7516137275138599,1.0217439782972484,26.954687805932846,13.844323200847631,18.158871277718678,243,0,1,0,2.0554580260068176e-12,0.6684931506849315,0.09251805490284862,14.854734445444686,80.73267534428823
20230703,term_flat_q__far_scaled,term_flat_q,far_scaled,339.0412262370601,14.674595199999999,35.066223434808144,244,True,False,2.6487603305785123,31.329218106995885,0.27738068627945817,0.31105799104330456,26.954687805932846,13.982705368951809,18.29963539725573,243,0,1,0,2.0554580260068176e-12,0.6684931506849315,0.09251805490284862,11.78699311857851,2.9046619517469585
20230703,term_flat_q__front,term_flat_q,front,676.8700974370671,27.525724000000015,41.00387793532839,244,True,False,4.8884297520661155,30.650205761316872,0.3565679482911104,0.4443690380971964,26.954687805932846,23.3104831913853,26.50623048766151,243,0,1,0,2.0554580260068176e-12,0.6684931506849315,0.09251805490284862,83.97464355295963,27.57070151481225
20230703,term_flat_q__front_scaled,term_flat_q,front_scaled,639.605915837065,27.501905600000008,39.83913433377481,244,True,False,4.904958677685951,30.901234567901234,0.2602367793509296,0.2984097059744737,26.954687805932846,23.279552419639426,26.481775184413785,243,0,1,0,2.0554580260068176e-12,0.6684931506849315,0.09251805490284862,83.57659447554015,-25.710409476297695
20230801,term_flat_fwd__buckets_far,term_flat_fwd,buckets_far,495.5503651228657,23.76196479999999,31.816119149826903,244,True,False,4.371900826446281,42.72839506172839,0.3612563728098584,0.44076507519325725,27.669088260313277,1.8065815373910326,6.847642922550842,243,0,1,0,1.928128767758608e-12,0.6684931506849315,0.09672224071835149,-10.672999451211677,-10.713285750849186
20230801,term_flat_fwd__buckets_nodes,term_flat_fwd,buckets_nodes,311.18937152286014,21.226958399999997,35.52432150572712,244,True,False,3.8016528925619837,41.22633744855967,1.762475499413486,5.962926051734715,27.669088260313277,0.2260293956386887,0.3106881427509177,243,0,1,0,1.928128767758608e-12,0.6684931506849315,0.09672224071835149,-0.044866157734076866,-123.63989349011966
20230801,term_flat_fwd__buckets_spot_parallel,term_flat_fwd,buckets_spot_parallel,465.8799667228582,22.776363199999995,30.574473642114814,244,True,False,4.132231404958677,43.03292181069959,0.37801629478408083,0.4543324562380516,27.669088260313277,0.23742678384866403,0.3154542760593676,243,0,1,0,1.928128767758608e-12,0.6684931506849315,0.09672224071835149,-0.9291546600783018,-26.50746970434553
20230801,term_flat_fwd__far,term_flat_fwd,far,710.2304035228645,11.1939264,33.16053368107233,244,True,False,2.0371900826446283,31.362139917695472,0.7696425167300541,0.9333678940846829,27.669088260313277,15.440190473620971,17.089559577847997,243,0,1,0,1.928128767758608e-12,0.6684931506849315,0.09672224071835149,20.242189916522566,40.009586953575976
20230801,term_flat_fwd__far_scaled,term_flat_fwd,far_scaled,729.4262411228623,11.4300888,32.590706159114475,244,True,False,2.0785123966942147,32.135802469135804,0.23493622270236228,0.2720699838197841,27.669088260313277,15.679503315156573,17.150675316251192,243,0,1,0,1.928128767758608e-12,0.6684931506849315,0.09672224071835149,16.87853516510426,6.362269119541645
20230801,term_flat_fwd__front,term_flat_fwd,front,950.6650147228609,25.4473152,38.972155131228504,244,True,False,4.632231404958677,31.362139917695472,0.35762992377295927,0.4399103258167949,27.669088260313277,24.034832402834684,27.423524779910903,243,0,1,0,1.928128767758608e-12,0.6684931506849315,0.09672224071835149,93.1087778561411,20.11839196678485
20230801,term_flat_fwd__front_scaled,term_flat_fwd,front_scaled,948.0057275228651,25.586602399999997,38.0014428050309,244,True,False,4.648760330578512,31.617283950617285,0.2545114673153152,0.2855219992311854,27.669088260313277,24.014201097800584,27.39990795538791,243,0,1,0,1.928128767758608e-12,0.6684931506849315,0.09672224071835149,92.68903966768444,-4.34612093245867
20230801,term_flat_q__buckets_far,term_flat_q,buckets_far,635.6896267228624,21.63070320000001,33.096952260090426,244,True,False,4.210743801652892,37.04938271604938,0.3881057006780261,0.5010305901641098,27.70090272264845,9.100106090670577,11.474253224735794,243,0,1,0,1.8303580873180186e-12,0.6684931506849315,0.09933332177912824,20.930223872969837,30.493054739826285
20230801,term_flat_q__buckets_nodes,term_flat_q,buckets_nodes,-366.4722620771339,20.040591999999997,41.02508741408735,244,True,False,3.731404958677686,37.78600823045267,7.922143625900506,10.128457059575839,27.70090272264845,0.28490815112321777,0.3643165332948366,243,0,1,0,1.837179297581315e-12,0.6684931506849315,0.09933332177912824,0.0784857189761059,-802.6831142221985
20230801,term_flat_q__buckets_spot_parallel,term_flat_q,buckets_spot_parallel,430.79824032286837,27.282089599999995,32.0334642656953,244,True,False,5.037190082644628,44.534979423868315,0.47077983623366393,0.5766967483522181,27.70090272264845,0.360038765484747,0.4378110206492497,243,0,1,0,1.8326318240724505e-12,0.6684931506849315,0.09933332177912824,1.4286969393917124,-6.739694596139304
20230801,term_flat_q__far,term_flat_q,far,706.9487459228604,11.307584,34.801112030871664,244,True,False,2.06198347107438,31.362139917695472,0.7762419456469118,0.9532445807334137,27.70090272264845,15.444114845326055,17.10932396531139,243,0,1,0,1.8326318240724505e-12,0.6684931506849315,0.09933332177912824,23.953245694210302,52.116590054800355
20230801,term_flat_q__far_scaled,term_flat_q,far_scaled,684.0365539228609,11.563775999999999,33.79889652551027,244,True,False,2.103305785123967,32.148148148148145,0.23647731062126826,0.2734382242298075,27.70090272264845,15.691768603486045,17.177165484314266,243,0,1,0,1.8326318240724505e-12,0.6684931506849315,0.09933332177912824,20.555024335971392,-10.90321990665469
20230801,term_flat_q__front,term_flat_q,front,950.1949139228683,25.613415999999994,41.84063237038011,244,True,False,4.6570247933884295,31.362139917695472,0.36822263614880846,0.4566088636199891,27.70090272264845,24.067313110617754,27.481030781949716,243,0,1,0,1.8326318240724505e-12,0.6684931506849315,0.09933332177912824,96.80069990291264,32.26275949433115
20230801,term_flat_q__front_scaled,term_flat_q,front_scaled,935.1174875228699,25.626842399999994,40.84045182290618,244,True,False,4.6570247933884295,31.633744855967077,0.2529483369874805,0.2856640717889311,27.70090272264845,24.04445308739209,27.455134844571422,243,0,1,0,1.8326318240724505e-12,0.6684931506849315,0.09933332177912824,96.36270151091033,-0.1869645973102917
20230901,term_flat_fwd__buckets_far,term_flat_fwd,buckets_far,897.0056878975023,23.729765600000004,29.420799307780182,243,True,False,4.452282157676349,39.1198347107438,0.39937366392460866,0.48973262490854297,22.85122362975835,1.9725011145834177,6.850392313392361,242,0,1,0,2.0918378140777348e-12,0.6657534246575343,0.09887089332336113,-9.931526744695763,-20.736988653703598
20230901,term_flat_fwd__buckets_nodes,term_flat_fwd,buckets_nodes,1013.0637070975187,22.2157464,33.10503687677526,243,True,False,4.1037344398340245,37.450413223140494,1.9807695899040085,6.492996993061561,22.85122362975835,0.23322616601424415,0.3118721583332844,242,0,1,0,2.0918378140777348e-12,0.6657534246575343,0.09887089332336113,0.053206747984575885,-15.771036939652063
20230901,term_flat_fwd__buckets_spot_parallel,term_flat_fwd,buckets_spot_parallel,907.9789646975174,23.252488800000005,29.32334464711712,243,True,False,4.344398340248962,39.578512396694215,0.3667720056143984,0.45271932640181467,22.85122362975835,0.24546665373706603,0.31134016373309203,242,0,1,0,2.0918378140777348e-12,0.6657534246575343,0.09887089332336113,-0.0247160546247856,-13.655641895586404
20230901,term_flat_fwd__far,term_flat_fwd,far,1141.7962094975128,9.435243999999999,33.65339109089658,243,True,False,1.7717842323651452,29.165289256198346,0.7059342123036711,0.9155017793310234,22.85122362975835,11.580362127426104,15.71440890161691,242,0,1,0,2.0895640773233025e-12,0.6657534246575343,0.09887089332336113,30.549713154346076,32.24425473538926
20230901,term_flat_fwd__far_scaled,term_flat_fwd,far_scaled,1179.1937206975122,9.821732799999998,33.717711564854135,243,True,False,1.8464730290456433,29.83884297520661,0.204623393996346,0.24735730273685422,22.85122362975835,11.891454608802757,15.735854620195571,242,0,1,0,2.0895640773233025e-12,0.6657534246575343,0.09887089332336113,27.442218453712517,14.930744799576752
20230901,term_flat_fwd__front,term_flat_fwd,front,1281.5515542975072,21.719899199999986,39.62925045528972,243,True,False,4.136929460580913,29.165289256198346,0.3251066352079385,0.42565520282747826,22.85122362975835,19.754722840302932,22.802189991063987,242,0,1,0,2.0895640773233025e-12,0.6657534246575343,0.09887089332336113,96.33713167041539,13.588623743372217
20230901,term_flat_fwd__front_scaled,term_flat_fwd,front_scaled,1297.0802614975153,21.807191999999993,38.810167239423045,243,True,False,4.153526970954357,29.355371900826448,0.23922392763492834,0.27696185116185823,22.85122362975835,19.728384069783285,22.77563050240932,242,0,1,0,2.0895640773233025e-12,0.6657534246575343,0.09887089332336113,95.990558939567,3.2154967650346893
20230901,term_flat_q__buckets_far,term_flat_q,buckets_far,1039.3110478975086,21.072405600000025,31.85865975545837,243,True,False,4.273858921161826,36.946280991735534,0.44132504935178496,0.5276312558782448,22.94462476813428,8.367802979558457,11.417210383284939,242,0,1,0,1.6257217794191093e-12,0.6657534246575343,0.10110506649953618,23.565546703668737,17.653096452302737
20230901,term_flat_q__buckets_nodes,term_flat_q,buckets_nodes,192.51862629750744,20.336827199999995,39.81431135338604,243,True,False,3.9502074688796682,35.45867768595041,7.489707997531843,10.317228067629737,22.94462476813428,0.25682506587435106,0.3355262624158608,242,0,1,0,1.6257217794191093e-12,0.6657534246575343,0.10110506649953618,-0.11758158329933519,-855.2287315424561
20230901,term_flat_q__buckets_spot_parallel,term_flat_q,buckets_spot_parallel,857.9633478975096,25.5961056,30.344340491060382,243,True,False,4.8921161825726145,40.28099173553719,0.42448149705513494,0.5351327726452488,22.94462476813428,0.3207643883595657,0.39009202383045066,242,0,1,0,1.6234480426646768e-12,0.6657534246575343,0.10110506649953618,2.4291556426406737,12.915680070590135
20230901,term_flat_q__far,term_flat_q,far,1098.4504926975121,9.308960799999996,34.95152098351775,243,True,False,1.7468879668049793,29.223140495867767,0.7139424342209494,0.9174199315664454,22.94462476813428,11.631280436742111,15.79681634101643,242,0,1,0,1.6234480426646768e-12,0.6657534246575343,0.10110506649953618,34.20665069053145,21.85633097845104
20230901,term_flat_q__far_scaled,term_flat_q,far_scaled,1122.4354366975115,9.612016799999996,34.43004284020905,243,True,False,1.8049792531120332,29.880165289256198,0.20751774452901242,0.24987089033738413,22.94462476813428,11.941960106163599,15.81700116166913,242,0,1,0,1.6234480426646768e-12,0.6657534246575343,0.10110506649953618,31.178745854612377,0.22875511710558497
20230901,term_flat_q__front,term_flat_q,front,1239.6066918975148,21.552761599999997,42.10617531488886,243,True,False,4.1203319502074685,29.223140495867767,0.32757233987917206,0.424299628016865,22.94462476813428,19.837428096419146,22.9093395183425,242,0,1,0,1.6234480426646768e-12,0.6657534246575343,0.10110506649953618,100.09869620197601,2.552504435288558
20230901,term_flat_q__front_scaled,term_flat_q,front_scaled,1260.5372526975195,21.670200799999996,41.06990881092273,243,True,False,4.145228215767635,29.421487603305785,0.245844939938643,0.28129378194004045,22.94462476813428,19.81205379550213,22.883530844483676,242,0,1,0,1.6234480426646768e-12,0.6657534246575343,0.10110506649953618,99.74900401332019,-1.262768244638831
20231009,term_flat_fwd__buckets_far,term_flat_fwd,buckets_far,1014.6884745847452,27.158827200000033,31.752359701145952,243,True,False,5.1037344398340245,44.48347107438016,0.34311384842625015,0.4449517338453719,27.207893253867034,0.9607294263271364,3.447526280139628,242,0,1,0,2.337401383556426e-12,0.6657534246575343,0.09221707888268364,-2.7769650448312766,22.420484769113
20231009,term_flat_fwd__buckets_nodes,term_flat_fwd,buckets_nodes,272.2360825847465,26.107219200000024,59.8610592619102,243,True,False,4.8962655601659755,43.72727272727273,1.0544129985029513,3.5173651861291937,27.207893253867034,0.2686976774999468,0.35277388241710966,242,0,1,0,2.337401383556426e-12,0.6657534246575343,0.09221707888268364,-0.11001285232814205,-1177.7026666453125
20231009,term_flat_fwd__buckets_spot_parallel,term_flat_fwd,buckets_spot_parallel,981.9021217847467,26.945180000000015,31.997996442453257,243,True,False,5.070539419087137,44.66942148760331,0.35787668505444736,0.4670470084668963,27.207893253867034,0.28569580964655333,0.36386523089341655,242,0,1,0,2.337401383556426e-12,0.6657534246575343,0.09221707888268364,0.956640364754863,61.06387230607643
20231009,term_flat_fwd__far,term_flat_fwd,far,1422.1965761847516,9.898725599999999,36.64548593098137,243,True,False,1.9087136929460582,31.99586776859504,0.7325091252886916,0.9149301370283267,27.207893253867034,14.021885303048125,19.719507732943445,242,0,1,0,2.337401383556426e-12,0.6657534246575343,0.09221707888268364,51.742217776821526,21.213957566811334
20231009,term_flat_fwd__far_scaled,term_flat_fwd,far_scaled,1432.458419384745,10.036882399999996,36.96244083576545,243,True,False,1.933609958506224,32.739669421487605,0.23951328708478312,0.27883437716638176,27.207893253867034,13.782528104174133,19.667976966858117,242,0,1,0,2.337401383556426e-12,0.6657534246575343,0.09221707888268364,48.499747650002824,-13.913501983595198
20231009,term_flat_fwd__front,term_flat_fwd,front,1476.817313784752,21.885988,40.667305327783,243,True,False,4.257261410788382,31.99586776859504,0.30946487837074865,0.4195474730053225,27.207893253867034,23.59036339335739,27.12776849379714,242,0,1,0,2.337401383556426e-12,0.6657534246575343,0.09221707888268364,124.23079694129494,87.67466738546605
20231009,term_flat_fwd__front_scaled,term_flat_fwd,front_scaled,1397.8250305847484,21.8062712,40.15244248888114,243,True,False,4.240663900414938,32.13223140495868,0.21891460067942906,0.26490322948175565,27.207893253867034,23.56827978597598,27.106865896468133,242,0,1,0,2.337401383556426e-12,0.6657534246575343,0.09221707888268364,123.88605962316059,-19.417382612908796
20231009,term_flat_q__buckets_far,term_flat_q,buckets_far,1115.9605073847451,19.99079440000002,35.11840213922919,243,True,False,4.04149377593361,37.103305785123965,0.4312407511907508,0.5036568264806662,27.35279495648256,7.209306627502414,8.861949554546896,242,0,1,0,2.8330759960226717e-12,0.6657534246575343,0.09399620601982084,32.23393068335251,-16.04405743088307
20231009,term_flat_q__buckets_nodes,term_flat_q,buckets_nodes,-878.1171438152559,21.2044456,68.04761650144091,243,True,False,4.145228215767635,39.239669421487605,6.604323715392327,8.551474889151645,27.35279495648256,0.26175492953189133,0.3370842646391299,242,0,1,0,2.8376234695315358e-12,0.6657534246575343,0.09399620601982084,0.07089912374960261,-2276.790866891195
20231009,term_flat_q__buckets_spot_parallel,term_flat_q,buckets_spot_parallel,826.6662305847486,27.237071200000006,34.890724671263904,243,True,False,5.20746887966805,44.14876033057851,0.43620881755492913,0.5471649315912734,27.35279495648256,0.33748982222126933,0.4109360779245435,242,0,1,0,2.8330759960226717e-12,0.6657534246575343,0.09399620601982084,3.4789128248966463,23.884797604159672
20231009,term_flat_q__far,term_flat_q,far,1393.0553169847487,9.951984799999998,38.164555595142154,243,True,False,1.9170124481327802,32.070247933884296,0.7403051800092214,0.9246606380869397,27.35279495648256,14.118150428457506,19.854229140041895,242,0,1,0,2.8330759960226717e-12,0.6657534246575343,0.09399620601982084,56.3691902832941,30.56143106516238
20231009,term_flat_q__far_scaled,term_flat_q,far_scaled,1405.8501553847464,10.1331464,38.132888470146,243,True,False,1.950207468879668,32.84297520661157,0.25576298014205195,0.29260221530211616,27.35279495648256,13.861985835341333,19.78310534171,242,0,1,0,2.8330759960226717e-12,0.6657534246575343,0.09399620601982084,53.01727228453537,-1.5753660101052331
20231009,term_flat_q__front,term_flat_q,front,1450.7249841847454,21.978317600000004,43.83334866276858,243,True,False,4.265560165975104,32.070247933884296,0.3155398163483167,0.43008418477074356,27.35279495648256,23.725595957967716,27.29962689165499,242,0,1,0,2.8330759960226717e-12,0.6657534246575343,0.09399620601982084,128.97142718088162,96.83830594305984
20231009,term_flat_q__front_scaled,term_flat_q,front_scaled,1354.6581913847422,21.9091104,43.14708166314607,243,True,False,4.257261410788382,32.19834710743802,0.21887684692982998,0.2650071592844507,27.35279495648256,23.703892798452262,27.279291768224347,242,0,1,0,2.8330759960226717e-12,0.6657534246575343,0.09399620601982084,128.63254402984003,-27.818816163641888
20231101,term_flat_fwd__buckets_far,term_flat_fwd,buckets_far,618.1174346173212,25.457837599999994,34.64357027605864,225,True,True,5.300448430493273,48.6875,0.44473336940044883,0.5304604864137887,30.16887075485263,0.4020252434093817,0.5702834777001852,224,0,1,0,1.607531885383651e-12,0.6164383561643836,0.09817712752108113,-0.3880396634758835,7.550356098632237
20231101,term_flat_fwd__buckets_nodes,term_flat_fwd,buckets_nodes,636.1879434173267,25.435328799999994,35.263896024900056,225,True,True,5.300448430493273,48.549107142857146,0.533981810716612,0.6757336730025957,30.16887075485263,0.31731980229019907,0.3843713901643296,224,0,1,0,1.607531885383651e-12,0.6164383561643836,0.09817712752108113,0.40777027126799653,45.10052092959373
20231101,term_flat_fwd__buckets_spot_parallel,term_flat_fwd,buckets_spot_parallel,664.5212378173279,25.59803439999999,34.66810666672142,225,True,True,5.336322869955157,48.642857142857146,0.48265933988485915,0.5664079206235544,30.16887075485263,0.3191661909309265,0.3845316007417088,224,0,1,0,1.607531885383651e-12,0.6164383561643836,0.09817712752108113,0.4462697156643881,50.0295212559008
20231101,term_flat_fwd__far,term_flat_fwd,far,920.8209594173369,7.2983128,39.192021164224585,225,True,True,1.4798206278026906,33.20982142857143,0.9989455150933235,1.207262188294985,30.16887075485263,16.160249455733545,17.721563865726644,224,0,1,0,1.6052581486292185e-12,0.6164383561643836,0.09817712752108113,43.80680787553304,90.77975239967482
20231101,term_flat_fwd__far_scaled,term_flat_fwd,far_scaled,864.9258370173292,7.521435200000001,39.52721944006589,225,True,True,1.5246636771300448,34.191964285714285,0.22720112523562844,0.2649956944539536,30.16887075485263,16.120021602504583,17.49945761766035,224,0,1,0,1.6052581486292185e-12,0.6164383561643836,0.09817712752108113,39.18365421501813,-22.059892404202348
20231101,term_flat_fwd__front,term_flat_fwd,front,1091.7181258173318,20.4331464,43.399805700249104,225,True,True,4.313901345291479,33.20982142857143,0.3731506968758727,0.4720908699963405,30.16887075485263,26.27395894663345,29.55577640298323,224,0,1,0,1.6052581486292185e-12,0.6164383561643836,0.09817712752108113,135.05226445035717,70.95729512040745
20231101,term_flat_fwd__front_scaled,term_flat_fwd,front_scaled,1053.6464546173302,20.480817599999998,42.956176543395806,225,True,True,4.322869955156951,33.450892857142854,0.26553983998083464,0.2990153002946728,30.16887075485263,26.243168825302728,29.523668531200013,224,0,1,0,1.6052581486292185e-12,0.6164383561643836,0.09817712752108113,134.6127330635244,12.770848240760651
20231101,term_flat_q__buckets_far,term_flat_q,buckets_far,715.0071802173229,18.888092000000007,38.08925529963271,225,True,True,4.085201793721973,39.580357142857146,0.3944567845815638,0.4867826387557258,30.31493314053744,8.356301117054072,9.634532361598746,224,0,1,0,2.2487256501335648e-12,0.6164383561643836,0.0999902873300305,44.70131445562303,26.331053553221036
20231101,term_flat_q__buckets_nodes,term_flat_q,buckets_nodes,203.7259506173255,20.2733216,55.794959257052234,225,True,True,4.322869955156951,43.308035714285715,7.542304114842229,8.940692769035248,30.31493314053744,0.28084540239320716,0.3402320502850115,224,0,1,0,2.246451913379133e-12,0.6164383561643836,0.0999902873300305,0.06251810191394043,-500.3751918983185
20231101,term_flat_q__buckets_spot_parallel,term_flat_q,buckets_spot_parallel,484.58273701732173,27.42453519999999,37.27969270312504,225,True,True,5.834080717488789,49.50892857142857,0.40044705093542354,0.500815793834614,30.31493314053744,0.28288773822545954,0.3492777687974874,224,0,1,0,2.250999386887998e-12,0.6164383561643836,0.0999902873300305,2.6585749691681264,6.970392248207252
20231101,term_flat_q__far,term_flat_q,far,864.5483858173254,7.3068864,42.05784531176887,225,True,True,1.4798206278026906,33.27232142857143,1.0111726152387894,1.2218185610882057,30.31493314053744,16.21396379361952,17.804062624327475,224,0,1,0,2.250999386887998e-12,0.6164383561643836,0.0999902873300305,49.89794236616616,88.94615866438149
20231101,term_flat_q__far_scaled,term_flat_q,far_scaled,786.820696217328,7.530576,41.17346226384758,225,True,True,1.5246636771300448,34.254464285714285,0.23592771039796404,0.2732577046346601,30.31493314053744,16.174950821016782,17.565931740969507,224,0,1,0,2.250999386887998e-12,0.6164383561643836,0.0999902873300305,45.38423344956203,-22.428300673655176
20231101,term_flat_q__front,term_flat_q,front,1040.2671442173282,20.452127999999995,48.828918308558904,225,True,True,4.313901345291479,33.27232142857143,0.37663025786986803,0.4626323880389431,30.31493314053744,26.411333109226284,29.750399254867208,224,0,1,0,2.250999386887998e-12,0.6164383561643836,0.0999902873300305,141.43472684376857,68.49942634781026
20231101,term_flat_q__front_scaled,term_flat_q,front_scaled,1020.900326617323,20.794945600000002,48.00368236480575,225,True,True,4.385650224215246,33.54017857142857,0.26994001031379483,0.3014056565564586,30.31493314053744,26.377934000615713,29.712913187522606,224,0,1,0,2.250999386887998e-12,0.6164383561643836,0.0999902873300305,140.99154870719352,31.507418346435326
20231201,term_flat_fwd__buckets_far,term_flat_fwd,buckets_far,916.4979680000099,29.070031999999987,35.394493233926546,242,True,False,5.491666666666666,58.45643153526971,0.4113660896233684,0.49441485845640193,34.402038954309376,2.266465255937744,7.583864735330407,241,0,1,0,2.701199264265597e-12,0.663013698630137,0.09939746395521727,-10.890539786887253,-33.02991532509221
20231201,term_flat_fwd__buckets_nodes,term_flat_fwd,buckets_nodes,837.0904168000093,26.4695832,40.23112389982501,242,True,False,5.033333333333333,56.9253112033195,1.802536140042937,5.4127409904084605,34.402038954309376,0.2252997050162916,0.2915440857765675,241,0,1,0,2.701199264265597e-12,0.663013698630137,0.09939746395521727,0.31257180608875124,36.493205633742164
20231201,term_flat_fwd__buckets_spot_parallel,term_flat_fwd,buckets_spot_parallel,919.8740960000116,28.669904000000002,34.962767458909575,242,True,False,5.408333333333333,58.809128630705395,0.38443138509062574,0.4678517233646522,34.402038954309376,0.2487528385894576,0.3079463961223457,241,0,1,0,2.701199264265597e-12,0.663013698630137,0.09939746395521727,-0.20058986739765605,-43.644619739727055
20231201,term_flat_fwd__far,term_flat_fwd,far,1328.7891463999931,8.322853600000004,39.21378012420185,242,True,False,1.5041666666666667,36.20331950207469,0.9483133049760432,1.1416106154849763,34.402038954309376,16.88814587417503,21.428639204075186,241,0,1,0,2.701199264265597e-12,0.663013698630137,0.09939746395521727,68.26205097758434,111.7262428804398
20231201,term_flat_fwd__far_scaled,term_flat_fwd,far_scaled,1339.4058648000062,8.666135200000003,39.506247281733174,242,True,False,1.5791666666666666,37.15352697095436,0.2398322271217989,0.2779524878070124,34.402038954309376,16.829878848880877,21.01534095134412,241,0,1,0,2.701199264265597e-12,0.663013698630137,0.09939746395521727,63.76677006860916,47.65316592688782
20231201,term_flat_fwd__front,term_flat_fwd,front,1487.0686671999986,24.531332799999998,43.83215752408124,242,True,False,4.629166666666666,36.20331950207469,0.36436667749150514,0.48027498692968396,34.402038954309376,30.446512586409092,35.40308062004176,241,0,1,0,2.701199264265597e-12,0.663013698630137,0.09939746395521727,163.65095979888332,93.17158315442066
20231201,term_flat_fwd__front_scaled,term_flat_fwd,front_scaled,1419.3934951999995,24.4545048,43.294784538748374,242,True,False,4.6375,36.45643153526971,0.22461737555415215,0.25949680478415504,34.402038954309376,30.410838621536698,35.362590436172155,241,0,1,0,2.701199264265597e-12,0.663013698630137,0.09939746395521727,163.13862016800456,-10.099209278024109
20231201,term_flat_q__buckets_far,term_flat_q,buckets_far,1142.931900800003,22.764099200000015,41.72423975541025,242,True,False,4.366666666666666,42.33609958506224,0.37560680776841465,0.4750586056662115,34.50607359163912,11.88361851017659,15.001948231803933,241,0,1,0,2.787601260934025e-12,0.663013698630137,0.1012959816266218,47.01456081549207,19.459739593615197
20231201,term_flat_q__buckets_nodes,term_flat_q,buckets_nodes,213.28727120000943,21.952728800000006,74.96254564312787,242,True,False,4.2375,45.80497925311203,10.295665126035564,13.017493132565995,34.50607359163912,0.24500821060530184,0.3171632021218174,241,0,1,0,2.7921487344428895e-12,0.663013698630137,0.1012959816266218,-0.055461178479971215,-543.2838159476412
20231201,term_flat_q__buckets_spot_parallel,term_flat_q,buckets_spot_parallel,787.4792688000019,32.20073119999999,40.03920097814603,242,True,False,6.166666666666667,55.29460580912863,0.43908436866752787,0.5313851932063267,34.50607359163912,0.32077252939586104,0.37918808490339834,241,0,1,0,2.7921487344428895e-12,0.663013698630137,0.1012959816266218,2.8381924626607633,-54.180821058196415
20231201,term_flat_q__far,term_flat_q,far,1294.3221207999977,8.453879200000006,45.15361522699826,242,True,False,1.5291666666666666,36.2655601659751,0.9301262750513617,1.1104377640407095,34.50607359163912,16.932002099181744,21.4943905083603,241,0,1,0,2.7921487344428895e-12,0.663013698630137,0.1012959816266218,75.92873969157543,117.47346074258522
20231201,term_flat_q__far_scaled,term_flat_q,far_scaled,1278.6499807999953,8.8220192,43.25744443299629,242,True,False,1.6,37.20331950207469,0.24534176230222743,0.2841656169392267,34.50607359163912,16.874012506048114,21.09052326354902,241,0,1,0,2.7921487344428895e-12,0.663013698630137,0.1012959816266218,71.58523961262306,28.281658302974744
20231201,term_flat_q__front,term_flat_q,front,1457.4437087999997,24.620291199999997,53.16882257448535,242,True,False,4.6625,36.2655601659751,0.3457990960677857,0.4515028698588469,34.50607359163912,30.540828924869963,35.572767329849015,241,0,1,0,2.7921487344428895e-12,0.663013698630137,0.1012959816266218,171.59683429825043,97.69036983071109
20231201,term_flat_q__front_scaled,term_flat_q,front_scaled,1390.8571303999986,24.558869599999998,51.98701996386126,242,True,False,4.654166666666667,36.518672199170126,0.22045734604577696,0.25228280250085167,34.50607359163912,30.50815957956217,35.5353561483259,241,0,1,0,2.7921487344428895e-12,0.663013698630137,0.1012959816266218,171.11390409763476,0.8493850301126106
20240102,term_flat_fwd__buckets_far,term_flat_fwd,buckets_far,552.0074985549425,28.374207199999972,37.261957004846444,182,True,True,7.361111111111111,66.18232044198895,0.3702017309191319,0.48945799357944575,42.550727876321154,0.4973358782264971,0.9467750719111134,181,0,1,0,1.3005774235352873e-12,0.4986301369863014,0.10288392917012429,-1.0468386701543617,-23.138110810484925
20240102,term_flat_fwd__buckets_nodes,term_flat_fwd,buckets_nodes,500.93050655493676,28.52319919999998,38.87980308922159,182,True,True,7.411111111111111,65.92817679558011,0.5580475041407861,0.9423607648762947,42.550727876321154,0.27658525591152916,0.34612526891412415,181,0,1,0,1.3005774235352873e-12,0.4986301369863014,0.10288392917012429,0.02994818643860126,6.924765309732733
20240102,term_flat_fwd__buckets_spot_parallel,term_flat_fwd,buckets_spot_parallel,529.0999241549405,29.057781599999977,37.578297749930094,182,True,True,7.544444444444444,66.1767955801105,0.34681714285217063,0.4689160316854612,42.550727876321154,0.26975555946446494,0.3387762283952478,181,0,1,0,1.3005774235352873e-12,0.4986301369863014,0.10288392917012429,0.0002012058788324056,-26.09241494363249
20240102,term_flat_fwd__far,term_flat_fwd,far,985.6271585549354,5.562547200000001,44.6910099667378,182,True,True,1.3944444444444444,39.348066298342545,1.1551026168407748,1.3066353399043824,42.550727876321154,20.251127473248843,25.019504656123218,181,0,1,0,1.3005774235352873e-12,0.4986301369863014,0.10288392917012429,76.8678734574281,115.16380909261194
20240102,term_flat_fwd__far_scaled,term_flat_fwd,far_scaled,899.6466697549403,5.519036000000001,46.11150347849814,182,True,True,1.3777777777777778,40.54696132596685,0.20308942226341445,0.24197610750744514,42.550727876321154,19.46434375592624,24.528556912533443,181,0,1,0,1.3005774235352873e-12,0.4986301369863014,0.10288392917012429,72.53482102753836,-10.450574660056228
20240102,term_flat_fwd__front,term_flat_fwd,front,1146.1539057549387,18.091799999999996,48.470435451951644,182,True,True,4.805555555555555,39.348066298342545,0.40235210931409526,0.496045805837196,42.550727876321154,37.98657337878086,40.14414895800201,181,0,1,0,1.3005774235352873e-12,0.4986301369863014,0.10288392917012429,161.510495292764,99.14168488134278
20240102,term_flat_fwd__front_scaled,term_flat_fwd,front_scaled,1059.6952369549351,18.150468800000006,48.03021446035076,182,True,True,4.838888888888889,39.646408839779006,0.26920594119268887,0.30451703491440524,42.550727876321154,37.94897347323328,40.10267762599299,181,0,1,0,1.3005774235352873e-12,0.4986301369863014,0.10288392917012429,161.05894528921422,-2.1330053613493094
20240102,term_flat_q__buckets_far,term_flat_q,buckets_far,751.276983354941,16.016722400000006,45.51361923830643,182,True,True,4.211111111111111,41.14364640883978,0.38389526728564877,0.4942667719454786,42.807463398162774,9.480721381427367,13.203419005559626,181,0,1,0,2.802664766932139e-12,0.4986301369863014,0.10621526356679001,44.52637865409289,-1.4778712597790435
20240102,term_flat_q__buckets_nodes,term_flat_q,buckets_nodes,-343.14333984506067,19.989045600000004,85.63538694757828,182,True,True,5.238888888888889,50.386740331491715,8.856427500213107,12.726690877362834,42.807463398162774,0.2877385841586771,0.3489513746059693,181,0,1,0,2.8040858524036593e-12,0.4986301369863014,0.10621526356679001,-0.28207492799078693,-880.3839889078888
20240102,term_flat_q__buckets_spot_parallel,term_flat_q,buckets_spot_parallel,427.10532575494807,28.01237999999998,43.02418292220109,182,True,True,7.2555555555555555,58.41436464088398,0.36718779612931346,0.4820001451923803,42.807463398162774,0.27252993054954444,0.33042509261848657,181,0,1,0,2.7995383788947947e-12,0.4986301369863014,0.10621526356679001,4.223436563644633,-17.22943300592505
20240102,term_flat_q__far,term_flat_q,far,901.4768177549387,5.680888,51.21418702338474,182,True,True,1.4277777777777778,39.51381215469613,1.1433064185477135,1.3020153990065193,42.807463398162774,20.38805489841821,25.21082605676661,181,0,1,0,2.801243681460619e-12,0.4986301369863014,0.10621526356679001,86.33715821905751,100.0667237582773
20240102,term_flat_q__far_scaled,term_flat_q,far_scaled,840.2886993549317,5.685006400000001,48.78745318422427,182,True,True,1.4222222222222223,40.72375690607735,0.2263850984908682,0.263487125606749,42.807463398162774,19.59538350742287,24.710058349389687,181,0,1,0,2.801243681460619e-12,0.4986301369863014,0.10621526356679001,81.97295802098766,-17.957082553261387
20240102,term_flat_q__front,term_flat_q,front,1070.8197121549326,18.257993600000002,61.50669181761801,182,True,True,4.861111111111111,39.51381215469613,0.38423969813467196,0.4785431159504677,42.807463398162774,38.220087187461196,40.49649203597877,181,0,1,0,2.801243681460619e-12,0.4986301369863014,0.10621526356679001,171.3905473002487,82.13344770865332
20240102,term_flat_q__front_scaled,term_flat_q,front_scaled,1012.8956577549334,18.310048000000005,60.17708671648574,182,True,True,4.883333333333334,39.78453038674033,0.27914162219058614,0.3127075375937409,42.807463398162774,38.18874789676265,40.4615476759843,181,0,1,0,2.801243681460619e-12,0.4986301369863014,0.10621526356679001,171.00073300535792,-1.2036794525638252
20240201,term_flat_fwd__buckets_far,term_flat_fwd,buckets_far,594.1960530989332,12.802086400000004,64.0851125143679,57,False,True,9.981818181818182,33.357142857142854,0.3574021984080488,0.4726458945326034,15.358700654152914,0.45070154445107996,0.7795978336532781,56,0,1,0,7.338485374930316e-13,0.15616438356164383,0.10287652843960722,0.366530732667071,-1.0636459454110445
20240201,term_flat_fwd__buckets_nodes,term_flat_fwd,buckets_nodes,629.2524834989342,12.961656000000003,64.17106338295183,57,False,True,10.127272727272727,33.57142857142857,0.5442189801456154,0.7901421064012334,15.358700654152914,0.24111806918279605,0.3028536537043526,56,0,1,0,7.338485374930316e-13,0.15616438356164383,0.10287652843960722,-0.06389462552020168,21.880995454125358
20240201,term_flat_fwd__buckets_spot_parallel,term_flat_fwd,buckets_spot_parallel,618.5871018989334,13.043037600000003,64.05870691286988,57,False,True,10.2,33.875,0.3553993183788802,0.46813620841240877,15.358700654152914,0.23682268768893128,0.3010572550838828,56,0,1,0,7.383960110018961e-13,0.15616438356164383,0.10287652843960722,0.015364660594422978,15.428214437699644
20240201,term_flat_fwd__far,term_flat_fwd,far,501.753234698933,3.700904799999999,59.97846237134432,57,False,True,2.909090909090909,8.392857142857142,0.6063848360721485,1.2028315395723896,15.358700654152914,7.311960955522777,9.081370030640697,56,0,1,0,7.349854058702476e-13,0.15616438356164383,0.10287652843960722,9.554713638438358,-53.57762609844189
20240201,term_flat_fwd__far_scaled,term_flat_fwd,far_scaled,609.5718026989346,4.0263368,64.21363090986236,57,False,True,3.1818181818181817,8.928571428571429,0.22022797690750312,0.25629667586457155,15.358700654152914,6.771518043585398,8.07226626308004,56,0,1,0,7.349854058702476e-13,0.15616438356164383,0.10287652843960722,8.595573061330375,2.1662235323991297
20240201,term_flat_fwd__front,term_flat_fwd,front,359.41252109893225,5.177618400000003,68.96109324817616,57,False,True,3.890909090909091,8.392857142857142,0.2792467431056367,0.3747109241877455,15.358700654152914,14.79260447802767,24.096641720240658,56,0,1,0,7.349854058702476e-13,0.15616438356164383,0.10287652843960722,20.433829835102905,2.7326774311942597
20240201,term_flat_fwd__front_scaled,term_flat_fwd,front_scaled,382.62073789893327,5.209401600000002,66.6504012586116,57,False,True,3.963636363636364,8.482142857142858,0.23372884181121284,0.27230401940026033,15.358700654152914,14.784804341041367,24.07974035236731,56,0,1,0,7.349854058702476e-13,0.15616438356164383,0.10287652843960722,20.38634564278486,16.6686363797386
20240201,term_flat_q__buckets_far,term_flat_q,buckets_far,593.7176970989342,6.1204424,67.21913156215355,57,False,True,4.963636363636364,13.357142857142858,0.39886495412385375,0.48401201108751835,15.682839560423114,5.265144532452733,8.44288525676186,56,0,1,0,7.268852186825826e-13,0.15616438356164383,0.1095788576867331,8.297604536723707,-0.48301880821060983
20240201,term_flat_q__buckets_nodes,term_flat_q,buckets_nodes,1341.547571498932,8.058568000000003,112.71133418346376,57,False,True,6.527272727272727,18.142857142857142,4.710374146805528,7.424215261673061,15.682839560423114,0.31746365369094676,0.4027975919434337,56,0,1,0,7.268852186825826e-13,0.15616438356164383,0.1095788576867331,0.020319378930152114,495.95904995708463
20240201,term_flat_q__buckets_spot_parallel,term_flat_q,buckets_spot_parallel,689.1633546989325,11.074784799999994,65.1306159466673,57,False,True,8.945454545454545,23.732142857142858,0.5296076191878433,0.6838102361812695,15.682839560423114,0.3250655604499002,0.39623305808758513,56,0,1,0,7.268852186825826e-13,0.15616438356164383,0.1095788576867331,0.6624920358638724,-20.075284746405337
20240201,term_flat_q__far,term_flat_q,far,496.2436402989338,3.9384992,75.18261860622665,57,False,True,3.090909090909091,8.553571428571429,0.6348595034749105,1.2440517751228852,15.682839560423114,7.188316225785148,8.990226901251248,56,0,1,0,7.265654744514904e-13,0.15616438356164383,0.1095788576867331,11.404727786046665,-65.03621374884422
20240201,term_flat_q__far_scaled,term_flat_q,far_scaled,632.9856986989328,4.2924408,65.9521342469341,57,False,True,3.4,9.107142857142858,0.24672403741270804,0.28074177519448157,15.682839560423114,6.597321274708826,7.9112498792133445,56,0,1,0,7.265654744514904e-13,0.15616438356164383,0.1095788576867331,10.342747721224143,8.456392432609166
20240201,term_flat_q__front,term_flat_q,front,357.54562909893025,5.4685104,100.63055189575947,57,False,True,4.109090909090909,8.553571428571429,0.2842457414824601,0.3924560317735981,15.682839560423114,15.064097740462254,24.449892370668866,56,0,1,0,7.265654744514904e-13,0.15616438356164383,0.1095788576867331,22.876765557159295,-9.321352664147987
20240201,term_flat_q__front_scaled,term_flat_q,front_scaled,380.71420909893266,5.539930400000001,96.93050437915738,57,False,True,4.181818181818182,8.642857142857142,0.23112799018338365,0.27329309539269486,15.682839560423114,15.05629760347595,24.432867315701035,56,0,1,0,7.265654744514904e-13,0.15616438356164383,0.1095788576867331,22.82928136484125,4.6146062843963565
20240301,term_flat_fwd__buckets_far,term_flat_fwd,buckets_far,1381.56841084765,37.612216,106.4185714764942,145,False,True,12.48951048951049,99.29861111111111,0.4505875429445286,0.5776983357586482,56.98292379888864,1.2697766668480657,2.6827587502795605,144,0,1,0,1.9917933968827128e-12,0.3972602739726027,0.10120524856714329,2.0899737908044527,8.450674584102694
20240301,term_flat_fwd__buckets_nodes,term_flat_fwd,buckets_nodes,1282.7284364476545,36.8521904,106.64044950899596,145,False,True,12.20979020979021,99.84722222222223,1.2086965691179392,2.168003044800455,56.98292379888864,0.3429203939897227,0.40922638727447475,144,0,1,0,1.9917933968827128e-12,0.3972602739726027,0.10120524856714329,-0.03752863310286557,-105.7316627561528
20240301,term_flat_fwd__buckets_spot_parallel,term_flat_fwd,buckets_spot_parallel,1389.316789247663,37.98383759999999,106.5161549774875,145,False,True,12.601398601398602,100.92361111111111,0.4713479632284174,0.5933466378261605,56.98292379888864,0.33758936658608235,0.40605383748738016,144,0,1,0,1.9917933968827128e-12,0.3972602739726027,0.10120524856714329,0.3214653971880077,9.15366072568623
20240301,term_flat_fwd__far,term_flat_fwd,far,1573.809548447645,21.67507840000001,105.53950905597976,145,False,True,7.6573426573426575,53.861111111111114,1.1776316644515779,1.5402238197757978,56.98292379888864,38.051480392176245,40.595990149363686,144,0,1,0,1.9963408703915773e-12,0.3972602739726027,0.10120524856714329,116.15691017401937,-81.09642046937577
20240301,term_flat_fwd__far_scaled,term_flat_fwd,far_scaled,1709.9988620476395,22.637764800000006,106.90067291947659,145,False,True,7.993006993006993,55.02777777777778,0.22372426844578738,0.26396730569564564,56.98292379888864,37.67626427954306,40.29265330422196,144,0,1,0,1.9963408703915773e-12,0.3972602739726027,0.10120524856714329,113.19003446391962,-4.252939602278105
20240301,term_flat_fwd__front,term_flat_fwd,front,1557.1435788476342,32.037048,107.07025573111402,145,False,True,11.097902097902098,53.861111111111114,0.4776679238662543,0.6043204194925509,56.98292379888864,51.20053680193278,53.381561164478725,144,0,1,0,1.9963408703915773e-12,0.3972602739726027,0.10120524856714329,178.12353317577742,31.53351552036526
20240301,term_flat_fwd__front_scaled,term_flat_fwd,front_scaled,1569.4438156476529,32.58481119999999,105.75049665353392,145,False,True,11.293706293706293,54.229166666666664,0.23454864868487904,0.2742187261241099,56.98292379888864,51.15385543511391,53.32914840365825,144,0,1,0,1.9963408703915773e-12,0.3972602739726027,0.10120524856714329,177.81508638948867,31.317962602360698
20240301,term_flat_q__buckets_far,term_flat_q,buckets_far,1328.630620447637,27.14200640000001,103.69737978510298,145,False,True,9.426573426573427,64.99305555555556,0.4163728853453326,0.5144962875301213,57.593828447961315,13.953044218920688,15.348634631574505,144,0,1,0,2.53749021794647e-12,0.3972602739726027,0.1053368737552952,50.10412570042327,-13.951552666398744
20240301,term_flat_q__buckets_nodes,term_flat_q,buckets_nodes,1434.853755647659,31.086871199999983,124.70334292513122,145,False,True,10.671328671328672,78.5625,13.4792677806587,15.365766626611725,57.593828447961315,0.30210105944262355,0.3588908035974503,144,0,1,0,2.5556801119819284e-12,0.3972602739726027,0.1053368737552952,-0.21910226442146122,-122.35262857396972
20240301,term_flat_q__buckets_spot_parallel,term_flat_q,buckets_spot_parallel,1207.4190380476502,38.3055888,104.41613463426435,145,False,True,12.972027972027972,90.42361111111111,0.5047500099527393,0.6124830917102688,57.593828447961315,0.3111146151065703,0.3795209781402128,144,0,1,0,2.546585164964199e-12,0.3972602739726027,0.1053368737552952,2.727926574487113,-44.938279453493124
20240301,term_flat_q__far,term_flat_q,far,1502.9395812476612,21.881045600000004,103.47963136774713,145,False,True,7.72027972027972,54.416666666666664,1.1823032248419356,1.5511220397378278,57.593828447961315,38.18542955695068,40.73720995419474,144,0,1,0,2.546585164964199e-12,0.3972602739726027,0.1053368737552952,124.63177514034409,-72.48651068156573
20240301,term_flat_q__far_scaled,term_flat_q,far_scaled,1631.7861636476364,22.890463200000003,104.81886931773951,145,False,True,8.076923076923077,55.55555555555556,0.23774088775322236,0.2740332479008262,57.593828447961315,37.85568097399786,40.46445480543037,144,0,1,0,2.546585164964199e-12,0.3972602739726027,0.1053368737552952,121.75416197800278,4.1228806723054365
20240301,term_flat_q__front,term_flat_q,front,1490.4971060476487,32.4195208,105.29475909903617,145,False,True,11.23076923076923,54.416666666666664,0.4688840899373194,0.5886188321054434,57.593828447961315,51.73378921812875,53.901349296428826,144,0,1,0,2.546585164964199e-12,0.3972602739726027,0.1053368737552952,188.02757009001328,37.818991394251945
20240301,term_flat_q__front_scaled,term_flat_q,front_scaled,1459.1503948476523,32.926232,103.70512520670441,145,False,True,11.412587412587413,54.75694444444444,0.2491817806674842,0.2887818796318524,57.593828447961315,51.69096012528247,53.85385359892067,144,0,1,0,2.546585164964199e-12,0.3972602739726027,0.1053368737552952,187.73058114100894,-6.317323250585462
20240401,term_flat_fwd__buckets_far,term_flat_fwd,buckets_far,1298.1163859292249,32.645672799999986,115.56975767407437,124,False,True,12.48360655737705,112.6178861788618,0.43797293583717356,0.5291822690250869,66.68099798439734,0.6960991209238996,1.3293363320583078,123,0,1,0,2.5556801119819284e-12,0.33972602739726027,0.10053211643155992,-1.4849333743870423,58.714502582964286
20240401,term_flat_fwd__buckets_nodes,term_flat_fwd,buckets_nodes,1214.654849929231,32.12320879999998,115.26786986483974,124,False,True,12.237704918032787,112.130081300813,0.8325409560545955,1.496473209606303,66.68099798439734,0.30204295725261515,0.35890539744361655,123,0,1,0,2.546585164964199e-12,0.33972602739726027,0.10053211643155992,-0.05663612230215807,-6.5075465595150135
20240401,term_flat_fwd__buckets_spot_parallel,term_flat_fwd,buckets_spot_parallel,1276.7897723292351,32.73228639999998,115.51395501719428,124,False,True,12.51639344262295,112.60162601626017,0.39925884558536234,0.5074248586811858,66.68099798439734,0.27574575211732705,0.33047467673908715,123,0,1,0,2.5556801119819284e-12,0.33972602739726027,0.10053211643155992,0.05091513844115529,48.789933900138934
20240401,term_flat_fwd__far,term_flat_fwd,far,1458.5149307292495,15.007127999999998,113.38393941290477,124,False,True,6.155737704918033,61.27642276422764,1.2919819262449765,1.5970484403544767,66.68099798439734,44.071147204519285,46.123180552177374,123,0,1,0,2.564775058999658e-12,0.33972602739726027,0.10053211643155992,114.96491376389216,-57.00749300558935
20240401,term_flat_fwd__far_scaled,term_flat_fwd,far_scaled,1539.5226819292452,15.543376800000004,114.39781105598964,124,False,True,6.377049180327869,62.577235772357724,0.26452336684570205,0.29762046982826423,66.68099798439734,43.665367907938375,45.69894534225279,123,0,1,0,2.564775058999658e-12,0.33972602739726027,0.10053211643155992,112.16205400250787,-30.30941263122819
20240401,term_flat_fwd__front,term_flat_fwd,front,1436.5903091292475,25.451749600000007,116.0539798711131,124,False,True,10.368852459016393,61.27642276422764,0.4953298780550866,0.6202544023503129,66.68099798439734,59.956899329313266,61.25192204122189,123,0,1,0,2.564775058999658e-12,0.33972602739726027,0.10053211643155992,175.19985110386057,35.94698172599673
20240401,term_flat_fwd__front_scaled,term_flat_fwd,front_scaled,1410.5292579292573,25.912800800000007,114.40959988598317,124,False,True,10.565573770491802,61.642276422764226,0.26532170198924837,0.30284805191829434,66.68099798439734,59.9130088506408,61.20497100084243,123,0,1,0,2.564775058999658e-12,0.33972602739726027,0.10053211643155992,174.89654154100435,-7.752707823891114
20240401,term_flat_q__buckets_far,term_flat_q,buckets_far,1229.2085811292436,20.04947760000002,112.47291912245731,124,False,True,8.204918032786885,67.84552845528455,0.4552549602437139,0.5623013946589047,67.36815091352565,15.385778641568011,18.30555160380118,123,0,1,0,3.028617356903851e-12,0.33972602739726027,0.10523998186408284,50.28550235366464,-15.714920750640566
20240401,term_flat_q__buckets_nodes,term_flat_q,buckets_nodes,749.6136379292473,24.228420800000027,139.41569837574153,124,False,True,9.663934426229508,83.78048780487805,15.32650380756358,19.106184485535618,67.36815091352565,0.30660818545224344,0.3644482514248847,123,0,1,0,3.0195224098861216e-12,0.33972602739726027,0.10523998186408284,-0.05988837594003983,-611.9116603374866
20240401,term_flat_q__buckets_spot_parallel,term_flat_q,buckets_spot_parallel,1055.4287467292422,32.68531200000002,111.92255799266276,124,False,True,12.78688524590164,97.69918699186992,0.42489280551386244,0.519130246542338,67.36815091352565,0.25927836374192853,0.3268447567855944,123,0,1,0,3.0195224098861216e-12,0.33972602739726027,0.10523998186408284,3.453741882981033,-24.99308637803616
20240401,term_flat_q__far,term_flat_q,far,1409.2545739292425,15.1314848,111.77056810102391,124,False,True,6.19672131147541,61.78048780487805,1.2999616221923065,1.600451830655469,67.36815091352565,44.39043589396637,46.410265203419584,123,0,1,0,3.0195224098861216e-12,0.33972602739726027,0.10523998186408284,125.20752254296244,-42.31450179386158
20240401,term_flat_q__far_scaled,term_flat_q,far_scaled,1491.261930729242,15.668128000000003,112.71338707818698,124,False,True,6.418032786885246,63.08130081300813,0.27143381663418914,0.30349138628703987,67.36815091352565,43.99680600556009,45.98087263549798,123,0,1,0,3.0195224098861216e-12,0.33972602739726027,0.10523998186408284,122.40717247784366,-7.3771293217138485
20240401,term_flat_q__front,term_flat_q,front,1390.5412363292521,25.748822400000005,114.71887508683356,124,False,True,10.475409836065573,61.78048780487805,0.47675475200158357,0.6080634154307453,67.36815091352565,60.5859260011746,61.88228513785653,123,0,1,0,3.0195224098861216e-12,0.33972602739726027,0.10523998186408284,186.44904481402125,48.759562109802765
20240401,term_flat_q__front_scaled,term_flat_q,front_scaled,1350.9436123292448,25.97044640000001,114.02139583228485,124,False,True,10.573770491803279,62.16260162601626,0.23605433971729387,0.2754133284908052,67.36815091352565,60.53420924340648,61.82900136352118,123,0,1,0,3.0195224098861216e-12,0.33972602739726027,0.10523998186408284,186.12742477149004,-10.333325762445664
20240506,term_flat_fwd__buckets_far,term_flat_fwd,buckets_far,1109.524469895205,19.356740000000016,75.17785246952359,104,False,True,8.970588235294118,115.5631067961165,0.40964096150974805,0.5056956100626104,67.29391611290244,0.7838817447599604,1.372105936431851,103,0,1,0,1.5734258340671658e-12,0.28493150684931506,0.09883478217414893,-1.5257100538740958,-4.3271405504516265
20240506,term_flat_fwd__buckets_nodes,term_flat_fwd,buckets_nodes,1002.9507402951992,18.93846960000002,74.38619656826415,104,False,True,8.735294117647058,114.97087378640776,0.8402158701964191,1.4777152957565751,67.29391611290244,0.29788932644511523,0.3568387162756138,103,0,1,0,1.5734258340671658e-12,0.28493150684931506,0.09883478217414893,-0.11400371579254381,-45.05999996438883
20240506,term_flat_fwd__buckets_spot_parallel,term_flat_fwd,buckets_spot_parallel,1098.9481602951953,19.50904960000001,75.23820899771832,104,False,True,9.029411764705882,115.55339805825243,0.43494130095052885,0.527631991021109,67.29391611290244,0.31274481993270886,0.3734898445972552,103,0,1,0,1.5916157281026244e-12,0.28493150684931506,0.09883478217414893,-0.061349510829611965,-6.496495000173997
20240506,term_flat_fwd__far,term_flat_fwd,far,1238.2237842952054,6.809425600000001,75.61458236584562,104,False,True,3.1372549019607843,57.86407766990291,2.0480905515626904,2.1618251071506065,67.29391611290244,24.08554002672076,24.35043066088282,103,0,1,0,1.5825207810848953e-12,0.28493150684931506,0.09883478217414893,52.639713209142045,72.77047907761282
20240506,term_flat_fwd__far_scaled,term_flat_fwd,far_scaled,1175.6046242952098,7.076585600000001,74.7906007792635,104,False,True,3.264705882352941,59.90291262135922,0.2400743656765042,0.2749706080382244,67.29391611290244,22.44580552372834,22.706522985759808,103,0,1,0,1.5825207810848953e-12,0.28493150684931506,0.09883478217414893,48.141998123734716,-2.8918331738363454
20240506,term_flat_fwd__front,term_flat_fwd,front,1363.4649666952052,17.584243200000003,77.6886583660415,104,False,True,8.588235294117647,57.86407766990291,0.47013499799223546,0.5722044260856306,67.29391611290244,60.923353521068414,61.90313353310487,103,0,1,0,1.5825207810848953e-12,0.28493150684931506,0.09883478217414893,145.89270757567266,50.40899431915129
20240506,term_flat_fwd__front_scaled,term_flat_fwd,front_scaled,1320.2661194952086,17.7030904,75.60859717885612,104,False,True,8.647058823529411,58.22330097087379,0.25253944421937186,0.28655519842774385,67.29391611290244,60.87803403709448,61.856726197186674,103,0,1,0,1.5825207810848953e-12,0.28493150684931506,0.09883478217414893,145.6548418670708,16.55589569407371
20240506,term_flat_q__buckets_far,term_flat_q,buckets_far,1093.0366338952094,11.804575999999997,71.32460635507502,104,False,True,5.764705882352941,60.62135922330097,0.42796468486272293,0.5363229789776391,67.88440280176698,18.41977467645523,20.275316274174372,103,0,1,0,1.7735146684572098e-12,0.28493150684931506,0.1032941946277094,47.88511241128754,-17.088103478050293
20240506,term_flat_q__buckets_nodes,term_flat_q,buckets_nodes,828.3095618951949,14.051647999999997,105.01884035402627,104,False,True,6.754901960784314,79.36893203883496,17.848426148792107,20.56492938883007,67.88440280176698,0.2653085469795477,0.3248467060512796,103,0,1,0,1.7735146684572098e-12,0.28493150684931506,0.1032941946277094,-0.005313632898402136,-413.99237794781504
20240506,term_flat_q__buckets_spot_parallel,term_flat_q,buckets_spot_parallel,994.5032986951991,20.10591120000001,71.26719847555044,104,False,True,9.588235294117647,94.0,0.42874073093854626,0.5235583215848741,67.88440280176698,0.2768026748073252,0.33714199609187445,103,0,1,0,1.7826096154749393e-12,0.28493150684931506,0.1032941946277094,3.0959502752085295,-0.816729430275665
20240506,term_flat_q__far,term_flat_q,far,1152.9657282952,6.7394816,72.68366507361114,104,False,True,3.088235294117647,58.20388349514563,2.073591756945396,2.1848874220879435,67.88440280176698,24.27029445118846,24.540795466865124,103,0,1,0,1.7826096154749393e-12,0.28493150684931506,0.1032941946277094,60.86673733295489,80.83189831039495
20240506,term_flat_q__far_scaled,term_flat_q,far_scaled,1078.838181095206,6.963028800000001,71.32523018855701,104,False,True,3.196078431372549,60.310679611650485,0.2172098047951565,0.2617617895935787,67.88440280176698,22.566017976125288,22.827755098430693,103,0,1,0,1.7826096154749393e-12,0.28493150684931506,0.1032941946277094,56.207713175224555,-1.7132540289327167
20240506,term_flat_q__front,term_flat_q,front,1283.725749895212,17.55546,75.39280197574213,104,False,True,8.558823529411764,58.20388349514563,0.4777545674421719,0.5963261800149814,67.88440280176698,61.47349617056603,62.45655762169773,103,0,1,0,1.7826096154749393e-12,0.28493150684931506,0.1032941946277094,154.9276309509966,56.72632873024738
20240506,term_flat_q__front_scaled,term_flat_q,front_scaled,1216.697798695209,17.663411200000002,72.93341036319677,104,False,True,8.617647058823529,58.57281553398058,0.24590647239551378,0.2841882080850312,67.88440280176698,61.4262440381016,62.40692966407373,103,0,1,0,1.7826096154749393e-12,0.28493150684931506,0.1032941946277094,154.65754015215128,-5.359076748682823
20240603,term_flat_fwd__buckets_far,term_flat_fwd,buckets_far,1192.078561598387,20.830760800000014,79.0954967062562,84,False,True,11.890243902439025,130.6265060240964,0.44038353562919896,0.5423129860643908,69.47385035685143,0.3080082955995999,0.41381275717542637,83,0,1,0,1.4915713109076022e-12,0.23013698630136986,0.10109110302518219,-0.006007863979439421,14.879816184579912
20240603,term_flat_fwd__buckets_nodes,term_flat_fwd,buckets_nodes,1130.7120031983952,20.757319200000016,78.06181342499445,84,False,True,11.841463414634147,130.57831325301206,0.5013510279808708,0.6376508400320037,69.47385035685143,0.2637110556689893,0.32202285763313354,83,0,1,0,1.4915713109076022e-12,0.23013698630136986,0.10109110302518219,0.009642382250688048,-36.17534664268922
20240603,term_flat_fwd__buckets_spot_parallel,term_flat_fwd,buckets_spot_parallel,1179.3270247983955,20.91829760000002,78.93810148386397,84,False,True,11.939024390243903,130.63855421686748,0.4460263998708516,0.5428860924152832,69.47385035685143,0.26758982666359055,0.3301396572708577,83,0,1,0,1.4915713109076022e-12,0.23013698630136986,0.10109110302518219,0.08126229150609812,10.631023681260766
20240603,term_flat_fwd__far,term_flat_fwd,far,1265.8736199984057,6.6277024,77.47293961988669,84,False,True,3.902439024390244,54.51807228915663,1.8501688918105204,1.9411550113113272,69.47385035685143,32.327931719452515,32.828856510579094,83,0,1,0,1.4915713109076022e-12,0.23013698630136986,0.10109110302518219,60.263630810538885,40.90385940610344
20240603,term_flat_fwd__far_scaled,term_flat_fwd,far_scaled,1255.2823127983975,7.0430096,77.33014956176179,84,False,True,4.158536585365853,56.3855421686747,0.2357494277879192,0.27306515264061354,69.47385035685143,30.954371844885756,31.468145086656317,83,0,1,0,1.4915713109076022e-12,0.23013698630136986,0.10109110302518219,57.15160475250933,11.542686646588496
20240603,term_flat_fwd__front,term_flat_fwd,front,1305.363923198387,14.7453992,78.10905276257338,84,False,True,9.097560975609756,54.51807228915663,0.43798903169873993,0.5225223382649811,69.47385035685143,63.70665880445004,64.66769053370037,83,0,1,0,1.4915713109076022e-12,0.23013698630136986,0.10109110302518219,127.1315140639589,38.08485200359287
20240603,term_flat_fwd__front_scaled,term_flat_fwd,front_scaled,1271.7095431983932,14.935779200000004,75.978974081775,84,False,True,9.21951219512195,54.83132530120482,0.2651300547375598,0.3034429174583697,69.47385035685143,63.668058351570025,64.62737268890034,83,0,1,0,1.4915713109076022e-12,0.23013698630136986,0.10109110302518219,126.96411150769833,-0.74779313118383
20240603,term_flat_q__buckets_far,term_flat_q,buckets_far,1094.3184231983917,9.974899199999996,70.50045540895036,84,False,True,6.0,57.674698795180724,0.4659837050946269,0.5684644966881788,70.17789577988201,21.56014895942345,23.091149214194747,83,0,1,0,3.2014213502407074e-12,0.23013698630136986,0.10522041645014982,46.38299783971717,-30.72572212970485
20240603,term_flat_q__buckets_nodes,term_flat_q,buckets_nodes,1270.3921335983994,13.821188799999995,120.1015186425153,84,False,True,8.231707317073171,80.63855421686748,21.884938901568397,24.28449274559248,70.17789577988201,0.2729396797918462,0.3302093595235204,83,0,1,0,3.2014213502407074e-12,0.23013698630136986,0.10522041645014982,-0.003606224806497811,-90.53779410951242
20240603,term_flat_q__buckets_spot_parallel,term_flat_q,buckets_spot_parallel,1025.4838183984084,21.11350400000002,72.6056174378005,84,False,True,12.524390243902438,104.95180722891567,0.43257647147240136,0.548582993546967,70.17789577988201,0.2796491485969878,0.3395069503999131,83,0,1,0,3.192326403222978e-12,0.23013698630136986,0.10522041645014982,2.3407002718708196,-38.20662778830988
20240603,term_flat_q__far,term_flat_q,far,1152.7861271983948,6.659195199999999,74.10312793810722,84,False,True,3.902439024390244,54.98795180722892,1.8726522593358765,1.9553288606690566,70.17789577988201,32.575458078419985,33.07170580002592,83,0,1,0,3.2014213502407074e-12,0.23013698630136986,0.10522041645014982,67.13517043959038,38.3987342144018
20240603,term_flat_q__far_scaled,term_flat_q,far_scaled,1137.1495183983986,7.071804000000002,71.71036576857088,84,False,True,4.158536585365853,56.86746987951807,0.2557717658067018,0.291163487731946,70.17789577988201,31.20341801900424,31.69997720491231,83,0,1,0,3.2014213502407074e-12,0.23013698630136986,0.10522041645014982,63.97674734607958,-2.11191687851163
20240603,term_flat_q__front,term_flat_q,front,1197.5826631983923,14.822659199999997,75.71949531600657,84,False,True,9.121951219512194,54.98795180722892,0.4388792171830346,0.5342561785118269,70.17789577988201,64.3632964044075,65.33016587987622,83,0,1,0,3.2014213502407074e-12,0.23013698630136986,0.10522041645014982,134.83203723114545,33.39979994704381
20240603,term_flat_q__front_scaled,term_flat_q,front_scaled,1167.8915871983977,15.0497352,73.37273723346202,84,False,True,9.268292682926829,55.30120481927711,0.253510592941353,0.29454744786706777,70.17789577988201,64.32354243312511,65.28885946476606,83,0,1,0,3.2014213502407074e-12,0.23013698630136986,0.10522041645014982,134.66579683246215,-3.9713517325606045
20240701,term_flat_fwd__buckets_far,term_flat_fwd,buckets_far,864.214086480959,20.528414400000017,69.50481879553396,65,False,True,15.126984126984127,127.828125,0.44726495564697466,0.5386106877773028,62.9922068552153,0.33056780782910133,0.44995291984449615,64,0,1,0,2.610249794088304e-12,0.1780821917808219,0.10152570985489455,0.08802511944747969,33.63798431309598
20240701,term_flat_fwd__buckets_nodes,term_flat_fwd,buckets_nodes,826.4231760809615,20.55932480000002,68.5410610759697,65,False,True,15.158730158730158,127.8125,0.4583444228253123,0.5656450677760462,62.9922068552153,0.2952536316582203,0.3532246251824421,64,0,1,0,2.610249794088304e-12,0.1780821917808219,0.10152570985489455,0.04241869752805089,-12.720002951159351
20240701,term_flat_fwd__buckets_spot_parallel,term_flat_fwd,buckets_spot_parallel,845.3965728809616,20.689928000000016,68.40865096269944,65,False,True,15.253968253968255,127.859375,0.42560944469767525,0.5111887215915882,62.9922068552153,0.30096998782260376,0.35727365347750084,64,0,1,0,2.610249794088304e-12,0.1780821917808219,0.10152570985489455,0.08581863380662166,24.454858778595465
20240701,term_flat_fwd__far,term_flat_fwd,far,836.9026880809548,5.5998128,62.75376774103765,65,False,True,4.317460317460317,44.828125,1.4475371820460645,1.5533507795728083,62.9922068552153,35.144944365489266,35.95591867043315,64,0,1,0,2.610249794088304e-12,0.1780821917808219,0.10152570985489455,52.00092675374684,19.491050743248884
20240701,term_flat_fwd__far_scaled,term_flat_fwd,far_scaled,811.7492136809566,5.641287200000001,62.85048108853216,65,False,True,4.333333333333333,46.265625,0.1995319711716058,0.24438886366662804,62.9922068552153,34.19918893055776,34.99887532754887,64,0,1,0,2.610249794088304e-12,0.1780821917808219,0.10152570985489455,50.27062749835479,-22.395355042078023
20240701,term_flat_fwd__front,term_flat_fwd,front,848.436551280959,10.889949600000001,61.73200038229394,65,False,True,8.793650793650794,44.828125,0.41817502431122544,0.502798353983745,62.9922068552153,58.31467414288653,59.5543251946056,64,0,1,0,2.610249794088304e-12,0.1780821917808219,0.10152570985489455,91.14478874932138,26.204491365007286
20240701,term_flat_fwd__front_scaled,term_flat_fwd,front_scaled,830.1421104809543,10.856390399999999,61.21216204271722,65,False,True,8.761904761904763,45.125,0.23846216779928628,0.27313897612874005,62.9922068552153,58.275453968229,59.512606208028416,64,0,1,0,2.610249794088304e-12,0.1780821917808219,0.10152570985489455,91.01089838860202,-3.4767895341455826
20240701,term_flat_q__buckets_far,term_flat_q,buckets_far,722.2275528809605,7.882947999999998,58.47554496459708,65,False,True,6.174603174603175,48.390625,0.3746698096571177,0.4734640662354922,63.677713270231244,20.650468725710706,22.08286095753921,64,0,1,0,1.5279510989785194e-12,0.1780821917808219,0.10439125741053987,34.55763314777697,-14.441713630787088
20240701,term_flat_q__buckets_nodes,term_flat_q,buckets_nodes,1202.1330712809577,11.865429599999997,117.7513163394158,65,False,True,9.11111111111111,70.734375,21.204522042488136,23.596366892979944,63.677713270231244,0.25423739453197924,0.30422741265551123,64,0,1,0,1.5188561519607899e-12,0.1780821917808219,0.10439125741053987,0.130120327770947,211.14850536375056
20240701,term_flat_q__buckets_spot_parallel,term_flat_q,buckets_spot_parallel,714.5400408809533,19.234460000000016,63.317543844209226,65,False,True,14.73015873015873,97.140625,0.3773343906034902,0.4759241796998211,63.677713270231244,0.243897217089469,0.29965615647630817,64,0,1,0,1.546140993013978e-12,0.1780821917808219,0.10439125741053987,1.4032719841711934,-0.3814416126914839
20240701,term_flat_q__far,term_flat_q,far,728.615622480953,5.6308783999999985,58.08394788029456,65,False,True,4.317460317460317,45.296875,1.4810196170080268,1.5687925143700725,63.677713270231244,35.441093393518926,36.24610483942492,64,0,1,0,1.5279510989785194e-12,0.1780821917808219,0.10439125741053987,56.322811352225514,11.108547016041342
20240701,term_flat_q__far_scaled,term_flat_q,far_scaled,740.5051752809577,5.781325599999999,58.62087457283393,65,False,True,4.428571428571429,46.765625,0.2537087529877957,0.29491788056446455,63.677713270231244,34.4848964517381,35.282010886487825,64,0,1,0,1.5279510989785194e-12,0.1780821917808219,0.10439125741053987,54.609777840756706,5.990346912431398
20240701,term_flat_q__front,term_flat_q,front,744.4064544809576,10.960046400000001,58.091901510064226,65,False,True,8.825396825396826,45.296875,0.3950544462710286,0.4654321049644819,63.677713270231244,58.9492794517381,60.229986574866615,64,0,1,0,1.5279510989785194e-12,0.1780821917808219,0.10439125741053987,96.04234113321024,16.32194056900832
20240701,term_flat_q__front_scaled,term_flat_q,front_scaled,744.1197512809525,10.9667496,57.8799756736836,65,False,True,8.825396825396826,45.6875,0.27509452920085775,0.31021981355071493,63.677713270231244,58.90314668803947,60.1838680345364,64,0,1,0,1.5279510989785194e-12,0.1780821917808219,0.10439125741053987,95.93064390546576,11.011066833116118
20240801,term_flat_fwd__buckets_far,term_flat_fwd,buckets_far,681.0749978372636,10.695536000000002,54.63395437082294,60,False,True,8.051724137931034,94.67796610169492,0.33748825259395254,0.4498459740285642,45.357295094673354,0.24494743363563418,0.35463405212874377,59,0,1,0,1.7371348803862929e-12,0.1643835616438356,0.0913371241861985,-0.08203026254057696,-7.911871573512604
20240801,term_flat_fwd__buckets_nodes,term_flat_fwd,buckets_nodes,674.7636290372639,10.694904800000002,54.569395540117945,60,False,True,8.051724137931034,94.61016949152543,0.3651785440771193,0.5013095379530239,45.357295094673354,0.19237058433469653,0.2710663545595377,59,0,1,0,1.7371348803862929e-12,0.1643835616438356,0.0913371241861985,-0.01078654355942816,-13.065833561718208
20240801,term_flat_fwd__buckets_spot_parallel,term_flat_fwd,buckets_spot_parallel,687.9390706372636,10.783463200000002,54.59540029611235,60,False,True,8.120689655172415,94.67796610169492,0.3276840837826846,0.4381399866813392,45.357295094673354,0.1928870474212633,0.26915735703967975,59,0,1,0,1.7371348803862929e-12,0.1643835616438356,0.0913371241861985,-0.019190260225318827,-2.695865598427298
20240801,term_flat_fwd__far,term_flat_fwd,far,669.7462074372642,4.056326399999999,51.59450400103047,60,False,True,3.206896551724138,31.93220338983051,1.4640848882280535,1.797453009803614,45.357295094673354,14.581961955893515,17.862711623396137,59,0,1,0,1.7371348803862929e-12,0.1643835616438356,0.0913371241861985,19.652425316158265,-5.356122862335269
20240801,term_flat_fwd__far_scaled,term_flat_fwd,far_scaled,679.6656034372614,4.192930399999999,52.48760787971911,60,False,True,3.3275862068965516,33.42372881355932,0.182916818804921,0.22955078267145462,45.357295094673354,13.159106392392237,16.081960152726612,59,0,1,0,1.7371348803862929e-12,0.1643835616438356,0.0913371241861985,17.50690226326007,-9.598802263031104
20240801,term_flat_fwd__front,term_flat_fwd,front,680.7648890372628,8.205644800000002,52.03313299835075,60,False,True,6.724137931034483,31.93220338983051,0.23329339119458925,0.2904108359884423,45.357295094673354,41.95395551538383,51.36316106576891,59,0,1,0,1.7371348803862929e-12,0.1643835616438356,0.0913371241861985,59.90709689818138,13.973840028949335
20240801,term_flat_fwd__front_scaled,term_flat_fwd,front_scaled,693.7457442372587,8.352789600000001,52.230173294069935,60,False,True,6.862068965517241,32.016949152542374,0.2185974006267241,0.26407924313412,45.357295094673354,41.94715348334296,51.35431653444679,59,0,1,0,1.7371348803862929e-12,0.1643835616438356,0.0913371241861985,59.8930038034277,23.343343072264243
20240801,term_flat_q__buckets_far,term_flat_q,buckets_far,572.3167474372608,4.5817863999999995,47.492435362307816,60,False,True,3.586206896551724,33.52542372881356,0.3391195601099127,0.4563497158882255,45.505911303310555,15.122959223574256,18.500338012515346,59,0,1,0,9.049472282640636e-13,0.1643835616438356,0.09090188957335264,21.76391951648494,-1.4604954059707669
20240801,term_flat_q__buckets_nodes,term_flat_q,buckets_nodes,1169.1744466372638,6.4440872,96.66848105536133,60,False,True,5.086206896551724,49.101694915254235,14.851863944067427,18.333444591577077,45.505911303310555,0.21716874434268482,0.2782655450493332,59,0,1,0,9.094947017729282e-13,0.1643835616438356,0.09090188957335264,0.042707038739977485,383.34033099905446
20240801,term_flat_q__buckets_spot_parallel,term_flat_q,buckets_spot_parallel,567.8571794372634,9.921354400000004,48.74874935364869,60,False,True,8.137931034482758,66.86440677966101,0.38111160974772446,0.4776230214567796,45.505911303310555,0.23568283762711564,0.298070502596276,59,0,1,0,9.094947017729282e-13,0.1643835616438356,0.09090188957335264,-0.23975084807833505,-10.293783091721544
20240801,term_flat_q__far,term_flat_q,far,561.5783538372555,4.0081799999999985,46.56374332989624,60,False,True,3.1724137931034484,31.966101694915253,1.4993719114594843,1.8652602461489407,45.505911303310555,14.636857110199614,17.952295019564954,59,0,1,0,9.094947017729282e-13,0.1643835616438356,0.09090188957335264,21.02371238019542,-1.778254808089641
20240801,term_flat_q__far_scaled,term_flat_q,far_scaled,557.8813146372634,4.113219199999999,46.85212144301997,60,False,True,3.2413793103448274,33.559322033898304,0.17992768985492366,0.2264492706040697,45.505911303310555,13.138492483313147,16.057959809166743,59,0,1,0,9.094947017729282e-13,0.1643835616438356,0.09090188957335264,18.732990318399732,-19.295026107934756
20240801,term_flat_q__front,term_flat_q,front,575.8172058372612,8.193328000000001,47.92496028823769,60,False,True,6.724137931034483,31.966101694915253,0.28148834158166597,0.3761130404330348,45.505911303310555,42.1021307711536,51.61125276095734,59,0,1,0,9.094947017729282e-13,0.1643835616438356,0.09090188957335264,61.381515998396665,14.058031270947913
20240801,term_flat_q__front_scaled,term_flat_q,front_scaled,585.0523442372597,8.230189600000001,47.93599632385995,60,False,True,6.758620689655173,32.13559322033898,0.2074355644628023,0.2609082912695744,45.505911303310555,42.08039175652625,51.58398519486656,59,0,1,0,9.094947017729282e-13,0.1643835616438356,0.09090188957335264,61.34182770350618,19.670405341812923
20240902,term_flat_fwd__buckets_far,term_flat_fwd,buckets_far,450.8338637379697,8.093399200000002,37.516251181551716,59,False,True,5.298245614035087,39.58620689655172,0.2729945013712724,0.39072794688251083,15.975876622590555,0.19805764136445814,0.2711030698589757,58,0,1,0,1.5203997782986536e-13,0.16164383561643836,0.08884108971205301,-0.01928185651032879,-8.658583174439086
20240902,term_flat_fwd__buckets_nodes,term_flat_fwd,buckets_nodes,450.8338637379697,8.093399200000002,37.516251181551716,59,False,True,5.298245614035087,39.58620689655172,0.2729945013712724,0.39072794688251083,15.975876622590555,0.19805764136445814,0.2711030698589757,58,0,1,0,1.5203997782986536e-13,0.16164383561643836,0.08884108971205301,-0.01928185651032879,-8.658583174439086
20240902,term_flat_fwd__buckets_spot_parallel,term_flat_fwd,buckets_spot_parallel,450.8338637379697,8.093399200000002,37.516251181551716,59,False,True,5.298245614035087,39.58620689655172,0.2729945013712724,0.39072794688251083,15.975876622590555,0.19805764136445814,0.2711030698589757,58,0,1,0,1.5203997782986536e-13,0.16164383561643836,0.08884108971205301,-0.01928185651032879,-8.658583174439086
20240902,term_flat_fwd__far,term_flat_fwd,far,400.63650613796887,2.1227568000000003,33.832904737168455,59,False,True,1.4210526315789473,10.362068965517242,0.5112203998459759,0.8394400753920807,15.975876622590555,6.708755460486526,12.29042951366492,58,0,1,0,1.5203997782986536e-13,0.16164383561643836,0.08884108971205301,9.320955815551866,-30.90812245809495
20240902,term_flat_fwd__far_scaled,term_flat_fwd,far_scaled,430.6500437379668,2.2372191999999997,35.28146382607299,59,False,True,1.5087719298245614,10.810344827586206,0.15392802309649897,0.21791653653665832,15.975876622590555,6.310649518115247,11.557574472531016,58,0,1,0,1.5203997782986536e-13,0.16164383561643836,0.08884108971205301,8.735267214248402,-10.739436827080864
20240902,term_flat_fwd__front,term_flat_fwd,front,399.99953413796385,3.9037288,33.210189324969875,59,False,True,2.9298245614035086,10.362068965517242,0.15134877264231397,0.22774286942185612,15.975876622590555,15.051854610309023,27.243767716418844,58,0,1,0,1.5203997782986536e-13,0.16164383561643836,0.08884108971205301,21.487315383075305,-6.962553755771182
20240902,term_flat_fwd__front_scaled,term_flat_fwd,front_scaled,409.1872309379643,3.940032,33.39598854186076,59,False,True,2.9649122807017543,10.39655172413793,0.14529770977889434,0.21416936892945268,15.975876622590555,15.047418940965615,27.23518846288116,58,0,1,0,1.5203997782986536e-13,0.16164383561643836,0.08884108971205301,21.479008268661445,0.15353926885159058
20240902,term_flat_q__buckets_far,term_flat_q,buckets_far,360.85134533796906,2.7159176,31.293492335473186,59,False,True,1.9298245614035088,11.189655172413794,0.2907087166969861,0.4210370701674112,15.97939445566145,6.521045951173966,11.713214762968851,58,0,1,0,3.991048463936054e-13,0.16164383561643836,0.0866016141168513,9.172346347024147,-11.246645668426675
20240902,term_flat_q__buckets_nodes,term_flat_q,buckets_nodes,1021.4748261379663,4.1964368,73.95548571323391,59,False,True,2.9298245614035086,18.379310344827587,6.922747765743335,12.466930204848095,15.97939445566145,0.18242265604451013,0.2707411973789785,58,0,1,0,3.991048463936054e-13,0.16164383561643836,0.0866016141168513,0.087184014810958,498.87631855836605
20240902,term_flat_q__buckets_spot_parallel,term_flat_q,buckets_spot_parallel,357.4899269379741,7.141335999999998,32.700586417359304,59,False,True,5.280701754385965,26.67241379310345,0.3158901499781095,0.47344440374639096,15.97939445566145,0.18539966574930433,0.27519298617721877,58,0,1,0,3.991048463936054e-13,0.16164383561643836,0.0866016141168513,-0.2163176815211289,-34.43252662600132
20240902,term_flat_q__far,term_flat_q,far,340.7840637379683,2.1591992,29.00796800332728,59,False,True,1.456140350877193,10.344827586206897,0.5460100509205671,0.9000109504555296,15.97939445566145,6.7378004124321835,12.370025653126298,58,0,1,0,3.991048463936054e-13,0.16164383561643836,0.0866016141168513,9.54303895340853,-13.255192749709039
20240902,term_flat_q__far_scaled,term_flat_q,far_scaled,376.40472773796625,2.2665352000000003,31.15990170548905,59,False,True,1.5263157894736843,10.844827586206897,0.16860787503034785,0.23118285608827377,15.97939445566145,6.288997676485089,11.529999024328925,58,0,1,0,3.991048463936054e-13,0.16164383561643836,0.0866016141168513,8.898473653422739,10.800176279437455
20240902,term_flat_q__front,term_flat_q,front,340.05832613796275,3.9409368000000007,28.62580771002555,59,False,True,2.9649122807017543,10.344827586206897,0.17997006903319737,0.2501775500387775,15.97939445566145,15.057368267659559,27.36156228864392,58,0,1,0,3.991048463936054e-13,0.16164383561643836,0.0866016141168513,21.696528728902027,8.955705175221485
20240902,term_flat_q__front_scaled,term_flat_q,front_scaled,343.7596581379674,3.9756048,28.83120984247555,59,False,True,3.0,10.39655172413793,0.17569299218811207,0.2415204608052234,15.97939445566145,15.052506572808356,27.35170689192473,58,0,1,0,3.991048463936054e-13,0.16164383561643836,0.0866016141168513,21.687766716286283,11.875492271780839
20241008,term_flat_fwd__buckets_far,term_flat_fwd,buckets_far,-187.57546924346468,27.605544,51.09783692923673,103,False,True,10.811881188118813,63.049019607843135,0.42205529863872093,0.5450107619606606,43.67515561286372,1.3465914204536482,2.611714660395953,102,0,1,0,9.458744898438454e-13,0.2821917808219178,0.10010343262345052,2.8646294653479356,40.19809449658129
20241008,term_flat_fwd__buckets_nodes,term_flat_fwd,buckets_nodes,-150.3489132434641,27.378988000000003,51.56585914041632,103,False,True,10.712871287128714,63.65686274509804,1.09352886215137,1.9440043349567044,43.67515561286372,0.35549485767288397,0.44422008365603743,102,0,1,0,9.458744898438454e-13,0.2821917808219178,0.10010343262345052,-0.2221240826771517,104.7259938240082
20241008,term_flat_fwd__buckets_spot_parallel,term_flat_fwd,buckets_spot_parallel,-235.90148284346301,27.987557600000013,50.930536040374704,103,False,True,10.950495049504951,64.59803921568627,0.4578969231576479,0.5809790167186861,43.67515561286372,0.38380592194785595,0.4733361402632135,102,0,1,0,9.458744898438454e-13,0.2821917808219178,0.10010343262345052,0.0030601212475024134,19.95366102557589
20241008,term_flat_fwd__far,term_flat_fwd,far,-137.3216356434522,8.8077104,51.296160926317505,103,False,True,3.4158415841584158,26.333333333333332,0.5066079303263487,0.6044404661522854,43.67515561286372,26.570973935721614,28.174725474628794,102,0,1,0,9.458744898438454e-13,0.2821917808219178,0.10010343262345052,64.30938972379556,-4.0922474325163725
20241008,term_flat_fwd__far_scaled,term_flat_fwd,far_scaled,-121.00204124345701,9.136116,50.9320520058665,103,False,True,3.5445544554455446,26.80392156862745,0.2795726221771272,0.3134157112420102,43.67515561286372,26.228365084794945,27.835012740430813,102,0,1,0,9.458744898438454e-13,0.2821917808219178,0.10010343262345052,63.62854393145755,7.4332931462174745
20241008,term_flat_fwd__front,term_flat_fwd,front,-92.34090604345835,15.634980800000001,49.62182205367743,103,False,True,6.128712871287129,26.333333333333332,0.2355324161824265,0.2986536330128776,43.67515561286372,40.011086328952885,42.45837582793416,102,0,1,0,9.458744898438454e-13,0.2821917808219178,0.10010343262345052,90.11741806697401,5.419656383615196
20241008,term_flat_fwd__front_scaled,term_flat_fwd,front_scaled,-81.60793724345871,15.822011999999997,49.43344839100337,103,False,True,6.207920792079208,26.431372549019606,0.21111482389742853,0.25494044929752113,43.67515561286372,39.99262680491313,42.438139243848426,102,0,1,0,9.458744898438454e-13,0.2821917808219178,0.10010343262345052,90.06573016348466,14.902852208518848
20241008,term_flat_q__buckets_far,term_flat_q,buckets_far,-185.11968124345518,14.181755999999996,48.620224279344825,103,False,True,5.732673267326732,31.92156862745098,0.41607220120008614,0.5162852796785071,43.584579360247,13.143299731998646,15.378323931851558,102,0,1,0,9.23137122299522e-13,0.2821917808219178,0.09881064611131618,27.178672129611886,-5.27447290404042
20241008,term_flat_q__buckets_nodes,term_flat_q,buckets_nodes,-56.29394364345833,18.460018399999996,96.77946008278501,103,False,True,7.376237623762377,42.77450980392157,10.989972722358903,14.193552444841828,43.584579360247,0.34821873990952046,0.4244126146567597,102,0,1,0,9.276845958083868e-13,0.2821917808219178,0.09881064611131618,-0.015237361922980301,114.46629956744374
20241008,term_flat_q__buckets_spot_parallel,term_flat_q,buckets_spot_parallel,-190.29875724345908,26.95283199999999,50.472509812890706,103,False,True,10.782178217821782,54.931372549019606,0.5006903208293884,0.5946494326759283,43.584579360247,0.40207312938736306,0.4777329297071173,102,0,1,0,9.23137122299522e-13,0.2821917808219178,0.09881064611131618,0.04090214729731259,23.586908213602452
20241008,term_flat_q__far,term_flat_q,far,-133.66130524345928,8.94738,49.13349271189503,103,False,True,3.4752475247524752,26.19607843137255,0.5043482331671704,0.5857820329434894,43.584579360247,26.559215039000698,28.145482880143675,102,0,1,0,9.276845958083868e-13,0.2821917808219178,0.09881064611131618,62.69208828244965,-8.279824006044107
20241008,term_flat_q__far_scaled,term_flat_q,far_scaled,-105.08223564345516,9.176310399999997,48.89870786086926,103,False,True,3.5742574257425743,26.69607843137255,0.272404213297342,0.3045456100982206,43.584579360247,26.23129539785109,27.825475663055304,102,0,1,0,9.276845958083868e-13,0.2821917808219178,0.09881064611131618,61.998772598873614,14.95212072355013
20241008,term_flat_q__front,term_flat_q,front,-90.32867324346002,15.726748000000002,48.85374354805958,103,False,True,6.1683168316831685,26.19607843137255,0.26580830302167824,0.3203165955136679,43.584579360247,39.9348854488852,42.359147646270394,102,0,1,0,9.276845958083868e-13,0.2821917808219178,0.09881064611131618,88.38179867767398,1.3162439392761958
20241008,term_flat_q__front_scaled,term_flat_q,front_scaled,-77.35513244346132,15.777207200000007,48.70371398373103,103,False,True,6.188118811881188,26.264705882352942,0.23996078440640647,0.27745418985903325,43.584579360247,39.921719799677575,42.3474551223132,102,0,1,0,9.276845958083868e-13,0.2821917808219178,0.09881064611131618,88.33352267646002,12.370438712134755
20241101,term_flat_fwd__buckets_far,term_flat_fwd,buckets_far,-499.6256971805139,19.229331199999994,48.92388811300807,80,False,True,9.64102564102564,55.53164556962025,0.36877424036728046,0.4518412980818003,34.875550945220915,1.6599412750046967,3.6272567432620786,79,0,1,0,1.5415935195051134e-12,0.2191780821917808,0.10295537205543001,2.8189792661525326,19.31704414597591
20241101,term_flat_fwd__buckets_nodes,term_flat_fwd,buckets_nodes,-446.39544358051666,19.04707759999999,50.383749522149,80,False,True,9.538461538461538,56.20253164556962,1.331167223279425,2.6446803992519192,34.875550945220915,0.32588211951273854,0.4045692191073746,79,0,1,0,1.5415935195051134e-12,0.2191780821917808,0.10295537205543001,-0.16332664940523905,88.86636697001421
20241101,term_flat_fwd__buckets_spot_parallel,term_flat_fwd,buckets_spot_parallel,-498.76650598051816,20.474139999999995,49.12825668207615,80,False,True,10.282051282051283,57.53164556962025,0.39787720661200937,0.502977075706155,34.875550945220915,0.35567370248928337,0.42488921656345136,79,0,1,0,1.5415935195051134e-12,0.2191780821917808,0.10295537205543001,0.01538582800760277,25.955265693688364
20241101,term_flat_fwd__far,term_flat_fwd,far,-531.2498931805177,6.957527200000001,48.743793997144195,80,False,True,3.4615384615384617,19.21518987341772,0.7246323632353433,0.877420617360094,34.875550945220915,15.022958015794863,16.497902197680403,79,0,1,0,1.5415935195051134e-12,0.2191780821917808,0.10295537205543001,29.058465594973356,-34.56573239968453
20241101,term_flat_fwd__far_scaled,term_flat_fwd,far_scaled,-481.31824358051585,7.281877600000001,49.38164670822576,80,False,True,3.628205128205128,19.949367088607595,0.24152495295383958,0.27638253454202016,34.875550945220915,14.235895204627882,15.772315827581297,79,0,1,0,1.5415935195051134e-12,0.2191780821917808,0.10295537205543001,27.6484732760642,7.680943956835861
20241101,term_flat_fwd__front,term_flat_fwd,front,-503.0415107805181,11.261144800000002,48.94129450212649,80,False,True,5.589743589743589,19.21518987341772,0.2607014130211862,0.31614521678605023,34.875550945220915,32.510770255087394,35.68500914702777,79,0,1,0,1.5415935195051134e-12,0.2191780821917808,0.10295537205543001,60.12003089019018,-17.27809326164338
20241101,term_flat_fwd__front_scaled,term_flat_fwd,front_scaled,-495.6307859805158,11.402420000000001,48.92182865065861,80,False,True,5.641025641025641,19.329113924050635,0.23824298225349202,0.2787025953155124,34.875550945220915,32.500364489871515,35.66966891160979,79,0,1,0,1.5415935195051134e-12,0.2191780821917808,0.10295537205543001,60.093662594368446,-12.325779904302196
20241101,term_flat_q__buckets_far,term_flat_q,buckets_far,-509.9121811805148,10.643815200000004,47.117749684769166,80,False,True,5.423076923076923,25.27848101265823,0.4274316197750104,0.5350370881962565,34.78253991940655,12.381302961846222,13.537707888226246,79,0,1,0,1.2437340046744793e-12,0.2191780821917808,0.10193419381159159,20.27903998833863,8.71268940167798
20241101,term_flat_q__buckets_nodes,term_flat_q,buckets_nodes,-237.6228403805177,12.9784744,75.52398945644106,80,False,True,6.589743589743589,34.08860759493671,9.849248323814606,11.552183998233739,34.78253991940655,0.3581622513027324,0.4486592149024737,79,0,1,0,1.2437340046744793e-12,0.2191780821917808,0.10193419381159159,-0.04003692068598604,229.4244847467816
20241101,term_flat_q__buckets_spot_parallel,term_flat_q,buckets_spot_parallel,-512.9900715805118,18.673705600000016,47.35378832728915,80,False,True,9.538461538461538,45.734177215189874,0.47810858456442623,0.5901314143782581,34.78253991940655,0.4038671007487186,0.47475432127484024,79,0,1,0,1.2437340046744793e-12,0.2191780821917808,0.10193419381159159,0.06369756298159107,17.890948098245914
20241101,term_flat_q__far,term_flat_q,far,-520.0848827805191,6.952516800000002,46.89595046695975,80,False,True,3.4615384615384617,19.0126582278481,0.7791943795887103,0.9094145856633926,34.78253991940655,15.143958356722313,16.594181353894864,79,0,1,0,1.2460077414289118e-12,0.2191780821917808,0.10193419381159159,28.349352916640836,-18.3377352389732
20241101,term_flat_q__far_scaled,term_flat_q,far_scaled,-497.1410683805143,7.144702400000001,47.2102043212938,80,False,True,3.551282051282051,19.759493670886076,0.2450543366623764,0.28099179283179976,34.78253991940655,14.335741542434125,15.853407205730337,79,0,1,0,1.2460077414289118e-12,0.2191780821917808,0.10193419381159159,26.91751104083218,-1.8910487082552183
20241101,term_flat_q__front,term_flat_q,front,-492.10070198051835,11.256336,47.431044513169134,80,False,True,5.589743589743589,19.0126582278481,0.2504386084573816,0.3152175785267487,34.78253991940655,32.44924423291444,35.61704844009735,79,0,1,0,1.2460077414289118e-12,0.2191780821917808,0.10193419381159159,59.09424017768926,-0.8819721225788191
20241101,term_flat_q__front_scaled,term_flat_q,front_scaled,-504.0864411805169,11.210075200000002,47.30878484800053,80,False,True,5.564102564102564,19.11392405063291,0.22826025708768535,0.27815439222401883,34.78253991940655,32.43866115540447,35.60285543533048,79,0,1,0,1.2460077414289118e-12,0.2191780821917808,0.10193419381159159,59.07324895953374,-14.934339782752946
20241202,term_flat_fwd__buckets_far,term_flat_fwd,buckets_far,-602.5432666989896,41.92789359999995,90.21892895268493,164,False,True,10.462962962962964,73.61349693251533,0.4154645224534067,0.5257189971782459,48.42992067833693,3.9056390286850737,7.354977260257237,163,0,1,0,2.103206497849897e-12,0.44931506849315067,0.1360990911824001,20.435887919648234,-23.889245498872206
20241202,term_flat_fwd__buckets_nodes,term_flat_fwd,buckets_nodes,-632.9134666989825,38.23409359999995,91.75259730356119,164,False,True,9.512345679012345,74.9079754601227,2.8728153832724135,5.044635164195869,48.42992067833693,0.3401591550402684,0.4213284593046034,163,0,1,0,2.103206497849897e-12,0.44931506849315067,0.1360990911824001,0.0030086882030906786,-154.08146710579229
20241202,term_flat_fwd__buckets_spot_parallel,term_flat_fwd,buckets_spot_parallel,-654.8170946989959,41.98572159999997,90.20839035164197,164,False,True,10.425925925925926,78.34969325153374,0.4273350941282664,0.5303275248493518,48.42992067833693,0.3435330332217444,0.41521118894034864,163,0,1,0,2.103206497849897e-12,0.44931506849315067,0.1360990911824001,1.0630170235977963,-21.93248989546119
20241202,term_flat_fwd__far,term_flat_fwd,far,-392.8266914989892,21.483318399999998,90.25464181211353,164,False,True,5.3580246913580245,28.503067484662576,0.9902858008639699,1.237336341408121,48.42992067833693,32.675424963260596,35.57538577974346,163,0,1,0,2.106617102981545e-12,0.44931506849315067,0.1360990911824001,172.4895619887796,-86.83655951599036
20241202,term_flat_fwd__far_scaled,term_flat_fwd,far_scaled,-270.97317069899367,22.581797599999998,90.53092573537643,164,False,True,5.672839506172839,29.50920245398773,0.23569802722705857,0.2717151027760547,48.42992067833693,32.123243003348776,35.097749411655116,163,0,1,0,2.106617102981545e-12,0.44931506849315067,0.1360990911824001,169.11134795809295,12.857954595497844
20241202,term_flat_fwd__front,term_flat_fwd,front,-222.56712749899333,31.02375440000002,91.18849002798635,164,False,True,7.530864197530864,28.503067484662576,0.4031869818132122,0.505475408281825,48.42992067833693,45.036460093077665,49.581576456387026,163,0,1,0,2.106617102981545e-12,0.44931506849315067,0.1360990911824001,232.20587349250388,-42.51459054765592
20241202,term_flat_fwd__front_scaled,term_flat_fwd,front_scaled,-173.90822429899032,31.476851200000013,91.2194737846345,164,False,True,7.666666666666667,28.822085889570552,0.261777553387457,0.2989374544172462,48.42992067833693,44.99686339016145,49.53323571206356,163,0,1,0,2.106617102981545e-12,0.44931506849315067,0.1360990911824001,231.83505900743188,-4.846408286194425
20241202,term_flat_q__buckets_far,term_flat_q,buckets_far,-538.7653050989956,31.813932000000012,87.3283206550552,164,False,True,8.104938271604938,47.5521472392638,0.40815133350448635,0.5103616636803618,48.73003490230206,13.838721473277042,16.94977104140544,163,0,1,0,2.2373569663614034e-12,0.44931506849315067,0.13751749240165456,62.08321718579455,0.6663011661030585
20241202,term_flat_q__buckets_nodes,term_flat_q,buckets_nodes,-425.5816522989922,32.870279200000006,97.46000049763488,164,False,True,8.351851851851851,57.00613496932515,11.295223085754948,14.594182935613805,48.73003490230206,0.32047734532978916,0.39276800312045246,163,0,1,0,2.232809492852539e-12,0.44931506849315067,0.13751749240165456,-0.2630880383601055,-34.06124582323422
20241202,term_flat_q__buckets_spot_parallel,term_flat_q,buckets_spot_parallel,-632.815377099,42.360003999999996,87.38629442774496,164,False,True,10.703703703703704,70.56441717791411,0.4898130169758994,0.5967038369972129,48.73003490230206,0.3678640233827917,0.45065925135598095,163,0,1,0,2.22371454583481e-12,0.44931506849315067,0.13751749240165456,1.973719610566668,22.143015867657354
20241202,term_flat_q__far,term_flat_q,far,-346.8728082989836,21.689435199999995,87.11730283215472,164,False,True,5.419753086419753,28.803680981595093,0.948918593572612,1.2229428848912756,48.73003490230206,32.83682501241665,35.802202031756515,163,0,1,0,2.2282620193436743e-12,0.44931506849315067,0.13751749240165456,176.1274352879185,-60.02390258468141
20241202,term_flat_q__far_scaled,term_flat_q,far_scaled,-261.19666269899074,22.253289599999995,86.07338679090716,164,False,True,5.58641975308642,29.779141104294478,0.23568543833819225,0.27291472839659175,48.73003490230206,32.25186528255715,35.29984796679158,163,0,1,0,2.2282620193436743e-12,0.44931506849315067,0.13751749240165456,172.65888345242666,-0.3294994976115718
20241202,term_flat_q__front,term_flat_q,front,-174.6735650989963,31.330192000000007,89.51448377301536,164,False,True,7.617283950617284,28.803680981595093,0.3678232707960974,0.4978197002311988,48.73003490230206,45.28958244343997,49.81102490102488,163,0,1,0,2.2282620193436743e-12,0.44931506849315067,0.13751749240165456,236.55346377316397,-14.97044263477897
20241202,term_flat_q__front_scaled,term_flat_q,front_scaled,-126.66494429899146,31.865571200000016,89.70341612973802,164,False,True,7.753086419753086,29.067484662576685,0.23332439258877072,0.2743440887568814,48.73003490230206,45.252897819858156,49.76666499775824,163,0,1,0,2.2282620193436743e-12,0.44931506849315067,0.13751749240165456,236.1927315275051,14.979401624048613
20250102,term_flat_fwd__buckets_far,term_flat_fwd,buckets_far,-267.97295766336316,14.145915200000003,33.11665739033806,59,False,True,8.596491228070175,49.41379310344828,0.4312265128161369,0.5285379532807016,24.716309068096912,0.6517649879857854,1.10111840645214,58,0,1,0,6.639311322942376e-13,0.16164383561643836,0.11928032587151363,0.7095385006760828,16.42428366261617
20250102,term_flat_fwd__buckets_nodes,term_flat_fwd,buckets_nodes,-282.9011128633632,14.1940704,33.11136739675394,59,False,True,8.631578947368421,49.5,0.628164419224796,0.9768097344160184,24.716309068096912,0.3304348702794354,0.40388432662464285,58,0,1,0,6.639311322942376e-13,0.16164383561643836,0.11928032587151363,0.008992377539522173,-1.0665513929601744
20250102,term_flat_fwd__buckets_spot_parallel,term_flat_fwd,buckets_spot_parallel,-269.788153663363,14.289111200000002,33.16151385715234,59,False,True,8.701754385964913,49.827586206896555,0.4059275607802925,0.5037235339830284,24.716309068096912,0.3376728393767945,0.41135529394801157,58,0,1,0,6.639311322942376e-13,0.16164383561643836,0.11928032587151363,0.055043769710633725,16.450166550656945
20250102,term_flat_fwd__far,term_flat_fwd,far,-266.9658144633623,3.1947719999999995,34.3363214659463,59,False,True,1.894736842105263,10.844827586206897,0.5092337920162057,0.6588158258209428,24.716309068096912,15.121129780425674,18.457158399776983,58,0,1,0,6.59383658785373e-13,0.16164383561643836,0.11928032587151363,22.551202374462846,-0.35143092765880296
20250102,term_flat_fwd__far_scaled,term_flat_fwd,far_scaled,-256.6407384633607,3.149696,34.10732804742131,59,False,True,1.8421052631578947,11.258620689655173,0.26992704804409945,0.2966521178295994,24.716309068096912,14.732623475276878,17.889388615898042,58,0,1,0,6.59383658785373e-13,0.16164383561643836,0.11928032587151363,21.99963337037146,7.711413592943112
20250102,term_flat_fwd__front,term_flat_fwd,front,-270.3591992633629,5.1241568000000015,34.41329554269846,59,False,True,3.2280701754385963,10.844827586206897,0.27398167426462633,0.3143113511249842,24.716309068096912,23.325031970317028,31.64036182427675,58,0,1,0,6.59383658785373e-13,0.16164383561643836,0.11928032587151363,34.123026820298136,9.765072116990622
20250102,term_flat_fwd__front_scaled,term_flat_fwd,front_scaled,-268.21628726336274,5.1252448,34.29743127271025,59,False,True,3.2280701754385963,10.89655172413793,0.27102746780716575,0.3096099922768446,24.716309068096912,23.321311875843723,31.63615134703392,58,0,1,0,6.59383658785373e-13,0.16164383561643836,0.11928032587151363,34.10746676175573,10.51469981546368
20250102,term_flat_q__buckets_far,term_flat_q,buckets_far,-294.19503286336095,5.615990400000001,32.025789198460245,59,False,True,3.6666666666666665,18.413793103448278,0.39343933765230993,0.4903908323816034,24.752987480418685,8.808196059945447,14.036013557865616,58,0,1,0,2.1827872842550277e-12,0.16164383561643836,0.12156670461972145,12.624985168958247,2.510674003038371
20250102,term_flat_q__buckets_nodes,term_flat_q,buckets_nodes,21.12247113663536,7.866486400000002,72.23053372675521,59,False,True,4.964912280701754,26.344827586206897,8.002329632084699,13.521511670681706,24.752987480418685,0.30425092636448303,0.38593373363189926,58,0,1,0,2.1873347577638922e-12,0.16164383561643836,0.12156670461972145,-0.11413597125710495,258.1209131294932
20250102,term_flat_q__buckets_spot_parallel,term_flat_q,buckets_spot_parallel,-288.366343263367,13.035300800000002,32.344713302458324,59,False,True,8.385964912280702,36.793103448275865,0.46587935328570607,0.5732865459503849,24.752987480418685,0.33273887602154534,0.40605471070761157,58,0,1,0,2.178239810746163e-12,0.16164383561643836,0.12156670461972145,-0.27850313320744574,1.4223131584732134
20250102,term_flat_q__far,term_flat_q,far,-295.2650344633637,3.005991999999999,31.2225132174928,59,False,True,1.7543859649122806,10.758620689655173,0.504838487724529,0.6790260000434774,24.752987480418685,15.118956032142822,18.456110811296302,58,0,1,0,2.1827872842550277e-12,0.16164383561643836,0.12156670461972145,22.178546107302104,-24.401486679968325
20250102,term_flat_q__far_scaled,term_flat_q,far_scaled,-265.649468863359,3.238426399999999,31.79425543693663,59,False,True,1.912280701754386,11.155172413793103,0.2623620084455104,0.2947739217211154,24.752987480418685,14.774951935780047,17.92852049359474,58,0,1,0,2.1827872842550277e-12,0.16164383561643836,0.12156670461972145,21.698197837151728,0.1402352415686348
20250102,term_flat_q__front,term_flat_q,front,-297.52953126336337,4.8784887999999995,31.664450097130008,59,False,True,3.087719298245614,10.758620689655173,0.26722991782276734,0.30933716031317554,24.752987480418685,23.355015928222176,31.545032031532088,58,0,1,0,2.1827872842550277e-12,0.16164383561643836,0.12156670461972145,33.8390185845381,-15.006945507270105
20250102,term_flat_q__front_scaled,term_flat_q,front_scaled,-279.0658544633622,4.926812,32.1799057821205,59,False,True,3.1578947368421053,10.810344827586206,0.2613799182704296,0.2997897883104063,24.752987480418685,23.343854983489063,31.526775692495217,58,0,1,0,2.1827872842550277e-12,0.16164383561643836,0.12156670461972145,33.825923117479775,0.9237943409882122
20250205,term_flat_fwd__buckets_far,term_flat_fwd,buckets_far,253.6870595968015,18.0471224,72.41653950455286,61,False,True,12.016949152542374,61.733333333333334,0.3988418370363202,0.47119831400373635,33.306835059567064,0.9794721823364568,1.9053641901485596,60,0,1,0,1.014086592476815e-12,0.16712328767123288,0.1322318735202704,1.5979742082964767,-3.1060487485253128
20250205,term_flat_fwd__buckets_nodes,term_flat_fwd,buckets_nodes,299.1170307967929,18.1851512,73.19507568174882,61,False,True,12.11864406779661,62.21666666666667,0.8560877845692113,1.4160828955097808,33.306835059567064,0.36012441861157374,0.4289580962517648,60,0,1,0,1.014086592476815e-12,0.16712328767123288,0.1322318735202704,0.19244122206610598,6.956551336726735
20250205,term_flat_fwd__buckets_spot_parallel,term_flat_fwd,buckets_spot_parallel,255.25417239679723,18.520009599999995,72.4705786211068,61,False,True,12.35593220338983,62.86666666666667,0.408843969564045,0.49879524673020825,33.306835059567064,0.3477388963872209,0.42897467838338493,60,0,1,0,1.0163603292312472e-12,0.16712328767123288,0.1322318735202704,0.3202647243224208,1.0955963539706417
20250205,term_flat_fwd__far,term_flat_fwd,far,239.5791651968013,5.2910167999999995,71.88372707236324,61,False,True,3.542372881355932,13.95,0.809097247948454,1.0748645511756374,33.306835059567064,17.657809134452908,19.338001765346554,60,0,1,0,1.0163603292312472e-12,0.16712328767123288,0.1322318735202704,32.56005050918452,-83.67553003707475
20250205,term_flat_fwd__far_scaled,term_flat_fwd,far_scaled,327.803433196798,5.554748799999999,72.67691876830547,61,False,True,3.7288135593220337,14.75,0.2232226092784206,0.2553805171255077,33.306835059567064,16.77494124038898,18.381433175789784,60,0,1,0,1.0163603292312472e-12,0.16712328767123288,0.1322318735202704,30.646758388229344,0.677164652631666
20250205,term_flat_fwd__front,term_flat_fwd,front,420.78166359679994,7.7285184000000005,73.44967769856527,61,False,True,4.864406779661017,13.95,0.29609904981768603,0.3723433285371037,33.306835059567064,31.61695928239811,35.05839948214613,60,0,1,0,1.0163603292312472e-12,0.16712328767123288,0.1322318735202704,59.811273799535854,-28.027121321389583
20250205,term_flat_fwd__front_scaled,term_flat_fwd,front_scaled,443.09336679679797,7.7288152,73.80439819441219,61,False,True,4.898305084745763,14.083333333333334,0.23275305902202492,0.27146740279040016,33.306835059567064,31.596545002946055,35.0359936700849,60,0,1,0,1.0163603292312472e-12,0.16712328767123288,0.1322318735202704,59.71909430082301,-15.969287329011737
20250205,term_flat_q__buckets_far,term_flat_q,buckets_far,342.5018747967992,8.392307200000005,69.97862302432026,61,False,True,5.762711864406779,24.616666666666667,0.42903915673350806,0.5218381564438408,34.127227669764515,11.192321229581864,13.200857473033146,60,0,1,0,1.0004441719502211e-12,0.16712328767123288,0.13865640448755512,23.728906088591266,-3.7159615733330322
20250205,term_flat_q__buckets_nodes,term_flat_q,buckets_nodes,797.2781459967956,11.432036,76.3712490979904,61,False,True,7.864406779661017,34.4,9.286910212736496,11.975060443059538,34.127227669764515,0.3424944434714553,0.42499404227081206,60,0,1,0,1.0004441719502211e-12,0.16712328767123288,0.13865640448755512,-0.0282573857122443,508.3814878721468
20250205,term_flat_q__buckets_spot_parallel,term_flat_q,buckets_spot_parallel,243.8973459967959,16.348836,68.13577340561649,61,False,True,11.152542372881356,46.15,0.4460121179012167,0.5369543495699013,34.127227669764515,0.32806219585815655,0.4042731177375231,60,0,1,0,1.0004441719502211e-12,0.16712328767123288,0.13865640448755512,1.2180043393262419,-2.3680937424565123
20250205,term_flat_q__far,term_flat_q,far,313.41465559679904,5.575526399999999,71.67591614627865,61,False,True,3.7457627118644066,14.866666666666667,0.8381817677235469,1.1418199197760173,34.127227669764515,17.49500944510698,19.200066318759013,60,0,1,0,1.0004441719502211e-12,0.16712328767123288,0.13865640448755512,35.61677795052476,-53.78756049242932
20250205,term_flat_q__far_scaled,term_flat_q,far_scaled,372.08544039679566,5.7447415999999984,71.57551485934049,61,False,True,3.864406779661017,15.683333333333334,0.23057826174864376,0.26264342150326253,34.127227669764515,16.60684784875995,18.21986213506072,60,0,1,0,1.0004441719502211e-12,0.16712328767123288,0.13865640448755512,33.65654634936436,1.823183853711094
20250205,term_flat_q__front,term_flat_q,front,499.62426439679996,8.173917600000003,76.14695828466954,61,False,True,5.271186440677966,14.866666666666667,0.31672736205688434,0.3814127212337385,34.127227669764515,32.30632579944487,35.77395762478807,60,0,1,0,1.0004441719502211e-12,0.16712328767123288,0.13865640448755512,64.68122485264038,4.016978248421493
20250205,term_flat_q__front_scaled,term_flat_q,front_scaled,500.123190796799,8.026991200000001,75.9908039945669,61,False,True,5.203389830508475,15.033333333333333,0.2625840766316091,0.2963533842050156,34.127227669764515,32.28068807524396,35.74823115056801,60,0,1,0,1.0004441719502211e-12,0.16712328767123288,0.13865640448755512,64.58745289385739,0.8450221310719339
20250303,term_flat_fwd__buckets_far,term_flat_fwd,buckets_far,-202.35118386372469,26.865917600000017,71.1503623224023,106,False,True,10.028846153846153,89.15238095238095,0.4242377741890673,0.5209839816176568,54.30578902134542,1.6673576729230517,3.0700743777131043,105,0,1,0,1.4279066817834974e-12,0.29041095890410956,0.14602195259403675,5.470941400293129,6.314356180393844
20250303,term_flat_fwd__buckets_nodes,term_flat_fwd,buckets_nodes,-135.96857826372116,26.39531200000002,71.422584914423,106,False,True,9.836538461538462,89.97142857142858,1.3170160210220154,2.202659573273765,54.30578902134542,0.36665899685613645,0.43231375353586377,105,0,1,0,1.4279066817834974e-12,0.29041095890410956,0.14602195259403675,-0.0456460230118856,44.101755601252876
20250303,term_flat_fwd__buckets_spot_parallel,term_flat_fwd,buckets_spot_parallel,-202.79000866371297,27.712742400000028,71.13594846277581,106,False,True,10.336538461538462,91.31428571428572,0.4235757596360334,0.5155790390405682,54.30578902134542,0.3366315977299173,0.40476721839447005,105,0,1,0,1.4279066817834974e-12,0.29041095890410956,0.14602195259403675,0.29261248263690576,11.59838096440254
20250303,term_flat_fwd__far,term_flat_fwd,far,-116.13676066371072,8.467494400000001,71.90768448103691,106,False,True,3.2115384615384617,27.238095238095237,1.4302100026061022,1.7266079599320416,54.30578902134542,31.438333929368902,33.246795344315586,105,0,1,0,1.4370016288012269e-12,0.29041095890410956,0.14602195259403675,109.39655192923817,-65.76384564687217
20250303,term_flat_fwd__far_scaled,term_flat_fwd,far_scaled,-23.109378263707733,9.120112000000004,70.44468148193931,106,False,True,3.4615384615384617,28.685714285714287,0.22090926900703453,0.26296130295406184,54.30578902134542,30.127846558723107,31.827686825693497,105,0,1,0,1.4370016288012269e-12,0.29041095890410956,0.14602195259403675,103.62092213067507,8.726928930742286
20250303,term_flat_fwd__front,term_flat_fwd,front,181.65764973629192,15.705083999999994,71.24645344468611,106,False,True,5.75,27.238095238095237,0.3670986474810103,0.4879102500420607,54.30578902134542,50.733088102363034,55.21678812371825,105,0,1,0,1.4370016288012269e-12,0.29041095890410956,0.14602195259403675,188.22604567321008,-17.65248624863927
20250303,term_flat_fwd__front_scaled,term_flat_fwd,front_scaled,214.93107613629675,15.8476576,71.40497954732646,106,False,True,5.826923076923077,27.504761904761907,0.21376686474320977,0.26000614933240296,54.30578902134542,50.693388355461536,55.16854074678077,105,0,1,0,1.4370016288012269e-12,0.29041095890410956,0.14602195259403675,187.93624419786448,-0.2096836597285832
20250303,term_flat_q__buckets_far,term_flat_q,buckets_far,-71.09706226371146,13.995796000000006,69.54883598740811,106,False,True,5.451923076923077,39.34285714285714,0.43612710470758315,0.5338392612211164,55.36487189001012,16.871948075267788,19.647699875942923,105,0,1,0,1.6052581486292185e-12,0.29041095890410956,0.15281191905971506,68.05642248608159,-0.1134509744148542
20250303,term_flat_q__buckets_nodes,term_flat_q,buckets_nodes,192.78749853628835,17.94323520000001,88.51699648543874,106,False,True,6.9423076923076925,53.666666666666664,13.700257562492576,17.19373064031551,55.36487189001012,0.3437364713963591,0.41430997656284885,105,0,1,0,1.6052581486292185e-12,0.29041095890410956,0.15281191905971506,0.006870203393177371,226.72387527417746
20250303,term_flat_q__buckets_spot_parallel,term_flat_q,buckets_spot_parallel,-277.49692626370216,26.347660000000015,66.27943383503427,106,False,True,10.076923076923077,71.31428571428572,0.43971696727425863,0.5441284081678189,55.36487189001012,0.3422487774751906,0.41900068401134144,105,0,1,0,1.609805622138083e-12,0.29041095890410956,0.15281191905971506,4.1024250851256845,-13.324522212507182
20250303,term_flat_q__far,term_flat_q,far,-82.27420546369879,8.668939200000002,71.0263970436104,106,False,True,3.2788461538461537,28.057142857142857,1.497109697940155,1.776239379616935,55.36487189001012,31.744042403252138,33.59993377571296,105,0,1,0,1.609805622138083e-12,0.29041095890410956,0.15281191905971506,121.24132151284326,-60.86155235395982
20250303,term_flat_q__far_scaled,term_flat_q,far_scaled,-9.028632663700094,9.087366400000002,69.03768073331048,106,False,True,3.4326923076923075,29.61904761904762,0.2316385137974286,0.27267016104997066,55.36487189001012,30.37151453058416,32.106911363758435,105,0,1,0,1.609805622138083e-12,0.29041095890410956,0.15281191905971506,115.22272680677553,7.455084234663135
20250303,term_flat_q__front,term_flat_q,front,220.88185773629695,16.160876000000002,74.91820916859096,106,False,True,5.894230769230769,28.057142857142857,0.38605247911047463,0.48905332273259133,55.36487189001012,51.673591622821604,56.23335894035149,105,0,1,0,1.609805622138083e-12,0.29041095890410956,0.15281191905971506,202.62418944963653,-12.710831055777806
20250303,term_flat_q__front_scaled,term_flat_q,front_scaled,226.0994993362973,16.2072344,74.73471233886093,106,False,True,5.9326923076923075,28.314285714285713,0.24685629332843198,0.28435458835736505,55.36487189001012,51.632287619690494,56.185830284932855,105,0,1,0,1.609805622138083e-12,0.29041095890410956,0.15281191905971506,202.36492456043482,-12.885023727693657
20250401,term_flat_fwd__buckets_far,term_flat_fwd,buckets_far,44.46166834375423,23.832165600000014,61.7368443078498,84,False,True,10.829268292682928,96.51807228915662,0.40423427639388826,0.4990817131185879,56.78394541724032,0.8639675086898869,1.5292695087067958,82,0,1,0,1.446096575818956e-12,0.23013698630136986,0.14718120132953955,1.585866338908956,7.719043801994917
20250401,term_flat_fwd__buckets_nodes,term_flat_fwd,buckets_nodes,91.62257554375142,23.74325840000002,61.88827286410946,84,False,True,10.768292682926829,96.98795180722891,0.7928240543597538,1.3045102182685873,56.78394541724032,0.2965400961146758,0.36703500631881136,82,0,1,0,1.446096575818956e-12,0.23013698630136986,0.14718120132953955,-0.2722380286072581,55.57661773253977
20250401,term_flat_fwd__buckets_spot_parallel,term_flat_fwd,buckets_spot_parallel,47.97610994375497,24.20572400000002,61.84106624380602,84,False,True,10.987804878048781,97.62650602409639,0.40547931323719605,0.5055631405981558,56.78394541724032,0.31378858666725945,0.3974996581747704,82,0,1,0,1.446096575818956e-12,0.23013698630136986,0.14718120132953955,-0.2761192817304112,16.060742425717695
20250401,term_flat_fwd__far,term_flat_fwd,far,102.56589714374735,6.0639368,63.01638311213761,84,False,True,2.817073170731707,28.771084337349397,1.5022623641943427,1.7881757898769983,56.78394541724032,34.491426717784954,36.85387637824254,82,0,1,0,1.4551915228366853e-12,0.23013698630136986,0.14718120132953955,94.9372440192057,-46.833084120888444
20250401,term_flat_fwd__far_scaled,term_flat_fwd,far_scaled,165.61447714374327,6.415356799999998,61.19769023344806,84,False,True,2.9878048780487805,30.301204819277107,0.2640807411910076,0.29851719103247437,56.78394541724032,33.24926670986285,35.43491592273643,82,0,1,0,1.4551915228366853e-12,0.23013698630136986,0.14718120132953955,90.41259651261355,7.319942463858899
20250401,term_flat_fwd__front,term_flat_fwd,front,314.10204354375054,12.3757904,62.06095509808634,84,False,True,5.695121951219512,28.771084337349397,0.41148114714154593,0.5152542615956024,56.78394541724032,52.87922201337828,58.289379634164895,82,0,1,0,1.4551915228366853e-12,0.23013698630136986,0.14718120132953955,157.23577267454232,-13.254814775398977
20250401,term_flat_fwd__front_scaled,term_flat_fwd,front_scaled,325.65052994374474,12.459303999999998,62.08232334518381,84,False,True,5.7926829268292686,29.08433734939759,0.24941854382602538,0.29082399455801616,56.78394541724032,52.825823041930846,58.229405051567106,82,0,1,0,1.4551915228366853e-12,0.23013698630136986,0.14718120132953955,156.9677093570292,-6.414041313933956
20250401,term_flat_q__buckets_far,term_flat_q,buckets_far,142.16506834374997,10.336765600000001,64.13894776553127,84,False,True,5.0,36.30120481927711,0.44354964190459456,0.5497635848237302,57.96482868283294,19.1761065306626,22.466724253516297,82,0,1,0,1.0595613275654614e-12,0.23013698630136986,0.1550549193306329,63.231177237431325,8.938344726542349
20250401,term_flat_q__buckets_nodes,term_flat_q,buckets_nodes,454.7544019437488,14.683431999999998,103.03288568357122,84,False,True,6.963414634146342,53.1566265060241,15.687290994903469,19.76099683253418,57.96482868283294,0.35536606541000587,0.44648701236450417,82,0,1,0,1.064108801074326e-12,0.23013698630136986,0.1550549193306329,0.2678985896242706,275.1847170442315
20250401,term_flat_q__buckets_spot_parallel,term_flat_q,buckets_spot_parallel,-21.881565256260266,23.295399199999988,58.90240039940904,84,False,True,10.939024390243903,73.3855421686747,0.4165283489215644,0.5034664854307072,57.96482868283294,0.34732630446063717,0.43163453500725973,82,0,1,0,1.0550138540565969e-12,0.23013698630136986,0.1550549193306329,3.939713988576351,3.9294420488781983
20250401,term_flat_q__far,term_flat_q,far,135.38569314375405,5.9721408,66.67758740863944,84,False,True,2.7560975609756095,29.686746987951807,1.5818837501218266,1.8767190147002237,57.96482868283294,34.99269577113133,37.42401372002684,82,0,1,0,1.0595613275654614e-12,0.23013698630136986,0.1550549193306329,107.22414898893838,-31.16831571618812
20250401,term_flat_q__far_scaled,term_flat_q,far_scaled,183.40331794374643,6.394515999999999,63.7346218079433,84,False,True,2.951219512195122,31.325301204819276,0.2405889706858936,0.27826827567078727,57.96482868283294,33.67365906936536,35.91683212557583,82,0,1,0,1.0595613275654614e-12,0.23013698630136986,0.1550549193306329,102.38222428066328,-4.094132108005752
20250401,term_flat_q__front,term_flat_q,front,352.79113794374865,12.422695999999998,71.99788496396694,84,False,True,5.7560975609756095,29.686746987951807,0.4694483921433646,0.5716929033416285,57.96482868283294,53.92949782295506,59.45597204208947,82,0,1,0,1.0595613275654614e-12,0.23013698630136986,0.1550549193306329,171.42696650216467,3.0665235468256222
20250401,term_flat_q__front_scaled,term_flat_q,front_scaled,386.05077714374954,12.659056800000002,72.07393873306049,84,False,True,5.902439024390244,30.072289156626507,0.24795957992154274,0.28150146860540204,57.96482868283294,53.86606314132443,59.38623749578226,82,0,1,0,1.0595613275654614e-12,0.23013698630136986,0.1550549193306329,171.08549001577816,19.371225567126515
20250506,term_flat_fwd__buckets_far,term_flat_fwd,buckets_far,-68.25312285035217,10.795779999999997,34.246869375616555,66,False,True,5.421875,74.86153846153846,0.39119181106689405,0.474360893345438,42.360394878551034,0.3723859581788252,0.5007293454866232,65,0,1,0,7.412381819449366e-13,0.18082191780821918,0.1465118236837621,0.1957807187648334,0.4645371370478385
20250506,term_flat_fwd__buckets_nodes,term_flat_fwd,buckets_nodes,-69.72635005035086,10.749007199999996,34.218256459456725,66,False,True,5.390625,74.93846153846154,0.4299835764966918,0.5252447176824993,42.360394878551034,0.32873407614749506,0.40455419963057193,65,0,1,0,7.412381819449366e-13,0.18082191780821918,0.1465118236837621,-0.04778737208303097,-2.87759904731985
20250506,term_flat_fwd__buckets_spot_parallel,term_flat_fwd,buckets_spot_parallel,-69.53752205035076,10.904179199999993,34.24096863522953,66,False,True,5.484375,75.06153846153846,0.40179234419349885,0.4848832184941157,42.360394878551034,0.31330524963173445,0.38501596607088895,65,0,1,0,7.412381819449366e-13,0.18082191780821918,0.1465118236837621,-0.09724149332603862,-2.9792809094961425
20250506,term_flat_fwd__far,term_flat_fwd,far,-40.06639325035152,3.1850503999999997,33.57327474298929,66,False,True,1.703125,19.861538461538462,1.6113015732031897,1.9476378754407742,42.360394878551034,18.059509065273893,20.49612883216022,65,0,1,0,7.412381819449366e-13,0.18082191780821918,0.1465118236837621,40.13206234428312,-22.53158090021879
20250506,term_flat_fwd__far_scaled,term_flat_fwd,far_scaled,3.788938749649693,3.417718399999998,33.198484788254135,66,False,True,1.828125,21.553846153846155,0.21873432996514955,0.2617923652335911,42.360394878551034,15.973572576338173,17.980104939709907,65,0,1,0,7.412381819449366e-13,0.18082191780821918,0.1465118236837621,34.546783736178156,1.6857847116957523
20250506,term_flat_fwd__front,term_flat_fwd,front,83.49529474964932,6.871362400000002,33.02102309861673,66,False,True,3.734375,19.861538461538462,0.43974078929446925,0.5312841352843007,42.360394878551034,39.48703579572701,45.92565734602067,65,0,1,0,7.412381819449366e-13,0.18082191780821918,0.1465118236837621,93.22846912723091,1.1522232135647397
20250506,term_flat_fwd__front_scaled,term_flat_fwd,front_scaled,89.35738674965071,6.777270400000001,32.94462273388542,66,False,True,3.734375,20.26153846153846,0.24942736194450296,0.28220723221020116,42.360394878551034,39.42335422438876,45.848600006405135,65,0,1,0,7.412381819449366e-13,0.18082191780821918,0.1465118236837621,92.96614250470839,-0.5547403961863488
20250506,term_flat_q__buckets_far,term_flat_q,buckets_far,7.442770749649411,4.7558864000000005,34.84969548476897,66,False,True,2.578125,24.861538461538462,0.4170504073108559,0.5352151059380548,43.679894002079,15.354401525640004,17.581151580952117,65,0,1,0,1.6234480426646768e-12,0.18082191780821918,0.15422991109320885,40.27130535795758,-4.587277071541416
20250506,term_flat_q__buckets_nodes,term_flat_q,buckets_nodes,401.62852594964517,6.714131200000003,48.140940382999766,66,False,True,3.640625,37.47692307692308,11.648133985728835,13.26016823025394,43.679894002079,0.34662098298603283,0.4350431603120485,65,0,1,0,1.6234480426646768e-12,0.18082191780821918,0.15422991109320885,-0.0022027054921424623,275.3470887897295
20250506,term_flat_q__buckets_spot_parallel,term_flat_q,buckets_spot_parallel,-55.56067965035227,10.087336799999997,36.069162087083534,66,False,True,5.53125,52.323076923076925,0.4552919113658406,0.5913490591966033,43.679894002079,0.3756427302395709,0.4787416361655945,65,0,1,0,1.6279955161735416e-12,0.18082191780821918,0.15422991109320885,2.28911981136152,-8.244946910766672
20250506,term_flat_q__far,term_flat_q,far,-17.541188450347796,3.1878456,35.32660787141896,66,False,True,1.6875,21.0,1.5659304103164065,1.918955494496685,43.679894002079,17.981478878791332,20.45598955502364,65,0,1,0,1.6234480426646768e-12,0.18082191780821918,0.15422991109320885,46.95018233349227,-22.54653409940186
20250506,term_flat_q__far_scaled,term_flat_q,far_scaled,22.308936349650153,3.5137208000000006,34.65028049843041,66,False,True,1.859375,22.676923076923078,0.22267318413731846,0.2622074543081988,43.679894002079,15.911357170888273,17.964067879298014,65,0,1,0,1.6234480426646768e-12,0.18082191780821918,0.15422991109320885,41.40951257183005,0.6987362216969026
20250506,term_flat_q__front,term_flat_q,front,114.64401474964605,6.9706424,36.284932305064736,66,False,True,3.84375,21.0,0.35752426496894957,0.44226906342196176,43.679894002079,40.64298427478712,47.362969337089616,65,0,1,0,1.6234480426646768e-12,0.18082191780821918,0.15422991109320885,103.11132353276452,1.7374485356856733
20250506,term_flat_q__front_scaled,term_flat_q,front_scaled,113.0816603496496,7.020996800000001,36.09640481270244,66,False,True,3.828125,21.215384615384615,0.2573639837302677,0.2938773786804671,43.679894002079,40.60748000840145,47.31557507237703,65,0,1,0,1.6234480426646768e-12,0.18082191780821918,0.15422991109320885,102.96303062081512,-3.177525691299898
20250603,term_flat_fwd__buckets_far,term_flat_fwd,buckets_far,-168.30418440731364,12.575568800000001,33.740115037910016,67,False,True,5.6923076923076925,62.24242424242424,0.3409683867513866,0.47000173299535214,29.96607893534122,0.3270227104536703,0.4502327233474597,66,0,1,0,2.6284396881237627e-12,0.18356164383561643,0.1371393773486728,0.2980051790622081,2.7802728839070934
20250603,term_flat_fwd__buckets_nodes,term_flat_fwd,buckets_nodes,-162.45676920731884,12.576153600000001,33.73231925528317,67,False,True,5.6923076923076925,62.25757575757576,0.35721829123375465,0.4917816027641956,29.96607893534122,0.29336705614313696,0.38926618633816135,66,0,1,0,2.6284396881237627e-12,0.18356164383561643,0.1371393773486728,0.22754971312966274,5.498539239145707
20250603,term_flat_fwd__buckets_spot_parallel,term_flat_fwd,buckets_spot_parallel,-167.52164040731887,12.577024800000002,33.71187091790707,67,False,True,5.6923076923076925,62.25757575757576,0.37052544904115214,0.5050055156949277,29.96607893534122,0.2989172429426388,0.40198688976761804,66,0,1,0,2.6284396881237627e-12,0.18356164383561643,0.1371393773486728,0.23473181135865298,1.9371769230997282
20250603,term_flat_fwd__far,term_flat_fwd,far,-221.94992760731978,2.533312,31.909104236164154,67,False,True,1.123076923076923,11.545454545454545,0.8157310508573886,1.1965366816110414,29.96607893534122,16.953013756428803,21.415551438264707,66,0,1,0,2.6238922146148978e-12,0.18356164383561643,0.1371393773486728,38.49920372232988,-24.15092939943565
20250603,term_flat_fwd__far_scaled,term_flat_fwd,far_scaled,-177.17085880732117,2.8102432000000004,32.968922715214966,67,False,True,1.2615384615384615,12.378787878787879,0.21345953412450594,0.26396059240180264,29.96607893534122,15.992560675482354,20.016819686874296,66,0,1,0,2.6238922146148978e-12,0.18356164383561643,0.1371393773486728,35.92325900606188,4.374302153929462
20250603,term_flat_fwd__front,term_flat_fwd,front,-249.39294760732162,4.912331999999999,31.914776334255297,67,False,True,2.4153846153846152,11.545454545454545,0.22322318763717813,0.3020707765044233,29.96607893534122,28.53864336871606,38.444383125793614,66,0,1,0,2.6238922146148978e-12,0.18356164383561643,0.1371393773486728,67.91382284001689,-0.9947421227455069
20250603,term_flat_fwd__front_scaled,term_flat_fwd,front_scaled,-249.56844680732087,4.9598312,31.989591990797596,67,False,True,2.476923076923077,11.651515151515152,0.19034184571459142,0.24252879834490956,29.96607893534122,28.521262055308007,38.420471025739054,66,0,1,0,2.6238922146148978e-12,0.18356164383561643,0.1371393773486728,67.85870364908921,-1.1780448851263694
20250603,term_flat_q__buckets_far,term_flat_q,buckets_far,-154.729027607319,5.016411999999998,33.27357800993241,67,False,True,2.523076923076923,20.742424242424242,0.25868670228496154,0.3485594625072254,30.744380542169765,12.570204550725071,17.450714084999696,66,0,1,0,1.105036062654108e-12,0.18356164383561643,0.1417546036560091,31.338412460256404,-8.717482604682617
20250603,term_flat_q__buckets_nodes,term_flat_q,buckets_nodes,444.90680039268005,6.828583999999997,55.81881116521639,67,False,True,3.3076923076923075,31.21212121212121,10.20779037447841,14.183184256557986,30.744380542169765,0.2932588941704751,0.3858079597234203,66,0,1,0,1.105036062654108e-12,0.18356164383561643,0.1417546036560091,0.046310282265322245,395.45923835983814
20250603,term_flat_q__buckets_spot_parallel,term_flat_q,buckets_spot_parallel,-95.08175400731959,10.985138400000002,34.343505653410325,67,False,True,5.415384615384616,43.57575757575758,0.281086542162588,0.4154426077581155,30.744380542169765,0.2907121422144006,0.36841798667616676,66,0,1,0,1.1004885891452433e-12,0.18356164383561643,0.1417546036560091,1.3608729646482398,-8.066045859740077
20250603,term_flat_q__far,term_flat_q,far,-186.15124600732034,2.7186304000000003,32.39286239569192,67,False,True,1.2153846153846153,12.166666666666666,0.8211519211306533,1.2198191099216031,30.744380542169765,17.01938762560687,21.495891009826867,66,0,1,0,1.105036062654108e-12,0.18356164383561643,0.1417546036560091,42.92573930742763,-19.535755312292444
20250603,term_flat_q__far_scaled,term_flat_q,far_scaled,-143.15933720731923,2.862721600000001,33.03164236089787,67,False,True,1.2615384615384615,12.969696969696969,0.205534987548274,0.25231516777361457,30.744380542169765,16.092676266536717,20.151017911672714,66,0,1,0,1.105036062654108e-12,0.18356164383561643,0.1417546036560091,40.429572546800294,7.879932583300177
20250603,term_flat_q__front,term_flat_q,front,-215.86389480732086,5.207279199999998,34.016304093841576,67,False,True,2.6,12.166666666666666,0.21889123376519623,0.2851047754236597,30.744380542169765,29.24090463349396,39.48892888698317,66,0,1,0,1.105036062654108e-12,0.18356164383561643,0.1417546036560091,73.98457643904622,4.763661510482961
20250603,term_flat_q__front_scaled,term_flat_q,front_scaled,-213.7513628073216,5.214747199999999,33.965454637052574,67,False,True,2.6,12.257575757575758,0.19759638882738464,0.24544472502775644,30.744380542169765,29.22882917645785,39.47421702016582,66,0,1,0,1.105036062654108e-12,0.18356164383561643,0.1417546036560091,73.9483510322527,6.136727911834885
20250701,term_flat_fwd__buckets_far,term_flat_fwd,buckets_far,-100.2137912702804,14.822508799999998,37.26473485135342,67,False,True,6.615384615384615,48.484848484848484,0.39975220655162214,0.5033272514093179,26.827030614574795,0.42738401258540204,0.513589687464811,66,0,1,0,3.04680725093931e-13,0.18356164383561643,0.13313799497733345,0.021610754108272526,8.598855194577895
20250701,term_flat_fwd__buckets_nodes,term_flat_fwd,buckets_nodes,-107.6610464702804,14.821763999999995,37.26426259574837,67,False,True,6.615384615384615,48.45454545454545,0.4268790049362532,0.53929471745035,26.827030614574795,0.4441084334786717,0.5386948670128754,66,0,1,0,3.04680725093931e-13,0.18356164383561643,0.13313799497733345,0.12697874804670167,3.3072567289528396
20250701,term_flat_fwd__buckets_spot_parallel,term_flat_fwd,buckets_spot_parallel,-103.1145824702804,14.883299999999995,37.27800470708464,67,False,True,6.6461538461538465,48.46969696969697,0.42170737349526344,0.5342564773465592,26.827030614574795,0.44066442566962094,0.5332373781694882,66,0,1,0,3.04680725093931e-13,0.18356164383561643,0.13313799497733345,0.14983796759644138,7.184690589877236
20250701,term_flat_fwd__far,term_flat_fwd,far,-146.56135847029233,2.6500760000000008,35.12538006382256,67,False,True,1.1076923076923078,10.636363636363637,0.662335831750326,0.9076695599461587,26.827030614574795,15.909626180605718,21.256365766400283,66,0,1,0,3.0524915928253905e-13,0.18356164383561643,0.13313799497733345,33.9056460159209,-25.48506774345944
20250701,term_flat_fwd__far_scaled,term_flat_fwd,far_scaled,-99.89325767029072,2.7979751999999998,36.138496761680265,67,False,True,1.1538461538461537,11.242424242424242,0.23601325872307846,0.26664999652275917,26.827030614574795,15.280072118339216,20.298222474835892,66,0,1,0,3.0524915928253905e-13,0.18356164383561643,0.13313799497733345,32.3844852792029,2.6776704044600415
20250701,term_flat_fwd__front,term_flat_fwd,front,-162.09922167029148,4.707939200000001,34.67593713382435,67,False,True,2.123076923076923,10.636363636363637,0.2937523164530543,0.3444554932250422,26.827030614574795,25.41281193794549,35.19154076212551,66,0,1,0,3.0524915928253905e-13,0.18356164383561643,0.13313799497733345,55.29453021154495,-3.5917245688731874
20250701,term_flat_fwd__front_scaled,term_flat_fwd,front_scaled,-140.34364567028953,4.7123632,35.0244872924442,67,False,True,2.1076923076923078,10.757575757575758,0.2713616877112038,0.31068866739802653,26.827030614574795,25.39755952449593,35.170211898871116,66,0,1,0,3.0524915928253905e-13,0.18356164383561643,0.13313799497733345,55.23722476453857,11.161566976346615
20250701,term_flat_q__buckets_far,term_flat_q,buckets_far,-88.58018887028962,5.452906400000004,37.34810665651661,67,False,True,2.707692307692308,15.909090909090908,0.4166608036516025,0.5084547944855572,27.159530034659113,10.015579051251299,16.35038138362768,66,0,1,0,4.3598902266239747e-13,0.18356164383561643,0.13573676015390598,23.55141672900683,-9.737993289099203
20250701,term_flat_q__buckets_nodes,term_flat_q,buckets_nodes,463.0183815297113,8.118336000000003,52.71036556297024,67,False,True,3.8461538461538463,24.272727272727273,7.8110217262670325,13.920036334175315,27.159530034659113,0.36960004159079435,0.45184620727064395,66,0,1,0,4.3598902266239747e-13,0.18356164383561643,0.13573676015390598,0.2855998793782036,383.2616430997518
20250701,term_flat_q__buckets_spot_parallel,term_flat_q,buckets_spot_parallel,-50.66796167029223,13.012679200000003,37.86265865360662,67,False,True,6.184615384615385,34.22727272727273,0.38495592560377995,0.4692098605200037,27.159530034659113,0.40326701744489146,0.5024033397749565,66,0,1,0,4.3598902266239747e-13,0.18356164383561643,0.13573676015390598,1.2103766692016695,1.4050637142301357
20250701,term_flat_q__far,term_flat_q,far,-132.4122968702886,2.7490143999999996,36.75557908186081,67,False,True,1.1384615384615384,10.878787878787879,0.6561582713562384,0.9149077989732409,27.159530034659113,16.002007157361803,21.422337401689358,66,0,1,0,4.3598902266239747e-13,0.18356164383561643,0.13573676015390598,35.879240226497195,-32.38177263133009
20250701,term_flat_q__far_scaled,term_flat_q,far_scaled,-86.880811270291,2.953528799999999,37.07933945978972,67,False,True,1.2307692307692308,11.424242424242424,0.23605632293808407,0.2762310387669086,27.159530034659113,15.42938105856562,20.529526858638665,66,0,1,0,4.3598902266239747e-13,0.18356164383561643,0.13573676015390598,34.51647054769725,1.2868887019964534
20250701,term_flat_q__front,term_flat_q,front,-148.56346407028843,4.812181600000001,37.30361332535662,67,False,True,2.1538461538461537,10.878787878787879,0.2805000466968241,0.3254109163640178,27.159530034659113,25.72122260751092,35.68859172357267,66,0,1,0,4.3598902266239747e-13,0.18356164383561643,0.13573676015390598,57.774860378196884,-10.457055383670951
20250701,term_flat_q__front_scaled,term_flat_q,front_scaled,-138.92806487028915,4.864782399999999,37.394138049765154,67,False,True,2.1846153846153844,10.954545454545455,0.2633141416094191,0.29816154072761575,27.159530034659113,25.708412598378498,35.673532747098804,66,0,1,0,4.3598902266239747e-13,0.18356164383561643,0.13573676015390598,57.74228251031673,-1.76434830579245
20250801,term_flat_fwd__buckets_far,term_flat_fwd,buckets_far,202.7377770548173,10.579050400000002,27.618539138166984,61,False,True,5.016949152542373,30.35,0.3455953862756923,0.4510745110215311,21.66768274809088,0.7414484010480306,1.239561111666279,60,0,1,0,6.230038707144559e-13,0.16712328767123288,0.13448865284541053,-1.1136242893051593,2.293905551252568
20250801,term_flat_fwd__buckets_nodes,term_flat_fwd,buckets_nodes,189.2657338548186,10.4190936,27.743151863774543,61,False,True,4.915254237288136,30.05,0.5314671553177044,0.741910492387768,21.66768274809088,0.3651599438671734,0.47294910563632536,60,0,1,0,6.230038707144559e-13,0.16712328767123288,0.13448865284541053,-0.09662280799034446,-5.706954728844029
20250801,term_flat_fwd__buckets_spot_parallel,term_flat_fwd,buckets_spot_parallel,201.29627305481822,10.5965544,27.56358674070844,61,False,True,5.016949152542373,30.366666666666667,0.4081120629801606,0.5171396624194797,21.66768274809088,0.4104861058421987,0.5140658597419647,60,0,1,0,6.230038707144559e-13,0.16712328767123288,0.13448865284541053,-0.19934874330946314,2.804848220904809
20250801,term_flat_fwd__far,term_flat_fwd,far,149.49218505481898,3.4406424,25.90015947467424,61,False,True,1.7118644067796611,10.35,0.684902336565729,0.8342824036479826,21.66768274809088,6.657388297630533,9.602723299476102,60,0,1,0,6.252776074688883e-13,0.16712328767123288,0.13448865284541053,11.640089371459553,-36.59616312535026
20250801,term_flat_fwd__far_scaled,term_flat_fwd,far_scaled,205.755265854819,3.489561600000001,26.63428384969477,61,False,True,1.7118644067796611,11.05,0.21060695082110634,0.24205834560635406,21.66768274809088,5.759294184352699,8.45331515961587,60,0,1,0,6.252776074688883e-13,0.16712328767123288,0.13448865284541053,9.622196817983534,6.368175457575504
20250801,term_flat_fwd__front,term_flat_fwd,front,167.86226665481803,5.7265608,24.899731457826864,61,False,True,2.76271186440678,10.35,0.29609216106235137,0.34247254340187516,21.66768274809088,19.912219599232433,25.584757205910044,60,0,1,0,6.252776074688883e-13,0.16712328767123288,0.13448865284541053,37.23204510059697,3.0239116459510806
20250801,term_flat_fwd__front_scaled,term_flat_fwd,front_scaled,175.64770665481822,5.669120800000001,24.855111772101235,61,False,True,2.76271186440678,10.5,0.27437768431744214,0.30955031134733924,21.66768274809088,19.882000391926496,25.559642311919156,60,0,1,0,6.252776074688883e-13,0.16712328767123288,0.13448865284541053,37.15991312531881,8.147937454049758
20250801,term_flat_q__buckets_far,term_flat_q,buckets_far,231.9306546548197,4.850172800000001,26.046375128307567,61,False,True,2.4745762711864407,11.716666666666667,0.33705301370454277,0.4199859011440777,21.816652855568837,7.157968204586573,8.692081860117675,60,0,1,0,8.412825991399588e-13,0.16712328767123288,0.136493626311308,12.921328827238554,21.116449218102407
20250801,term_flat_q__buckets_nodes,term_flat_q,buckets_nodes,579.4688858548208,6.183941599999999,37.82381591281419,61,False,True,3.1016949152542375,16.083333333333332,4.483546073234047,5.385454578123681,21.816652855568837,0.41243060903676887,0.51679614696127,60,0,1,0,8.412825991399588e-13,0.16712328767123288,0.136493626311308,0.4080719748843181,306.488586744872
20250801,term_flat_q__buckets_spot_parallel,term_flat_q,buckets_spot_parallel,237.75963225481803,8.4771952,26.98627737616336,61,False,True,4.254237288135593,20.3,0.4402096007974153,0.5680978752315664,21.816652855568837,0.4251460024354359,0.5312298280712863,60,0,1,0,8.412825991399588e-13,0.16712328767123288,0.136493626311308,0.6768729440840862,13.90983749156275
20250801,term_flat_q__far,term_flat_q,far,139.80721465481926,3.5496128000000007,25.149641923611433,61,False,True,1.7627118644067796,10.566666666666666,0.611008859636128,0.7359415113677088,21.816652855568837,6.487605832621404,9.431864716186832,60,0,1,0,8.412825991399588e-13,0.16712328767123288,0.136493626311308,11.888543382326123,-49.47136931993758
20250801,term_flat_q__far_scaled,term_flat_q,far_scaled,202.9170058548212,3.647821600000001,25.505692459061933,61,False,True,1.7966101694915255,11.233333333333333,0.22811299372195995,0.2673876954628494,21.816652855568837,5.735122585110669,8.355115853421346,60,0,1,0,8.412825991399588e-13,0.16712328767123288,0.136493626311308,10.000570520665942,8.310079878438131
20250801,term_flat_q__front,term_flat_q,front,160.4910402548199,5.8417872000000015,24.71334278733673,61,False,True,2.847457627118644,10.566666666666666,0.2567307081578957,0.2974811091272974,21.816652855568837,20.031937297577972,25.724722718382516,60,0,1,0,8.412825991399588e-13,0.16712328767123288,0.136493626311308,38.03807568120177,-10.770298487836811
20250801,term_flat_q__front_scaled,term_flat_q,front_scaled,173.93085705482142,5.897970400000003,25.007029522021995,61,False,True,2.8813559322033897,10.616666666666667,0.24956391993955357,0.28530745169157057,21.816652855568837,20.0213531112766,25.713941451663416,60,0,1,0,8.412825991399588e-13,0.16712328767123288,0.136493626311308,38.01302919192204,2.282938141323528
20250901,term_flat_fwd__buckets_far,term_flat_fwd,buckets_far,-551.446058945891,22.338712,55.48101485724726,83,False,True,8.604938271604938,74.20731707317073,0.4327461878930884,0.5386587045254858,59.3168161475493,1.0567431169746666,1.877651138801963,82,0,1,0,1.0595613275654614e-12,0.2273972602739726,0.14596038388076904,1.9715839090595588,-4.736706927454281
20250901,term_flat_fwd__buckets_nodes,term_flat_fwd,buckets_nodes,-485.92357894588633,22.352232,57.21049435086771,83,False,True,8.604938271604938,74.73170731707317,0.8214420388569499,1.2799710298670526,59.3168161475493,0.3790619769020448,0.47189158358096983,82,0,1,0,1.0595613275654614e-12,0.2273972602739726,0.14596038388076904,-0.054864754668167356,9.497718345705156
20250901,term_flat_fwd__buckets_spot_parallel,term_flat_fwd,buckets_spot_parallel,-535.6645997458901,22.829252800000006,56.20579722235543,83,False,True,8.802469135802468,75.36585365853658,0.4729944987266914,0.5703433298032737,59.3168161475493,0.4002128725522528,0.4957529242775103,82,0,1,0,1.0595613275654614e-12,0.2273972602739726,0.14596038388076904,-0.1439060313046105,-9.687653906345762
20250901,term_flat_fwd__far,term_flat_fwd,far,-528.6586621458866,6.6073152,55.18601695019806,83,False,True,2.5555555555555554,26.0609756097561,1.2327750435035745,1.3372527123008007,59.3168161475493,30.94346655316239,31.647791953435636,82,0,1,0,1.0595613275654614e-12,0.2273972602739726,0.14596038388076904,91.70786230230398,-21.05911438962399
20250901,term_flat_fwd__far_scaled,term_flat_fwd,far_scaled,-476.80908614588367,7.0617392,54.579371523290135,83,False,True,2.728395061728395,27.341463414634145,0.21879414573382722,0.2606285634167534,59.3168161475493,29.484477910329115,30.298082927504417,82,0,1,0,1.0595613275654614e-12,0.2273972602739726,0.14596038388076904,87.3820806340286,-4.750233258838984
20250901,term_flat_fwd__front,term_flat_fwd,front,-472.07957814588815,12.820231199999997,53.71780877445394,83,False,True,5.0246913580246915,26.0609756097561,0.3202887976325008,0.3948918773589158,59.3168161475493,54.864063369734396,55.75987597238096,82,0,1,0,1.0595613275654614e-12,0.2273972602739726,0.14596038388076904,159.89359498733342,-8.035175635461435
20250901,term_flat_fwd__front_scaled,term_flat_fwd,front_scaled,-451.4742189458889,13.054872000000001,53.73440061068587,83,False,True,5.1234567901234565,26.317073170731707,0.24379716120494652,0.28111191331364543,59.3168161475493,54.816179004883075,55.71213361160073,82,0,1,0,1.0595613275654614e-12,0.2273972602739726,0.14596038388076904,159.71656198661915,-3.8096262725599286
20250901,term_flat_q__buckets_far,term_flat_q,buckets_far,-500.24169334589334,10.902346399999999,53.38224049533647,83,False,True,4.432098765432099,33.25609756097561,0.41035409513213095,0.49854522727894934,59.453747052332226,16.977654952098344,18.59026227798964,82,0,1,0,4.774847184307873e-13,0.2273972602739726,0.14676506760858068,50.09899116934039,6.058734211985221
20250901,term_flat_q__buckets_nodes,term_flat_q,buckets_nodes,-236.27567974588925,14.576332799999996,74.35920261367836,83,False,True,5.851851851851852,45.09756097560975,11.074363007307626,12.574937662675575,59.453747052332226,0.4471291341545603,0.5323595558446077,82,0,1,0,4.797584551852196e-13,0.2273972602739726,0.14676506760858068,0.24968131561266826,5.652188425757609
20250901,term_flat_q__buckets_spot_parallel,term_flat_q,buckets_spot_parallel,-536.5795781459036,21.832231200000006,54.289529068153264,83,False,True,8.666666666666666,59.59756097560975,0.3938496085021729,0.48952837437924895,59.453747052332226,0.41125028215396237,0.5005603135899652,82,0,1,0,4.774847184307873e-13,0.2273972602739726,0.14676506760858068,1.1270942681930936,-14.28041299821294
20250901,term_flat_q__far,term_flat_q,far,-561.2637125458924,6.4363656,54.344820858012106,83,False,True,2.4691358024691357,26.121951219512194,1.238689161175274,1.3677608570129043,59.453747052332226,30.960743681800984,31.650144650483888,82,0,1,0,4.774847184307873e-13,0.2273972602739726,0.14676506760858068,93.19577444239067,-33.799504187923304
20250901,term_flat_q__far_scaled,term_flat_q,far_scaled,-525.0426957458888,6.943348799999999,52.98363485825441,83,False,True,2.6666666666666665,27.378048780487806,0.23758218432501582,0.27641728865983833,59.453747052332226,29.492622433555077,30.312355294714283,82,0,1,0,4.774847184307873e-13,0.2273972602739726,0.14676506760858068,88.84458070215359,-19.56407836272414
20250901,term_flat_q__front,term_flat_q,front,-505.0313805458848,12.644033599999997,54.43036634747046,83,False,True,4.938271604938271,26.121951219512194,0.3062892285810998,0.39265752728869896,59.453747052332226,54.98948343188452,55.91214677163581,82,0,1,0,4.774847184307873e-13,0.2273972602739726,0.14676506760858068,161.69223141314893,-22.497915681393444
20250901,term_flat_q__front_scaled,term_flat_q,front_scaled,-476.56857494588786,13.053228,54.42438933263143,83,False,True,5.135802469135802,26.304878048780488,0.21301191722112595,0.24792414401508484,59.453747052332226,54.9500734886837,55.871595049194575,82,0,1,0,4.774847184307873e-13,0.2273972602739726,0.14676506760858068,161.54650065260756,1.2062742283063317
