date,spot,n_live,n_eligible,t_first,t_last,q_front,q_far,q_slope,contract_0,t_0,q_0,contract_1,t_1,q_1,contract_2,t_2,q_2,contract_3,t_3,q_3,q1y_term_flat_q,q1y_term_flat_fwd,active_front,ttm_active_front,q_flat_front,q_flat_unfloored_front,floored_front,roll_front,fwd_err_rms_flat_front,fwd_err_max_flat_front,active_far,ttm_active_far,q_flat_far,q_flat_unfloored_far,floored_far,roll_far,fwd_err_rms_flat_far,fwd_err_max_flat_far,q1y_surface_fwd,fwd_err_rms_surface,surface_max_listed_T,q1y_term_opt_tail
2023-05-04,6733.969,4,4,0.0410958904109589,0.6164383561643836,0.05170760842547879,0.057472647476598804,0.010020186922184779,IM2305,0.0410958904109589,0.05170760842547879,IM2306,0.1178082191780822,0.06039385317734908,IM2309,0.36712328767123287,0.05934481185901845,IM2312,0.6164383561643836,0.057472647476598804,0.057472647476598804,0.05641523956408359,IM2305,0.0410958904109589,0.05168695905787593,0.05168695905787593,False,False,23.278774210028974,35.665202581168785,IM2312,0.6164383561643836,0.05704315967134527,0.05704315967134527,False,False,4.969910413081685,8.449901182142064,0.0483452013537123,17.125938483730902,0.8657534246575342,0.05003626839052685
2023-05-05,6653.653,4,4,0.038356164383561646,0.6136986301369863,0.03431771122788982,0.057819892030235714,0.040849028537410716,IM2305,0.038356164383561646,0.03431771122788982,IM2306,0.11506849315068493,0.052784010092507855,IM2309,0.3643835616438356,0.0579822692979933,IM2312,0.6136986301369863,0.057819892030235714,0.057819892030235714,0.05772821474881895,IM2305,0.038356164383561646,0.034313780500942116,0.034313780500942116,False,False,84.70498866064415,144.25668445374646,IM2312,0.6136986301369863,0.057384367896423705,0.057384367896423705,False,False,5.435766147045205,8.847484749575138,0.04889349338371097,14.478050639327106,0.863013698630137,0.049854231488917336
2023-05-08,6702.5,4,4,0.030136986301369864,0.6054794520547945,0.0928546669193565,0.058516470773608345,-0.059683055205705125,IM2305,0.030136986301369864,0.0928546669193565,IM2306,0.10684931506849316,0.0767233524389391,IM2309,0.3561643835616438,0.0657376343246938,IM2312,0.6054794520547945,0.058516470773608345,0.058516470773608345,0.05444661734364237,IM2305,0.030136986301369864,0.09277474483740712,0.09277474483740712,False,False,114.66588337524915,207.42681008491996,IM2312,0.6054794520547945,0.05807082182139778,0.05807082182139778,False,False,17.74839069339559,27.306455491191603,0.049568229173687084,19.291461795256254,0.8547945205479452,0.04985405486441727
2023-05-09,6611.637,4,4,0.0273972602739726,0.6027397260273972,0.009164730957005244,0.05275122785741802,0.07575748270786031,IM2305,0.0273972602739726,0.009164730957005244,IM2306,0.10410958904109589,0.047405101004254435,IM2309,0.35342465753424657,0.054027767003159005,IM2312,0.6027397260273972,0.05275122785741802,0.05275122785741802,0.052032345884782616,IM2305,0.0273972602739726,0.009163122536820513,0.009163122536820513,False,False,154.71791963353806,262.7228265899034,IM2312,0.6027397260273972,0.05243008226528195,0.05243008226528195,False,False,7.132767151880386,11.853520906377833,0.04427917801765875,16.63272442588939,0.852054794520548,0.04549317022413245
2023-05-10,6627.311,4,4,0.024657534246575342,0.6,0.037817657526814985,0.05540804070124698,0.030573761231750856,IM2305,0.024657534246575342,0.037817657526814985,IM2306,0.10136986301369863,0.055357514114419054,IM2309,0.3506849315068493,0.05868952359470324,IM2312,0.6,0.05540804070124698,0.05540804070124698,0.05356175582053313,IM2305,0.024657534246575342,0.037813744099563854,0.037813744099563854,False,False,64.84568285017876,105.56577961009846,IM2312,0.6,0.055034571336700436,0.055034571336700436,False,False,6.845356187620054,12.817366822584825,0.04602397094228882,12.98774961385351,0.8493150684931506,0.045844933478700015
2023-05-11,6622.521,4,4,0.021917808219178082,0.5972602739726027,0.0677062649253166,0.05585732248136563,-0.020594590438295743,IM2305,0.021917808219178082,0.0677062649253166,IM2306,0.09863013698630137,0.0609918353536615,IM2309,0.34794520547945207,0.05867505508393561,IM2312,0.5972602739726027,0.05585732248136563,0.05585732248136563,0.0542735726708168,IM2305,0.021917808219178082,0.06768133238082161,0.06768133238082161,False,False,38.77091116053608,70.62011392003753,IM2312,0.5972602739726027,0.055476085897381205,0.055476085897381205,False,False,6.4392824149362236,11.130659909379736,0.04565289202634598,17.099366492799074,0.8465753424657534,0.04593948096767418
2023-05-12,6535.944,4,4,0.019178082191780823,0.5945205479452055,-0.0011848964639141306,0.0512068130279686,0.09106178078351047,IM2305,0.019178082191780823,-0.0011848964639141306,IM2306,0.0958904109589041,0.0454708852173503,IM2309,0.3452054794520548,0.05125686708570479,IM2312,0.5945205479452055,0.0512068130279686,0.0512068130279686,0.05117871102379386,IM2305,0.019178082191780823,0.0,-0.0011892006068941058,True,False,177.40503734448302,304.4350253991558,IM2312,0.5945205479452055,0.05091910364500024,0.05091910364500024,False,False,5.7321420427526295,9.992547966093113,0.04310418361370922,13.097693554003174,0.8438356164383561,0.04326613861408958
2023-05-15,6585.91,4,3,0.08767123287671233,0.5863013698630137,0.06983203493940042,0.05535445327490242,-0.029034710480998736,IM2306,0.08767123287671233,0.06983203493940042,IM2309,0.336986301369863,0.05951191482405245,IM2312,0.5863013698630137,0.05535445327490242,,,,0.05535445327490242,0.05302970441588199,IM2306,0.08767123287671233,0.06972333929555678,0.06972333929555678,False,True,45.66714459780574,84.24497557315232,IM2312,0.5863013698630137,0.05499055197660213,0.05499055197660213,False,False,11.117014339639109,15.236373431133163,0.0461594715100556,11.264532507682338,0.8356164383561644,0.04604082494132372
2023-05-16,6516.289,4,3,0.08493150684931507,0.5835616438356165,0.050193807555308605,0.051660599778690544,0.0029416437446945485,IM2306,0.08493150684931507,0.050193807555308605,IM2309,0.33424657534246577,0.052725373559856833,IM2312,0.5835616438356165,0.051660599778690544,,,,0.051660599778690544,0.05106613447693087,IM2306,0.08493150684931507,0.050155126043216494,0.050155126043216494,False,False,7.057235488586897,8.785367278246847,IM2312,0.5835616438356165,0.051369913540545986,0.051369913540545986,False,False,4.3019793342499675,7.044618100108267,0.041750688777862865,14.173795328155256,0.8328767123287671,0.04236746625471255
2023-05-17,6554.98,4,3,0.0821917808219178,0.5808219178082191,0.08323415360932725,0.05700366836189748,-0.05260509404017509,IM2306,0.0821917808219178,0.08323415360932725,IM2309,0.3315068493150685,0.06262795732100658,IM2312,0.5808219178082191,0.05700366836189748,,,,0.05700366836189748,0.05386886596840096,IM2306,0.0821917808219178,0.0830701136133639,0.0830701136133639,False,False,83.15697744672187,151.399627213997,IM2312,0.5808219178082191,0.056608850525686816,0.056608850525686816,False,False,16.321328641710377,21.88381075367857,0.04339307414565172,19.514593777684315,0.8301369863013699,0.043304367905423774
2023-05-18,6583.738,4,3,0.07945205479452055,0.5780821917808219,0.0812048121672996,0.056091203097826156,-0.05036520500196599,IM2306,0.07945205479452055,0.0812048121672996,IM2309,0.3287671232876712,0.060432635189785394,IM2312,0.5780821917808219,0.056091203097826156,,,,0.056091203097826156,0.053675738245819324,IM2306,0.07945205479452055,0.08105623824369533,0.08105623824369533,False,False,79.78531033719923,144.31842235009375,IM2312,0.5780821917808219,0.055717310184924596,0.055717310184924596,False,False,13.244839093968327,20.250344040792825,0.04483403355290211,13.582401660707708,0.8273972602739726,0.04410105001194252
2023-05-19,6602.317,3,3,0.07671232876712329,0.5753424657534246,0.04315477379939159,0.050626061605050066,0.014983626643216178,IM2306,0.07671232876712329,0.04315477379939159,IM2309,0.32602739726027397,0.049838476438024984,IM2312,0.5753424657534246,0.050626061605050066,,,,0.050626061605050066,0.05106342449548443,IM2306,0.07671232876712329,0.043134221559750864,0.043134221559750864,False,False,27.902758516435828,43.1037372469273,IM2312,0.5753424657534246,0.050357816592482396,0.050357816592482396,False,False,3.4535611144971647,5.525621868672471,0.042482734147306855,15.207040770981546,0.8246575342465754,0.04330612856157202
2023-05-22,6595.984,4,4,0.0684931506849315,0.5671232876712329,0.05941747856489614,0.05128150263502926,-0.01631665502418358,IM2306,0.0684931506849315,0.05941747856489614,IM2307,0.1643835616438356,0.04919920404767368,IM2309,0.3178082191780822,0.053081458232789966,IM2312,0.5671232876712329,0.05128150263502926,0.05128150263502926,0.050288289141253606,IM2306,0.0684931506849315,0.059364316226359584,0.059364316226359584,False,False,26.358954386154274,45.83951817549006,IM2312,0.5671232876712329,0.05100566196666738,0.05100566196666738,False,False,4.689921002409512,6.5970511471287585,0.04288296796881004,8.733635533654077,0.8164383561643835,0.04207314480843171
2023-05-23,6528.453,4,4,0.06575342465753424,0.5643835616438356,0.056041150474335624,0.049405781728121066,-0.013307195562463263,IM2306,0.06575342465753424,0.056041150474335624,IM2307,0.16164383561643836,0.054068368843312176,IM2309,0.3150684931506849,0.04884020562113629,IM2312,0.5643835616438356,0.049405781728121066,0.049405781728121066,0.049717133801467944,IM2306,0.06575342465753424,0.05599847850631788,0.05599847850631788,False,False,21.810752675234276,37.208096885165524,IM2312,0.5643835616438356,0.04916311479485958,0.04916311479485958,False,False,4.64311029313343,7.929040790649423,0.03889333663923494,24.922654822325615,0.8136986301369863,0.04043128578791891
2023-05-24,6513.182,4,4,0.06301369863013699,0.5616438356164384,0.059476993753669855,0.04871013574968505,-0.02159287456843106,IM2306,0.06301369863013699,0.059476993753669855,IM2307,0.1589041095890411,0.05020072028764462,IM2309,0.31232876712328766,0.051012125415629425,IM2312,0.5616438356164384,0.04871013574968505,0.04871013574968505,0.04744599932015546,IM2306,0.06301369863013699,0.059427933128204116,0.059427933128204116,False,False,33.65051373386567,60.19584829031336,IM2312,0.5616438356164384,0.04847990129675549,0.04847990129675549,False,False,5.470828474075808,7.908864371278802,0.039635495374825344,24.039544887508885,0.810958904109589,0.041241770547178924
2023-05-25,6501.0,4,4,0.06027397260273973,0.5589041095890411,0.08187496576693523,0.050701414945024684,-0.06251838489009533,IM2306,0.06027397260273973,0.08187496576693523,IM2307,0.15616438356164383,0.06031478888563177,IM2309,0.3095890410958904,0.05496882199474355,IM2312,0.5589041095890411,0.050701414945024684,0.050701414945024684,0.04836400906046845,IM2306,0.06027397260273973,0.08175972927241916,0.08175972927241916,False,False,97.63841057510528,173.58619514488944,IM2312,0.5589041095890411,0.050439510060292486,0.050439510060292486,False,False,14.103173710706946,18.947397960168445,0.04306302523827926,9.206094270441909,0.8082191780821918,0.04114629371252284
2023-05-26,6546.408,4,4,0.057534246575342465,0.5561643835616439,0.04818747160530351,0.04929852985794761,0.002228221220962065,IM2306,0.057534246575342465,0.04818747160530351,IM2307,0.15342465753424658,0.04894566587951506,IM2309,0.30684931506849317,0.05232287712593292,IM2312,0.5561643835616439,0.04929852985794761,0.04929852985794761,0.04764645227762772,IM2306,0.057534246575342465,0.04816462751132314,0.04816462751132314,False,False,7.141650384449024,12.759560461266313,IM2312,0.5561643835616439,0.0490611143286592,0.0490611143286592,False,False,5.054739033618363,10.008696802592887,0.04131637870525606,16.726719865472518,0.8054794520547945,0.042581912800131794
2023-05-29,6534.117,4,4,0.049315068493150684,0.547945205479452,0.04707013056300995,0.04761223215973676,0.0010871817736554158,IM2306,0.049315068493150684,0.04707013056300995,IM2307,0.14520547945205478,0.0446194760206991,IM2309,0.29863013698630136,0.050434342162410495,IM2312,0.547945205479452,0.04761223215973676,0.04761223215973676,0.046084137973432776,IM2306,0.049315068493150684,0.047052069757688775,0.047052069757688775,False,False,5.565919497972773,10.10048471547132,IM2312,0.547945205479452,0.04740439526871043,0.04740439526871043,False,False,4.988718184355206,9.048334559269142,0.041275614666646504,9.229785411718668,0.7972602739726027,0.041320816131490724
2023-05-30,6564.469,4,4,0.04657534246575343,0.5452054794520548,0.04116876733264599,0.04704088429873747,0.011776498311117533,IM2306,0.04657534246575343,0.04116876733264599,IM2307,0.14246575342465753,0.04750105566744785,IM2309,0.2958904109589041,0.04930194157147906,IM2312,0.5452054794520548,0.04704088429873747,0.04704088429873747,0.04582046476582429,IM2306,0.04657534246575343,0.04115833516680767,0.04115833516680767,False,False,20.560212772509193,32.071980198739325,IM2312,0.5452054794520548,0.046842530568579996,0.046842530568579996,False,False,3.936684784998067,7.2771613236480155,0.040464460205398775,12.210945671499706,0.7945205479452054,0.04147532751226985
2023-05-31,6561.649,4,4,0.043835616438356165,0.5424657534246575,0.07098625367275367,0.0518081648190951,-0.03846155182189768,IM2306,0.043835616438356165,0.07098625367275367,IM2307,0.13972602739726028,0.053069199748373166,IM2309,0.29315068493150687,0.05493113649095556,IM2312,0.5424657534246575,0.0518081648190951,0.0518081648190951,0.05012806905499832,IM2306,0.043835616438356165,0.07092931860573581,0.07092931860573581,False,False,58.26938105706565,103.72571095218794,IM2312,0.5424657534246575,0.05153531400661067,0.05153531400661067,False,False,6.68176567238564,9.954876871912793,0.04028219835605053,25.73604775907924,0.7917808219178082,0.04311406955260548
2023-06-01,6574.758,4,4,0.0410958904109589,0.5397260273972603,0.046506357112321664,0.04546839106629324,-0.002081635202199864,IM2306,0.0410958904109589,0.046506357112321664,IM2307,0.136986301369863,0.04977021609568183,IM2309,0.29041095890410956,0.04911537557177006,IM2312,0.5397260273972603,0.04546839106629324,0.04546839106629324,0.04351308472658133,IM2306,0.0410958904109589,0.046491925634371115,0.046491925634371115,False,False,5.213707845220569,7.618786119568287,IM2312,0.5397260273972603,0.04529414670486957,0.04529414670486957,False,False,6.361573882179965,11.097267394287448,0.039460863652932096,8.092290357568695,0.7890410958904109,0.03889142414154696
2023-06-02,6626.279,4,4,0.038356164383561646,0.536986301369863,0.07466489363597936,0.05011070089352823,-0.04924329863183881,IM2306,0.038356164383561646,0.07466489363597936,IM2307,0.13424657534246576,0.05569757746172391,IM2309,0.2876712328767123,0.05579342630866525,IM2312,0.536986301369863,0.05011070089352823,0.05011070089352823,0.047074724301879686,IM2306,0.038356164383561646,0.07460762475333114,0.07460762475333114,False,False,72.24589469027383,131.54512538414755,IM2312,0.536986301369863,0.049868577147174895,0.049868577147174895,False,False,10.53426708713726,17.044086628945742,0.0374238070092337,18.393143090032787,0.7863013698630137,0.037300317413765605
2023-06-05,6632.956,4,4,0.030136986301369864,0.5287671232876713,0.126003484319274,0.05283155540119512,-0.14674590140164168,IM2306,0.030136986301369864,0.126003484319274,IM2307,0.12602739726027398,0.06673914165300203,IM2309,0.27945205479452057,0.060886708362062,IM2312,0.5287671232876713,0.05283155540119512,0.05283155540119512,0.04857686313729481,IM2306,0.030136986301369864,0.12583434376084263,0.12583434376084263,False,False,216.50370922395138,386.014743929095,IM2312,0.5287671232876713,0.052548215430498174,0.052548215430498174,False,False,18.406123739178085,23.30208983615116,0.03820964951435814,18.768734808683455,0.7780821917808219,0.037238887747452626
2023-06-06,6489.811,4,4,0.0273972602739726,0.5260273972602739,0.14400469079600592,0.05309751232181144,-0.18231384694000544,IM2306,0.0273972602739726,0.14400469079600592,IM2307,0.1232876712328767,0.059855860533337996,IM2309,0.27671232876712326,0.0611119947432697,IM2312,0.5260273972602739,0.05309751232181144,0.05309751232181144,0.04888143370220763,IM2306,0.0273972602739726,0.14379428306925768,0.14379428306925768,False,False,269.56903301542724,477.0898625619077,IM2312,0.5260273972602739,0.05281106000236356,0.05281106000236356,False,False,17.532411327790474,24.984556381819502,0.03826948729036085,25.663832218664353,0.7753424657534247,0.03830302979476108
2023-06-07,6488.557,4,4,0.024657534246575342,0.5232876712328767,0.1311390712800468,0.05272173732496284,-0.1572655323824486,IM2306,0.024657534246575342,0.1311390712800468,IM2307,0.12054794520547946,0.06327011825602642,IM2309,0.273972602739726,0.059907717533143445,IM2312,0.5232876712328767,0.05272173732496284,0.05272173732496284,0.04895729187494499,IM2306,0.024657534246575342,0.13098692667722334,0.13098692667722334,False,False,230.39058489239082,409.55208674744574,IM2312,0.5232876712328767,0.05244318424909891,0.05244318424909891,False,False,15.550222583752845,20.450776120670618,0.039004959040886196,14.494201150445862,0.7726027397260274,0.037378543339534
2023-06-08,6442.482,4,4,0.021917808219178082,0.5205479452054794,0.04891746950785529,0.04904764678157035,0.0002610698071758066,IM2306,0.021917808219178082,0.04891746950785529,IM2307,0.1178082191780822,0.04808677946236245,IM2309,0.27123287671232876,0.05165755519071542,IM2312,0.5205479452054794,0.04904764678157035,0.04904764678157035,0.0476863141550932,IM2306,0.021917808219178082,0.048908307388366046,0.048908307388366046,False,False,3.777155491121894,7.456863902263436,IM2312,0.5205479452054794,0.048829139224031266,0.048829139224031266,False,False,3.9023181516838674,7.671593991828525,0.03703787999231717,8.174840715069488,0.7698630136986301,0.03389855243161504
2023-06-09,6495.564,4,4,0.019178082191780823,0.5178082191780822,0.11291223642689932,0.05351810651409228,-0.11911460119876137,IM2306,0.019178082191780823,0.11291223642689932,IM2307,0.11506849315068493,0.05991305050968282,IM2309,0.2684931506849315,0.060682049322669726,IM2312,0.5178082191780822,0.05351810651409228,0.05351810651409228,0.0497979895319353,IM2306,0.019178082191780823,0.11282950641391816,0.11282950641391816,False,False,171.48858402804353,307.1193035908795,IM2312,0.5178082191780822,0.053228912701118694,0.053228912701118694,False,False,12.174350534518013,20.011161340056685,0.04147157003696082,17.273200573396736,0.7671232876712328,0.04034512872067982
2023-06-12,6530.161,4,3,0.10684931506849316,0.5095890410958904,0.07168145019472422,0.05626202024465837,-0.03828633967193219,IM2307,0.10684931506849316,0.07168145019472422,IM2309,0.2602739726027397,0.06376422615294443,IM2312,0.5095890410958904,0.05626202024465837,,,,0.05626202024465837,0.05242113475706528,IM2307,0.10684931506849316,0.071539016713842,0.071539016713842,False,True,41.48675971329712,77.84989981556686,IM2312,0.5095890410958904,0.055929036431585324,0.055929036431585324,False,False,17.241790599964162,22.0696864791479,0.04093113232687062,24.387536774031325,0.7589041095890411,0.040065890809262525
2023-06-13,6554.957,4,3,0.10410958904109589,0.5068493150684932,0.07106644882988497,0.05723757289858111,-0.03433700486344155,IM2307,0.10410958904109589,0.07106644882988497,IM2309,0.25753424657534246,0.06190286299968388,IM2312,0.5068493150684932,0.05723757289858111,,,,0.05723757289858111,0.05486103493348525,IM2307,0.10410958904109589,0.07093094151173719,0.07093094151173719,False,False,37.76815247745854,69.40474502558658,IM2312,0.5068493150684932,0.0568883653468131,0.0568883653468131,False,False,13.966927385008612,19.811998031376486,0.04112697084122161,20.705891090256326,0.7561643835616438,0.039622011748159894
2023-06-14,6578.123,4,3,0.10136986301369863,0.5041095890410959,0.07432104774297894,0.058156983254932196,-0.04013526216419771,IM2307,0.10136986301369863,0.07432104774297894,IM2309,0.2547945205479452,0.06266546136248619,IM2312,0.5041095890410959,0.058156983254932196,,,,0.058156983254932196,0.05587213568653067,IM2307,0.10136986301369863,0.07417176199251815,0.07417176199251815,False,False,43.55832772549509,80.7320352798851,IM2312,0.5041095890410959,0.05779234444497164,0.05779234444497164,False,False,13.012927850967243,16.755123891129944,0.040871805830086254,22.18220165127234,0.7534246575342466,0.03936426551591669
2023-06-15,6613.955,4,3,0.09863013698630137,0.5013698630136987,0.06448412752583309,0.0560149013933542,-0.021029030873161856,IM2307,0.09863013698630137,0.06448412752583309,IM2309,0.25205479452054796,0.0567334838723679,IM2312,0.5013698630136987,0.0560149013933542,,,,0.0560149013933542,0.05565265707516648,IM2307,0.09863013698630137,0.06438668357703932,0.06438668357703932,False,False,23.53162198756386,41.97359286614602,IM2312,0.5013698630136987,0.05569169299853406,0.05569169299853406,False,False,6.521380700427482,9.240618121933407,0.040090253653103355,19.960513497115354,0.7506849315068493,0.039477065619751464
2023-06-16,6669.005,3,3,0.0958904109589041,0.4986301369863014,0.07708380166099396,0.05739655789242376,-0.048883292350531446,IM2307,0.0958904109589041,0.07708380166099396,IM2309,0.2493150684931507,0.0631772011035389,IM2312,0.4986301369863014,0.05739655789242376,,,,0.05739655789242376,0.0544983175975359,IM2307,0.0958904109589041,0.07692785398378622,0.07692785398378622,False,False,59.60959682626701,97.38892845556116,IM2312,0.4986301369863014,0.05705004727833468,0.05705004727833468,False,False,14.205402077241274,19.210449408029064,0.041577192091067874,27.17875490203949,0.7479452054794521,0.04214485177933346
2023-06-19,6693.299,4,4,0.08767123287671233,0.4904109589041096,0.0978009339167857,0.06388094653248509,-0.0842230979270049,IM2307,0.08767123287671233,0.0978009339167857,IM2308,0.1643835616438356,0.07872188985569861,IM2309,0.2410958904109589,0.07646332314390819,IM2312,0.4904109589041096,0.06388094653248509,0.06388094653248509,0.0576804846816414,IM2307,0.08767123287671233,0.09753619982463023,0.09753619982463023,False,False,87.71971659807978,165.0490503916164,IM2312,0.4904109589041096,0.06341216290982643,0.06341216290982643,False,False,25.18784328627112,31.465810975320057,0.04490363393871857,24.43412668986041,0.7397260273972602,0.04304079169705877
2023-06-20,6693.915,4,4,0.08493150684931507,0.4876712328767123,0.09360375410423548,0.06318959886223169,-0.07551814056688015,IM2307,0.08493150684931507,0.09360375410423548,IM2308,0.16164383561643836,0.07580857685725115,IM2309,0.23835616438356164,0.07419565541673454,IM2312,0.4876712328767123,0.06318959886223169,0.06318959886223169,0.057798735273937044,IM2307,0.08493150684931507,0.09337417398801293,0.09337417398801293,False,False,78.3648741417687,147.20148965449488,IM2312,0.4876712328767123,0.06273793874189974,0.06273793874189974,False,False,21.70426408570404,27.310173992072194,0.04520169611993122,19.536524299198792,0.736986301369863,0.042579819555736156
2023-06-21,6548.407,4,4,0.0821917808219178,0.4849315068493151,0.06319422021735657,0.05442398278694252,-0.021776439878238973,IM2307,0.0821917808219178,0.06319422021735657,IM2308,0.1589041095890411,0.05643830297267842,IM2309,0.2356164383561644,0.05867887311020992,IM2312,0.4849315068493151,0.05442398278694252,0.05442398278694252,0.052352838221337,IM2307,0.0821917808219178,0.06311763659976195,0.06311763659976195,False,False,22.357068714367063,42.15826643476867,IM2312,0.4849315068493151,0.05413825044657283,0.05413825044657283,False,False,6.803254811221135,10.698453399255978,0.040155414066462405,25.89692652445442,0.7342465753424657,0.03969774687599653
2023-06-26,6420.973,4,4,0.0684931506849315,0.4712328767123288,0.0058479167242765345,0.043586747646972415,0.09370526045431289,IM2307,0.0684931506849315,0.0058479167242765345,IM2308,0.14520547945205478,0.017397421348331003,IM2309,0.2219178082191781,0.035024370801544726,IM2312,0.4712328767123288,0.043586747646972415,0.043586747646972415,0.047616723176840584,IM2307,0.0684931506849315,0.005841055553418776,0.005841055553418776,False,False,95.01789756382517,177.87011068743132,IM2312,0.4712328767123288,0.04345615035907094,0.04345615035907094,False,False,24.727516354997487,37.838702399156354,0.030755720198734977,11.701557753616337,0.989041095890411,0.03262855426831065
2023-06-27,6507.273,4,4,0.06575342465753424,0.4684931506849315,0.08763006152239414,0.06135870984095235,-0.06523158750834186,IM2307,0.06575342465753424,0.08763006152239414,IM2308,0.14246575342465753,0.06857103168520293,IM2309,0.2191780821917808,0.06741320040067461,IM2312,0.4684931506849315,0.06135870984095235,0.06135870984095235,0.05852969603734284,IM2307,0.06575342465753424,0.08747991183608572,0.08747991183608572,False,False,66.40030030011857,122.37604222377497,IM2312,0.4684931506849315,0.06096059649345156,0.06096059649345156,False,False,12.53558456327568,17.536086594373202,0.04087698977268289,27.255029828315738,0.9863013698630136,0.0455800778854992
2023-06-28,6475.505,4,4,0.06301369863013699,0.4657534246575342,0.05067571946445425,0.051632865583027876,0.0023765873012202357,IM2307,0.06301369863013699,0.05067571946445425,IM2308,0.13972602739726028,0.04957594881983325,IM2309,0.21643835616438356,0.0521511882288085,IM2312,0.4657534246575342,0.051632865583027876,0.051632865583027876,0.051392469365708876,IM2307,0.06301369863013699,0.05064609062049678,0.05064609062049678,False,False,2.9142251076368333,4.5959381816517775,IM2312,0.4657534246575342,0.05140098044590388,0.05140098044590388,False,False,1.6213064243884472,2.5500441898516923,0.039287206619772586,15.486748019510545,0.9835616438356164,0.04209943739092581
2023-06-29,6520.039,4,4,0.06027397260273973,0.46301369863013697,0.09201309782308797,0.05979607819469002,-0.0799946405739133,IM2307,0.06027397260273973,0.09201309782308797,IM2308,0.136986301369863,0.0728569490524525,IM2309,0.2136986301369863,0.0666234512762005,IM2312,0.46301369863013697,0.05979607819469002,0.05979607819469002,0.05665361606402218,IM2307,0.06027397260273973,0.09185703671683174,0.09185703671683174,False,False,80.03377643680928,148.44662986964215,IM2312,0.46301369863013697,0.05943167595910959,0.05943167595910959,False,False,15.515484981696469,19.638117287877204,0.04291621430122884,21.71595821666153,0.9808219178082191,0.046322552877512115
2023-06-30,6602.037,4,4,0.057534246575342465,0.4602739726027397,0.09132551407289795,0.05912841110856752,-0.07994518763252112,IM2307,0.057534246575342465,0.09132551407289795,IM2308,0.13424657534246576,0.06644593278424234,IM2309,0.21095890410958903,0.06634798601828634,IM2312,0.4602739726027397,0.05912841110856752,0.05912841110856752,0.05583129439005104,IM2307,0.057534246575342465,0.09117936623557459,0.09117936623557459,False,False,80.01466055280268,147.52220442019637,IM2312,0.4602739726027397,0.05877816963374889,0.05877816963374889,False,False,13.362567232797506,18.72586940334723,0.0454504224289674,10.471756369078179,0.9780821917808219,0.04720696017002114
2023-07-03,6612.884,4,4,0.049315068493150684,0.4520547945205479,0.10999600486822653,0.05992614426374024,-0.12432312326964284,IM2307,0.049315068493150684,0.10999600486822653,IM2308,0.12602739726027398,0.0713824298465476,IM2309,0.20273972602739726,0.06999088688156932,IM2312,0.4520547945205479,0.05992614426374024,0.05992614426374024,0.05544147797610301,IM2307,0.049315068493150684,0.1097965916904693,0.1097965916904693,False,False,122.1480230928282,225.4417486413764,IM2312,0.4520547945205479,0.05956799264202195,0.05956799264202195,False,False,17.95339724693813,24.86860876908619,0.04369332704116376,13.6127284416075,0.9698630136986301,0.04563302250021596
2023-07-04,6638.447,4,4,0.04657534246575343,0.44931506849315067,0.10116219028331566,0.06170824308113214,-0.09796388250882303,IM2307,0.04657534246575343,0.10116219028331566,IM2308,0.1232876712328767,0.07030850615254271,IM2309,0.2,0.06969064639318798,IM2312,0.44931506849315067,0.06170824308113214,0.06170824308113214,0.05818195062899319,IM2307,0.04657534246575343,0.10100898049339281,0.10100898049339281,False,False,95.5744853866981,176.58413522221352,IM2312,0.44931506849315067,0.06131986375876117,0.06131986375876117,False,False,13.697486547884715,18.55670002513334,0.04581709161460827,12.119933261817078,0.9671232876712329,0.047831263619916464
2023-07-05,6584.423,4,4,0.043835616438356165,0.4465753424657534,0.08322323339118057,0.05980946451229199,-0.05813622884894102,IM2307,0.043835616438356165,0.08322323339118057,IM2308,0.12054794520547946,0.05917701809359073,IM2309,0.19726027397260273,0.06316217652574484,IM2312,0.4465753424657534,0.05980946451229199,0.05980946451229199,0.05834139756893332,IM2307,0.043835616438356165,0.08313570490534995,0.08313570490534995,False,False,57.52767074319477,104.1692379196847,IM2312,0.4465753424657534,0.05945768737738734,0.05945768737738734,False,False,6.413105889146747,10.417773595087562,0.04495574044400377,15.29439040699067,0.9643835616438357,0.04787381348552207
2023-07-06,6567.079,4,4,0.0410958904109589,0.4438356164383562,0.13692119966490465,0.06332704578327128,-0.18273378344759306,IM2307,0.0410958904109589,0.13692119966490465,IM2308,0.1178082191780822,0.08185298334318136,IM2309,0.19452054794520549,0.07373001782908832,IM2312,0.4438356164383562,0.06332704578327128,0.06332704578327128,0.058812879409754465,IM2307,0.0410958904109589,0.1366407469744135,0.1366407469744135,False,False,176.79199130071393,325.39231761548035,IM2312,0.4438356164383562,0.06291311194768567,0.06291311194768567,False,False,21.61590634032398,30.414282623514605,0.046838388022319,17.95534252230872,0.9616438356164384,0.04973621896701688
2023-07-07,6521.427,4,4,0.038356164383561646,0.4410958904109589,0.05371133371379007,0.05412464433367373,0.0010262474575342536,IM2307,0.038356164383561646,0.05371133371379007,IM2308,0.11506849315068493,0.05074016327423869,IM2309,0.1917808219178082,0.05499969605188608,IM2312,0.4410958904109589,0.05412464433367373,0.05412464433367373,0.053748436640280006,IM2307,0.038356164383561646,0.053689548096056305,0.053689548096056305,False,False,2.319189105520127,3.393812671680848,IM2312,0.4410958904109589,0.0538691019275991,0.0538691019275991,False,False,2.175926144086001,3.6004225600309843,0.044697167357553136,10.529378913718192,0.958904109589041,0.0466559361044238
2023-07-10,6526.852,4,4,0.030136986301369864,0.4328767123287671,0.052817501855599594,0.055758720431250144,0.0073030257150506865,IM2307,0.030136986301369864,0.052817501855599594,IM2308,0.10684931506849316,0.053113201393859485,IM2309,0.18356164383561643,0.057901986178585246,IM2312,0.4328767123287671,0.055758720431250144,0.055758720431250144,0.05486379486599978,IM2307,0.030136986301369864,0.05280127861166431,0.05280127861166431,False,False,7.9320390343801455,12.802076917659333,IM2312,0.4328767123287671,0.0554833861908591,0.0554833861908591,False,False,2.6547097704603497,4.43962189527837,0.047029020610720465,11.282562544452038,0.9506849315068493,0.04921179280870311
2023-07-11,6579.37,4,4,0.0273972602739726,0.4301369863013699,0.06646333772427115,0.05559582894645733,-0.026983950366680585,IM2307,0.0273972602739726,0.06646333772427115,IM2308,0.10410958904109589,0.05476480791405554,IM2309,0.18082191780821918,0.05725237022528484,IM2312,0.4301369863013699,0.05559582894645733,0.05559582894645733,0.05491116844139203,IM2307,0.0273972602739726,0.06643377709415887,0.06643377709415887,False,False,25.47770050687559,46.61802353942884,IM2312,0.4301369863013699,0.05532470908463753,0.05532470908463753,False,False,2.4063543568205055,3.4856338433607577,0.04540226299828527,11.746706523240697,0.947945205479452,0.047615865765870666
2023-07-12,6482.987,4,4,0.024657534246575342,0.4273972602739726,0.01491444307524323,0.0494858233672933,0.08584050208570256,IM2307,0.024657534246575342,0.01491444307524323,IM2308,0.10136986301369863,0.04130637075263994,IM2309,0.1780821917808219,0.04516403954701918,IM2312,0.4273972602739726,0.0494858233672933,0.0494858233672933,0.05125344140728799,IM2307,0.024657534246575342,0.014914124204372027,0.014914124204372027,False,False,79.7657252929594,147.75849505248655,IM2312,0.4273972602739726,0.04930080884328668,0.04930080884328668,False,False,6.936503603580858,8.478829915409326,0.041074369194971094,14.09746546432317,0.9452054794520548,0.04387799413073251
2023-07-13,6548.313,4,4,0.021917808219178082,0.4246575342465753,0.011033781459844284,0.049205562925355065,0.09478027370688052,IM2307,0.021917808219178082,0.011033781459844284,IM2308,0.09863013698630137,0.04125438489879961,IM2309,0.17534246575342466,0.044012388587583724,IM2312,0.4246575342465753,0.049205562925355065,0.049205562925355065,0.05130691060259869,IM2307,0.021917808219178082,0.01103290038212713,0.01103290038212713,False,False,87.33536653889743,162.10308751233669,IM2312,0.4246575342465753,0.0490252003491881,0.0490252003491881,False,False,7.175009271792041,8.789587746375032,0.04104290330016883,9.273243129408055,0.9424657534246575,0.04301697401914681
2023-07-14,6544.459,4,4,0.019178082191780823,0.42191780821917807,0.04756680481106172,0.051153533036802284,0.008905821785002077,IM2307,0.019178082191780823,0.04756680481106172,IM2308,0.0958904109589041,0.04785802821902128,IM2309,0.1726027397260274,0.049696418381990785,IM2312,0.42191780821917807,0.051153533036802284,0.051153533036802284,0.05173668598295339,IM2307,0.019178082191780823,0.04755951910725304,0.04755951910725304,False,False,7.804264971221998,15.163784798645917,IM2312,0.42191780821917807,0.05094968255915855,0.05094968255915855,False,False,1.9123803640210983,2.964600052186108,0.04045459632819677,20.344811860503814,0.9397260273972603,0.04409200120274279
2023-07-17,6516.56,4,3,0.08767123287671233,0.4136986301369863,0.052883891057134674,0.051045448362415716,-0.00563892087035647,IM2308,0.08767123287671233,0.052883891057134674,IM2309,0.1643835616438356,0.05497663229047628,IM2312,0.4136986301369863,0.051045448362415716,,,,0.051045448362415716,0.04952576142469789,IM2308,0.08767123287671233,0.05283653492026506,0.05283653492026506,False,True,4.125733888961299,7.409700554389886,IM2312,0.4136986301369863,0.05084693366434698,0.05084693366434698,False,False,3.549980394493708,6.788545686787739,0.04160004664781325,12.527434559985771,0.9315068493150684,0.04401382756271546
2023-07-18,6510.034,4,3,0.08493150684931507,0.410958904109589,0.037437174098483184,0.048814338707206514,0.034896345228437105,IM2308,0.08493150684931507,0.037437174098483184,IM2309,0.16164383561643836,0.04498035687719126,IM2312,0.410958904109589,0.048814338707206514,,,,0.048814338707206514,0.05027855847278663,IM2308,0.08493150684931507,0.037424268543783556,0.037424268543783556,False,False,24.608202190658616,46.80850752091757,IM2312,0.410958904109589,0.048644407489525664,0.048644407489525664,False,False,7.512671918237733,9.979651219293181,0.039161418449799666,15.94012879147505,0.9287671232876712,0.04214222057018707
2023-07-19,6492.349,4,3,0.0821917808219178,0.40821917808219177,0.03678200114116239,0.047604279317426876,0.033194382641483514,IM2308,0.0821917808219178,0.03678200114116239,IM2309,0.1589041095890411,0.04267323121374805,IM2312,0.40821917808219177,0.047604279317426876,,,,0.047604279317426876,0.049464167038121995,IM2308,0.0821917808219178,0.036770432396657414,0.036770432396657414,False,False,23.698839693231328,44.22584085464877,IM2312,0.40821917808219177,0.04744933114099259,0.04744933114099259,False,False,9.414182025845067,14.820118368794866,0.03884442855673784,13.240662115362305,0.9260273972602739,0.04102762014992142
2023-07-20,6408.76,4,3,0.07945205479452055,0.4054794520547945,0.021099835821686314,0.043104707884588936,0.06749393531898704,IM2308,0.07945205479452055,0.021099835821686314,IM2309,0.15616438356164383,0.032361796807081844,IM2312,0.4054794520547945,0.043104707884588936,,,,0.043104707884588936,0.04710528193600201,IM2308,0.07945205479452055,0.021099787768940326,0.021099787768940326,False,False,45.841585287416706,89.2254295100284,IM2312,0.4054794520547945,0.0429968170256152,0.0429968170256152,False,False,13.493791372879741,17.397601504492332,0.03343876578980601,22.09373817594904,0.9232876712328767,0.036902585871263216
2023-07-21,6401.417,3,3,0.07671232876712329,0.40273972602739727,0.00863584821350822,0.038148046425027976,0.09052060795970346,IM2308,0.07671232876712329,0.00863584821350822,IM2309,0.15342465753424658,0.02348008325476761,IM2312,0.40273972602739727,0.038148046425027976,,,,0.038148046425027976,0.04353917977991398,IM2308,0.07671232876712329,0.008630893307350855,0.008630893307350855,False,False,69.88287081599859,118.87730159721949,IM2312,0.40273972602739727,0.03808188622574525,0.03808188622574525,False,False,18.368507224507372,22.58874148883768,0.036507557819931875,12.439908661109198,0.9205479452054794,0.03912625289777163
2023-07-24,6393.794,4,4,0.0684931506849315,0.6438356164383562,0.020442998784616424,0.04078534944580271,0.0353569428158714,IM2308,0.0684931506849315,0.020442998784616424,IM2309,0.14520547945205478,0.02947858810316118,IM2312,0.39452054794520547,0.04013699788230578,IM2403,0.6438356164383562,0.04078534944580271,0.04078534944580271,0.04115076089450549,IM2308,0.0684931506849315,0.0204429920638658,0.0204429920638658,False,False,76.42388336353525,130.9713420480879,IM2312,0.39452054794520547,0.04005722050336799,0.04005722050336799,False,False,10.470336544631518,15.36075389619011,0.03557700587544856,26.144824749100877,0.9123287671232877,0.04034621134520701
2023-07-25,6498.269,4,4,0.06575342465753424,0.6410958904109589,0.02156578602153978,0.03992234847485514,0.03190545378790526,IM2308,0.06575342465753424,0.02156578602153978,IM2309,0.14246575342465753,0.030235582475382407,IM2312,0.3917808219178082,0.0398218700465014,IM2403,0.6410958904109589,0.03992234847485514,0.03992234847485514,0.03997901752192275,IM2308,0.06575342465753424,0.021565705420935638,0.021565705420935638,False,False,69.1334144817059,117.68368423608771,IM2312,0.3917808219178082,0.03974510227477296,0.03974510227477296,False,False,9.05278297323966,13.547809029269983,0.0354331280701235,17.296586201032557,0.9095890410958904,0.038785907600459336
2023-07-26,6457.254,4,4,0.06301369863013699,0.6383561643835617,-0.00736917106950585,0.03640131672385145,0.07607727640274005,IM2308,0.06301369863013699,-0.00736917106950585,IM2309,0.13972602739726028,0.01385575892760203,IM2312,0.38904109589041097,0.031191713053622637,IM2403,0.6383561643835617,0.03640131672385145,0.03640131672385145,0.03934121770818891,IM2308,0.06301369863013699,0.0,-0.007392785526640147,True,False,131.45122159316307,232.37004922349087,IM2312,0.38904109589041097,0.031167383814051163,0.031167383814051163,False,False,23.932677055066588,33.4111333694105,0.031817239854243444,19.750280641551107,0.9068493150684932,0.03590744391256828
2023-07-27,6407.546,4,4,0.06027397260273973,0.6356164383561644,-0.014799605932875933,0.03493683520449489,0.08644667150066833,IM2308,0.06027397260273973,-0.014799605932875933,IM2309,0.136986301369863,0.01037486059772997,IM2312,0.3863013698630137,0.028800339034821328,IM2403,0.6356164383561644,0.03493683520449489,0.03493683520449489,0.0384014660240008,IM2308,0.06027397260273973,0.0,-0.01483612773268991,True,False,124.47089666845726,222.0642676011727,IM2312,0.3863013698630137,0.0287853972299899,0.0287853972299899,False,False,26.715898032278574,39.09955096123684,0.030461829543329266,19.949258681094562,0.9041095890410958,0.03457367649559071
2023-07-28,6465.376,4,4,0.057534246575342465,0.6328767123287671,-0.002094634324953569,0.038282264078457875,0.07017889484402466,IM2308,0.057534246575342465,-0.002094634324953569,IM2309,0.13424657534246576,0.019281103067622037,IM2312,0.3835616438356164,0.03389899846608235,IM2403,0.6328767123287671,0.038282264078457875,0.038282264078457875,0.04075795466669105,IM2308,0.057534246575342465,0.0,-0.002108683606484009,True,False,138.09140361788468,242.2795343047589,IM2312,0.3835616438356164,0.03386201558225591,0.03386201558225591,False,False,19.96077064989839,27.974723359524386,0.032683153670771264,26.739315538190603,0.9013698630136986,0.03771972095280622
2023-07-31,6515.849,4,4,0.049315068493150684,0.6246575342465753,-0.007215452469535057,0.03894351272326666,0.08022867759701251,IM2308,0.049315068493150684,-0.007215452469535057,IM2309,0.12602739726027398,0.02176473988292892,IM2312,0.37534246575342467,0.03634369006813256,IM2403,0.6246575342465753,0.03894351272326666,0.03894351272326666,0.0404126101615991,IM2308,0.049315068493150684,0.0,-0.007233724006393865,True,False,140.13458036358617,243.26358632615847,IM2312,0.37534246575342467,0.03629366239082902,0.03629366239082902,False,False,16.352945389931257,21.45654979415209,0.03204829148127732,32.437126383009534,0.8931506849315068,0.03784827938653166
2023-08-01,6507.412,4,4,0.04657534246575343,0.6219178082191781,0.01476118391353825,0.037892775558845584,0.04020490928827228,IM2308,0.04657534246575343,0.01476118391353825,IM2309,0.1232876712328767,0.02575062820058713,IM2312,0.3726027397260274,0.034644699565896823,IM2403,0.6219178082191781,0.037892775558845584,0.037892775558845584,0.039728087623745856,IM2308,0.04657534246575343,0.014760544726898892,0.014760544726898892,False,False,81.19336280910544,143.86346298224188,IM2312,0.3726027397260274,0.03460481660351767,0.03460481660351767,False,False,12.477379246622803,20.448402270122056,0.03331688455840427,25.948567319825337,0.8904109589041096,0.037947570915747866
2023-08-02,6496.022,4,4,0.043835616438356165,0.6191780821917808,0.02077962505959226,0.03785531148018838,0.029679169254845632,IM2308,0.043835616438356165,0.02077962505959226,IM2309,0.12054794520547946,0.026671203466255254,IM2312,0.3698630136986301,0.03545297121131111,IM2403,0.6191780821917808,0.03785531148018838,0.03785531148018838,0.039212527049825044,IM2308,0.043835616438356165,0.02077961173776726,0.02077961173776726,False,False,59.528223810303984,105.72899018595041,IM2312,0.3698630136986301,0.03540889463097852,0.03540889463097852,False,False,9.76664520471339,15.14767692935475,0.03289441858109956,19.968144141478422,0.8876712328767123,0.0360989013484118
2023-08-03,6499.545,4,4,0.0410958904109589,0.6164383561643836,0.03477397950525201,0.03992560077424913,0.008954008396114039,IM2308,0.0410958904109589,0.03477397950525201,IM2309,0.1178082191780822,0.031951732761791425,IM2312,0.36712328767123287,0.03687645658977189,IM2403,0.6164383561643836,0.03992560077424913,0.03992560077424913,0.04164777283207821,IM2308,0.0410958904109589,0.03476949540313867,0.03476949540313867,False,False,16.439951394159916,31.784211191775704,IM2312,0.36712328767123287,0.03682428332555054,0.03682428332555054,False,False,9.989796501023962,19.11771030019645,0.034975502318770876,24.009826483842346,0.8849315068493151,0.03945840837624166
2023-08-04,6535.322,4,4,0.038356164383561646,0.6136986301369863,0.022880441283079533,0.037376508892138297,0.025195546082411657,IM2308,0.038356164383561646,0.022880441283079533,IM2309,0.11506849315068493,0.02574916789362472,IM2312,0.3643835616438356,0.03461959109535901,IM2403,0.6136986301369863,0.037376508892138297,0.037376508892138297,0.03893304899278566,IM2308,0.038356164383561646,0.022880282169503656,0.022880282169503656,False,False,49.38404272833614,88.96314481835984,IM2312,0.3643835616438356,0.03458071985559696,0.03458071985559696,False,False,10.22032978420252,17.15771901877442,0.03320313757775242,26.385955718511457,0.8821917808219178,0.0382951739517671
2023-08-07,6503.983,4,4,0.030136986301369864,0.6054794520547945,-0.03921438253685229,0.03125785669505011,0.122487463426878,IM2308,0.030136986301369864,-0.03921438253685229,IM2309,0.10684931506849316,0.004160384090738281,IM2312,0.3561643835616438,0.02656198317357409,IM2403,0.6054794520547945,0.03125785669505011,0.03125785669505011,0.03390445468758454,IM2308,0.030136986301369864,0.0,-0.039267249286812106,True,False,105.98197318083722,189.25989944125993,IM2312,0.3561643835616438,0.0265543209918741,0.0265543209918741,False,False,21.073972917542687,28.47894220279078,0.030963898557125752,19.044280184903695,0.873972602739726,0.035418476370155695
2023-08-08,6471.344,4,4,0.0273972602739726,0.6027397260273972,-0.055816412134800306,0.028467589992907945,0.14649362274577865,IM2308,0.0273972602739726,-0.055816412134800306,IM2309,0.10410958904109589,-0.003802026520609233,IM2312,0.35342465753424657,0.022512556932881605,IM2403,0.6027397260273972,0.028467589992907945,0.028467589992907945,0.031821161975078435,IM2308,0.0273972602739726,0.0,-0.05589520816695956,True,False,94.8968793461379,171.5854739298577,IM2312,0.35342465753424657,0.02251144168827593,0.02251144168827593,False,False,24.999053793098483,35.90007197312378,0.02830217908870708,19.46996302611331,0.8712328767123287,0.03274954455066678
2023-08-09,6420.977,4,4,0.024657534246575342,0.6,-0.05712834590089616,0.02357988130264456,0.1402785853775827,IM2308,0.024657534246575342,-0.05712834590089616,IM2309,0.10136986301369863,-0.012245916122458015,IM2312,0.3506849315068493,0.017060234746588368,IM2403,0.6,0.02357988130264456,0.02357988130264456,0.02724807804627178,IM2308,0.024657534246575342,0.0,-0.05720173356103811,True,False,77.37613695113188,141.47928781586754,IM2312,0.3506849315068493,0.01705871887759426,0.01705871887759426,False,False,26.210654175720983,39.12697455030167,0.02561861619301016,16.703052426062214,0.8684931506849315,0.02960809361756183
2023-08-10,6426.814,4,4,0.021917808219178082,0.5972602739726027,0.03572025475163297,0.02590178283834372,-0.017065439277859893,IM2308,0.021917808219178082,0.03572025475163297,IM2309,0.09863013698630137,0.01623656458889388,IM2312,0.34794520547945207,0.024123377780371883,IM2403,0.5972602739726027,0.02590178283834372,0.02590178283834372,0.02690136266755571,IM2308,0.021917808219178082,0.03571754682802355,0.03571754682802355,False,False,36.85639434759131,58.62565889726619,IM2312,0.34794520547945207,0.02412042126975544,0.02412042126975544,False,False,6.710516322980632,10.63936498499353,0.027501560061646366,18.745373288984382,0.8657534246575342,0.03202939966286833
2023-08-11,6304.635,4,4,0.019178082191780823,0.5945205479452055,0.025252069603683765,0.02524663974472282,-9.437612003547745e-06,IM2308,0.019178082191780823,0.025252069603683765,IM2309,0.0958904109589041,0.011129463660636682,IM2312,0.3452054794520548,0.022866247347998633,IM2403,0.5945205479452055,0.02524663974472282,0.02524663974472282,0.026583070797383142,IM2308,0.019178082191780823,0.025251805106199753,0.025251805106199753,False,False,7.924683064436514,13.541971249170178,IM2312,0.3452054794520548,0.022864829819522946,0.022864829819522946,False,False,9.046507314596417,14.160349418311409,0.023281382618776925,24.3965012492301,0.863013698630137,0.028084978102460925
2023-08-14,6319.407,4,3,0.08767123287671233,0.5863013698630137,0.007745520843256245,0.027250596749768936,0.03911732255976446,IM2309,0.08767123287671233,0.007745520843256245,IM2312,0.336986301369863,0.02470283144256962,IM2403,0.5863013698630137,0.027250596749768936,,,,0.027250596749768936,0.028675243597597114,IM2309,0.08767123287671233,0.007738935591583803,0.007738935591583803,False,True,63.985040442580605,114.39713665346952,IM2312,0.336986301369863,0.024699106910773844,0.024699106910773844,False,False,11.035793232844105,14.959419877944358,0.02921123191032591,16.781985888451615,0.8547945205479452,0.0338432987874675
2023-08-15,6261.733,4,3,0.08493150684931507,0.5835616438356165,0.004089906649934971,0.024201246071804468,0.040333180708694315,IM2309,0.08493150684931507,0.004089906649934971,IM2312,0.33424657534246577,0.02082812740298346,IM2403,0.5835616438356165,0.024201246071804468,,,,0.024201246071804468,0.02608446487639928,IM2309,0.08493150684931507,0.004079152404903027,0.004079152404903027,False,False,65.19954303150637,117.42482057671192,IM2312,0.33424657534246577,0.02082801280124332,0.02082801280124332,False,False,13.205594839607468,19.684895524097023,0.02645177905400186,15.997116731714062,0.852054794520548,0.03024552765812789
2023-08-16,6186.403,4,3,0.0821917808219178,0.5808219178082191,-0.006711585779315049,0.02178290065494576,0.05714553598079779,IM2309,0.0821917808219178,-0.006711585779315049,IM2312,0.3315068493150685,0.017661859088440618,IM2403,0.5808219178082191,0.02178290065494576,,,,0.02178290065494576,0.02407984006547443,IM2309,0.0821917808219178,0.0,-0.006740929529916437,True,False,69.77081448105533,126.51986133831602,IM2312,0.3315068493150685,0.01766095269638964,0.01766095269638964,False,False,15.70178113768623,23.941177183944077,0.02472635059098856,27.611501100894046,0.8493150684931506,0.03179398488125631
2023-08-17,6247.601,4,3,0.07945205479452055,0.5780821917808219,-0.00012754686291445091,0.025102451633647428,0.05059862335848948,IM2309,0.07945205479452055,-0.00012754686291445091,IM2312,0.3287671232876712,0.020876949631987704,IM2403,0.5780821917808219,0.025102451633647428,,,,0.025102451633647428,0.027453415866393827,IM2309,0.07945205479452055,0.0,-0.0001436491796818623,True,False,80.33168380747946,145.11280259450837,IM2312,0.3287671232876712,0.02087682322649367,0.02087682322649367,False,False,15.09930215370388,24.427605312586408,0.026849444538071185,25.939589959637427,0.8465753424657534,0.034098245637486396
2023-08-18,6117.107,3,3,0.07671232876712329,0.5753424657534246,-0.0019162174104586857,0.020087232188082973,0.044127797271800585,IM2309,0.07671232876712329,-0.0019162174104586857,IM2312,0.32602739726027397,0.01654567234930221,IM2403,0.5753424657534246,0.020087232188082973,,,,0.020087232188082973,0.02205393612384426,IM2309,0.07671232876712329,0.0,-0.0019346509948007726,True,False,73.6400388197758,115.57037697253276,IM2312,0.32602739726027397,0.01654372647756803,0.01654372647756803,False,False,14.331517471071379,20.3872931289916,0.022864445235910837,38.197486710949875,0.8438356164383561,0.02965920313014359
2023-08-21,6057.171,4,4,0.0684931506849315,0.5671232876712329,0.028127606163207794,0.024947311242403448,-0.006378063989525199,IM2309,0.0684931506849315,0.028127606163207794,IM2310,0.1643835616438356,0.02559763701720366,IM2312,0.3178082191780822,0.023727365385746595,IM2403,0.5671232876712329,0.024947311242403448,0.024947311242403448,0.025620476007142477,IM2309,0.0684931506849315,0.0281253443232825,0.0281253443232825,False,False,11.591670116875742,18.02336569156171,IM2312,0.3178082191780822,0.023725158562271722,0.023725158562271722,False,False,4.080662565041122,6.931112459925954,0.023511771462273443,22.480925707155677,0.8356164383561644,0.028211833930160687
2023-08-22,6099.195,4,4,0.06575342465753424,0.5643835616438356,0.057935983922621004,0.02978648184169492,-0.05645367175570341,IM2309,0.06575342465753424,0.057935983922621004,IM2310,0.16164383561643836,0.03665191229396489,IM2312,0.3150684931506849,0.033138186534491736,IM2403,0.5643835616438356,0.02978648184169492,0.02978648184169492,0.027941354028725184,IM2309,0.06575342465753424,0.05788870908373901,0.05788870908373901,False,False,90.02055676737594,158.60435100989255,IM2312,0.3150684931506849,0.033111031723109995,0.033111031723109995,False,False,12.760034756675692,18.763213029355455,0.020135331334024464,34.34579498333427,0.8328767123287671,0.02558304244109635
2023-08-23,5973.671,4,4,0.06301369863013699,0.5616438356164384,0.017000998841818386,0.0233625610996111,0.012758078154364512,IM2309,0.06301369863013699,0.017000998841818386,IM2310,0.1589041095890411,0.024079317361139368,IM2312,0.31232876712328766,0.024114126976216746,IM2403,0.5616438356164384,0.0233625610996111,0.0233625610996111,0.022949839088794093,IM2309,0.06301369863013699,0.01700071545111318,0.01700071545111318,False,False,21.77627897796526,35.73091391622274,IM2312,0.31232876712328766,0.024111484863283857,0.024111484863283857,False,False,3.0729101223266833,4.4805802327046305,0.014515051469166922,28.813303706171887,0.8301369863013699,0.019364610383738642
2023-08-24,5987.966,4,4,0.06027397260273973,0.5589041095890411,0.04874605458043503,0.02885625954984173,-0.03988887464926678,IM2309,0.06027397260273973,0.04874605458043503,IM2310,0.15616438356164383,0.033237828532833094,IM2312,0.3095890410958904,0.03349556290103601,IM2403,0.5589041095890411,0.02885625954984173,0.02885625954984173,0.026315153246416242,IM2309,0.06027397260273973,0.04872116569071424,0.04872116569071424,False,False,61.5086319594213,111.02577678734141,IM2312,0.3095890410958904,0.03346740936413668,0.03346740936413668,False,False,13.685154377448766,25.771905811402164,0.018343144207017437,35.62100330906899,0.8273972602739726,0.02281337519799394
2023-08-25,5879.027,4,4,0.057534246575342465,0.5561643835616439,0.01180374273925732,0.02270166026796461,0.02185571372515473,IM2309,0.057534246575342465,0.01180374273925732,IM2310,0.15342465753424658,0.012495350538413273,IM2312,0.30684931506849317,0.022011180009661548,IM2403,0.5561643835616439,0.02270166026796461,0.02270166026796461,0.02307884147545071,IM2309,0.057534246575342465,0.011801809899430067,0.011801809899430067,False,False,34.122767801101105,60.62108561130165,IM2312,0.30684931506849317,0.022010559558337247,0.022010559558337247,False,False,8.099078970665518,14.598676852486415,0.017592795273752924,27.775656730252862,0.8246575342465754,0.021619689145132348
2023-08-28,5922.162,4,4,0.049315068493150684,0.547945205479452,0.06992241587711426,0.03384645326157397,-0.07235014480589125,IM2309,0.049315068493150684,0.06992241587711426,IM2310,0.14520547945205478,0.04348608620324182,IM2312,0.29863013698630136,0.039486216390285864,IM2403,0.547945205479452,0.03384645326157397,0.03384645326157397,0.030792678163880653,IM2309,0.049315068493150684,0.06986101359604785,0.06986101359604785,False,False,110.2699174930644,197.34005662725522,IM2312,0.29863013698630136,0.03942962938940829,0.03942962938940829,False,False,17.29715764971131,30.592745905942543,0.0256376128298317,29.792909343522666,0.8164383561643835,0.02941451852016637
2023-08-29,6108.759,4,4,0.04657534246575343,0.5452054794520548,0.05362353934602784,0.02931915524874731,-0.04874230876652415,IM2309,0.04657534246575343,0.05362353934602784,IM2310,0.14246575342465753,0.033754881301412895,IM2312,0.2958904109589041,0.029284545098385656,IM2403,0.5452054794520548,0.02931915524874731,0.02931915524874731,0.029337836289713252,IM2309,0.04657534246575343,0.05359722538426882,0.05359722538426882,False,False,76.6402398416655,132.3653686840768,IM2312,0.2958904109589041,0.02927180348135571,0.02927180348135571,False,False,6.509583811795738,11.341904375326997,0.02237267118284841,17.66632583160714,0.8136986301369863,0.024217446663756522
2023-08-30,6139.627,4,4,0.043835616438356165,0.5424657534246575,0.062497911470373646,0.030426250006940606,-0.06431954084699484,IM2309,0.043835616438356165,0.062497911470373646,IM2310,0.13972602739726028,0.031464350410980654,IM2312,0.29315068493150687,0.030922350751424264,IM2403,0.5424657534246575,0.030426250006940606,0.030426250006940606,0.030159357813558746,IM2309,0.043835616438356165,0.062458350890048114,0.062458350890048114,False,False,100.76674043976206,173.76317739329562,IM2312,0.29315068493150687,0.03090488329142012,0.03090488329142012,False,False,7.056023653028376,13.848998653787065,0.02263238123044884,20.855949906100474,0.810958904109589,0.025169649080081388
2023-08-31,6104.295,4,4,0.0410958904109589,0.5397260273972603,-0.005120425561135726,0.02550039906639127,0.06140989554421623,IM2309,0.0410958904109589,-0.005120425561135726,IM2310,0.136986301369863,0.013180694746847875,IM2312,0.29041095890410956,0.021294839168272194,IM2403,0.5397260273972603,0.02550039906639127,0.02550039906639127,0.027755181865298528,IM2309,0.0410958904109589,0.0,-0.005133396512893587,True,False,75.98944999670306,137.63229085148166,IM2312,0.29041095890410956,0.021294595746048132,0.021294595746048132,False,False,13.753771908331172,22.699815181030726,0.01987078947430391,15.829567906098278,0.8082191780821918,0.02252029192406487
2023-09-01,6107.2,4,4,0.038356164383561646,0.536986301369863,0.03793582485440414,0.02892519697802448,-0.018070764697135026,IM2309,0.038356164383561646,0.03793582485440414,IM2310,0.13424657534246576,0.027566009311758503,IM2312,0.2876712328767123,0.026951129786586522,IM2403,0.536986301369863,0.02892519697802448,0.02892519697802448,0.029979835614546133,IM2309,0.038356164383561646,0.03792965679853211,0.03792965679853211,False,False,29.70260535971698,48.3527157484782,IM2312,0.2876712328767123,0.026944184537844376,0.026944184537844376,False,False,5.736587060785738,10.637765432198758,0.026213280163142474,14.98800771377031,0.8054794520547945,0.029535010131543075
2023-09-04,6198.762,4,4,0.030136986301369864,0.5287671232876713,0.024079217699973947,0.028243827826353755,0.008352102725981483,IM2309,0.030136986301369864,0.024079217699973947,IM2310,0.12602739726027398,0.022767970822305826,IM2312,0.27945205479452057,0.026912114183857024,IM2403,0.5287671232876713,0.028243827826353755,0.028243827826353755,0.028947232437040574,IM2309,0.030136986301369864,0.02407896697026536,0.02407896697026536,False,False,11.730302881648871,22.022414937672075,IM2312,0.27945205479452057,0.026905442744604442,0.026905442744604442,False,False,4.41583281613323,7.076940295278887,0.025137433858621095,6.929156017581816,0.7972602739726027,0.025904437834978623
2023-09-05,6167.642,4,4,0.0273972602739726,0.5260273972602739,0.05221987968674473,0.031451815367252764,-0.04165023888249762,IM2309,0.0273972602739726,0.05221987968674473,IM2310,0.1232876712328767,0.030846363262105374,IM2312,0.27671232876712326,0.03211523592779442,IM2403,0.5260273972602739,0.031451815367252764,0.031451815367252764,0.031102818002979263,IM2309,0.0273972602739726,0.05220566303945662,0.05220566303945662,False,False,62.65437921353832,109.1709247414556,IM2312,0.27671232876712326,0.032094950830912794,0.032094950830912794,False,False,3.324852435275174,5.513679138583074,0.02550750135432836,14.017388587782987,0.7945205479452054,0.02656404629921855
2023-09-06,6195.383,4,4,0.024657534246575342,0.5232876712328767,0.12869940753080888,0.03411226876396242,-0.18969398708735694,IM2309,0.024657534246575342,0.12869940753080888,IM2310,0.12054794520547946,0.04250248751871085,IM2312,0.273972602739726,0.037352128315874214,IM2403,0.5232876712328767,0.03411226876396242,0.03411226876396242,0.03241503690476431,IM2309,0.024657534246575342,0.12855386628684018,0.12855386628684018,False,False,281.70433913527364,494.20123635259404,IM2312,0.273972602739726,0.03731094752334106,0.03731094752334106,False,False,14.379993836604056,22.534140823760545,0.027390335571083904,21.921265948027337,0.7917808219178082,0.03047456093064039
2023-09-07,6083.489,4,4,0.021917808219178082,0.5205479452054794,0.06719068970196337,0.03225628072841758,-0.07006076524914404,IM2309,0.021917808219178082,0.06719068970196337,IM2310,0.1178082191780822,0.0346480709978809,IM2312,0.27123287671232876,0.03438462728085347,IM2403,0.5205479452054794,0.03225628072841758,0.03225628072841758,0.031146131578306133,IM2309,0.021917808219178082,0.06716629305978676,0.06716629305978676,False,False,102.95239508573535,181.72335186192055,IM2312,0.27123287671232876,0.03435660232528243,0.03435660232528243,False,False,6.546906100083761,10.933180915187624,0.02624320752203867,21.31989709820833,0.7890410958904109,0.028523159064543537
2023-09-08,6102.488,4,4,0.019178082191780823,0.5178082191780822,0.25196929447544303,0.04083658903420167,-0.4234254806925994,IM2309,0.019178082191780823,0.25196929447544303,IM2310,0.11506849315068493,0.06324015299322946,IM2312,0.2684931506849315,0.04774338844945909,IM2403,0.5178082191780822,0.04083658903420167,0.04083658903420167,0.03725000236208485,IM2309,0.019178082191780823,0.25145407484385845,0.25145407484385845,False,False,619.5673641490233,1090.5946525486331,IM2312,0.2684931506849315,0.04764031553647508,0.04764031553647508,False,False,27.834511725490586,39.18637952254218,0.031666802363022675,30.40104633643452,0.7863013698630137,0.035002799584058934
2023-09-11,6182.643,4,3,0.10684931506849316,0.5095890410958904,0.06133020979487605,0.0385098206816139,-0.05666287092748766,IM2310,0.10684931506849316,0.06133020979487605,IM2312,0.2602739726027397,0.04371425217347925,IM2403,0.5095890410958904,0.0385098206816139,,,,0.0385098206816139,0.035845320982105536,IM2310,0.10684931506849316,0.061239084718548706,0.061239084718548706,False,True,63.39345094867224,115.82583865396927,IM2312,0.2602739726027397,0.04364121792675309,0.04364121792675309,False,False,20.71429642537876,26.149038016325946,0.03267262248320789,25.84997089204517,0.7780821917808219,0.03718538552313806
2023-09-12,6184.606,4,3,0.10410958904109589,0.5068493150684932,0.05080990376664611,0.03621041081238764,-0.03625044168914518,IM2310,0.10410958904109589,0.05080990376664611,IM2312,0.25753424657534246,0.03863263521916374,IM2403,0.5068493150684932,0.03621041081238764,,,,0.03621041081238764,0.03497650935332844,IM2310,0.10410958904109589,0.050760543534262195,0.050760543534262195,False,False,40.99464070358593,73.74724804237813,IM2312,0.25753424657534246,0.0385880019010274,0.0385880019010274,False,False,12.760394940614267,18.551848285784004,0.03413547233644228,19.42768976294215,0.7753424657534247,0.0383482994056646
2023-09-13,6103.137,4,3,0.10136986301369863,0.5041095890410959,0.05422429436615836,0.039118044980050816,-0.037508714462103764,IM2310,0.10136986301369863,0.05422429436615836,IM2312,0.2547945205479452,0.04421337591408897,IM2403,0.5041095890410959,0.039118044980050816,,,,0.039118044980050816,0.036535786795114364,IM2310,0.10136986301369863,0.05416499558319694,0.05416499558319694,False,False,40.52317733600861,75.85312084873746,IM2312,0.2547945205479452,0.044138837848240936,0.044138837848240936,False,False,15.262309239487681,25.31029829443772,0.036994711900477026,15.960167181122596,0.7726027397260274,0.04094233807090415
2023-09-14,6068.713,4,3,0.09863013698630137,0.5013698630136987,0.03657501054663501,0.03885957025190542,0.005672546206963942,IM2310,0.09863013698630137,0.03657501054663501,IM2312,0.25205479452054796,0.038158730460173845,IM2403,0.5013698630136987,0.03885957025190542,,,,0.03885957025190542,0.03921287031129887,IM2310,0.09863013698630137,0.03656146954973008,0.03656146954973008,False,False,9.449277572198003,14.428812451543127,IM2312,0.25205479452054796,0.038117237578608555,0.038117237578608555,False,False,7.509979818427373,14.471436233155492,0.03277566747540325,21.275426547929598,0.7698630136986301,0.03678499363997795
2023-09-15,6079.063,3,3,0.0958904109589041,0.4986301369863014,0.0400269767340597,0.040046718765491277,4.9019329745069086e-05,IM2310,0.0958904109589041,0.0400269767340597,IM2312,0.2493150684931507,0.043334406139701964,IM2403,0.4986301369863014,0.040046718765491277,,,,0.040046718765491277,0.0383983713970514,IM2310,0.0958904109589041,0.04000775918450482,0.04000775918450482,False,False,4.789771381076044,8.293832134875993,IM2312,0.2493150684931507,0.043266662229772115,0.043266662229772115,False,False,9.44213480700604,16.05560850682471,0.03315757608565342,14.818170575414788,0.7671232876712328,0.0345246159052325
2023-09-18,6083.969,4,4,0.08767123287671233,0.4904109589041096,0.02069182369153412,0.03688437874999547,0.04020600405672376,IM2310,0.08767123287671233,0.02069182369153412,IM2311,0.1643835616438356,0.03278108299559167,IM2312,0.2410958904109589,0.036373066185802876,IM2403,0.4904109589041096,0.03688437874999547,0.03688437874999547,0.03713634816293253,IM2310,0.08767123287671233,0.020691802711354453,0.020691802711354453,False,False,45.08398486280503,79.41016742237618,IM2312,0.2410958904109589,0.036340792499107114,0.036340792499107114,False,False,7.575984488475112,13.719643886091573,0.0295907249149845,19.901823400213207,0.7589041095890411,0.032711158783688736
2023-09-19,6031.042,4,4,0.08493150684931507,0.4876712328767123,0.004084182306560241,0.030034830411221722,0.06443528270885333,IM2310,0.08493150684931507,0.004084182306560241,IM2311,0.16164383561643836,0.020248240466799218,IM2312,0.23835616438356164,0.026573329998415884,IM2403,0.4876712328767123,0.030034830411221722,0.030034830411221722,0.03173030384840186,IM2310,0.08493150684931507,0.004073420319782979,0.004073420319782979,False,False,69.98021760872152,126.60632866509815,IM2312,0.23835616438356164,0.026568183160678892,0.026568183160678892,False,False,13.737061107131654,19.09600072541763,0.02639700008865374,17.436784689562263,0.7561643835616438,0.03056390262558673
2023-09-20,5982.558,4,4,0.0821917808219178,0.4849315068493151,0.010563272958729707,0.027513505285051656,0.042087311558554504,IM2310,0.0821917808219178,0.010563272958729707,IM2311,0.1589041095890411,0.019324710993207483,IM2312,0.2356164383561644,0.026075619821139824,IM2403,0.4849315068493151,0.027513505285051656,0.027513505285051656,0.028213421954644508,IM2310,0.0821917808219178,0.010559612348653444,0.010559612348653444,False,False,45.524078437532474,82.2147684860959,IM2312,0.2356164383561644,0.026071273222264872,0.026071273222264872,False,False,9.032062065067244,12.746301586465329,0.025955167091985764,20.68781313588713,0.7534246575342466,0.030881682844823455
2023-09-21,5939.664,4,4,0.07945205479452055,0.4821917808219178,0.015474608479112188,0.029962238712575973,0.03597268731438286,IM2310,0.07945205479452055,0.015474608479112188,IM2311,0.15616438356164383,0.023735602734257333,IM2312,0.2328767123287671,0.029020395284587525,IM2403,0.4821917808219178,0.029962238712575973,0.029962238712575973,0.030417777314732664,IM2310,0.07945205479452055,0.015473794825592864,0.015473794825592864,False,False,38.866367663245995,69.86208559202949,IM2312,0.2328767123287671,0.02901092761357224,0.02901092761357224,False,False,7.151529297103662,10.754883695872726,0.031105388396404567,21.407745060872845,1.0,0.03469287657690315
2023-09-22,6054.928,4,4,0.07671232876712329,0.4794520547945205,-0.0016660931501146538,0.024458011910322527,0.06486597515006512,IM2310,0.07671232876712329,-0.0016660931501146538,IM2311,0.15342465753424658,0.011961687470339297,IM2312,0.23013698630136986,0.019230761631105618,IM2403,0.4794520547945205,0.024458011910322527,0.024458011910322527,0.026969735964403573,IM2310,0.07671232876712329,0.0,-0.0016841082644939477,True,False,63.34049948684958,117.2644406659293,IM2312,0.23013698630136986,0.01923069353787597,0.01923069353787597,False,False,15.88615246209911,25.062485347347668,0.03194820511639766,12.60945017276486,0.9972602739726028,0.03421445445227503
2023-09-25,6027.394,4,4,0.0684931506849315,0.4712328767123288,0.01029959344996398,0.028747344166270512,0.04580563953368629,IM2310,0.0684931506849315,0.01029959344996398,IM2311,0.14520547945205478,0.0204501920589926,IM2312,0.2219178082191781,0.026878824096470716,IM2403,0.4712328767123288,0.028747344166270512,0.028747344166270512,0.02962678340309665,IM2310,0.0684931506849315,0.01029637020576533,0.01029637020576533,False,False,47.77910207492505,86.9470553755293,IM2312,0.2219178082191781,0.02687357638913627,0.02687357638913627,False,False,8.570727303543302,11.352043109021286,0.03529522809233466,15.675038986092359,0.989041095890411,0.03801657195925606
2023-09-26,5996.11,4,4,0.06575342465753424,0.4684931506849315,-0.008102325884599054,0.02645657630130587,0.08580951903302923,IM2310,0.06575342465753424,-0.008102325884599054,IM2311,0.14246575342465753,0.011003617193047497,IM2312,0.2191780821917808,0.019322840362932466,IM2403,0.4684931506849315,0.02645657630130587,0.02645657630130587,0.029789876971592043,IM2310,0.06575342465753424,0.0,-0.008128305962810705,True,False,66.0126804137417,123.94724787735173,IM2312,0.2191780821917808,0.01932279010892037,0.01932279010892037,False,False,19.891203556853434,33.42129969583257,0.03290067504931762,17.619379865554617,0.9863013698630136,0.03610417257024394
2023-09-27,6034.061,4,4,0.06301369863013699,0.4657534246575342,-0.022388866860844233,0.026578921009289134,0.12158668416733796,IM2310,0.06301369863013699,-0.022388866860844233,IM2311,0.13972602739726028,0.006563690134431706,IM2312,0.21643835616438356,0.01974043652737526,IM2403,0.4657534246575342,0.026578921009289134,0.026578921009289134,0.029750586023405745,IM2310,0.06301369863013699,0.0,-0.022445529311599637,True,False,66.01735696343002,123.79223483778621,IM2312,0.21643835616438356,0.019740429236167062,0.019740429236167062,False,False,22.683625613092193,31.850509628240136,0.03193333140003478,21.060935632523716,0.9835616438356164,0.03578930797694028
2023-09-28,6078.945,4,4,0.06027397260273973,0.46301369863013697,0.030770352945021076,0.035884479550859466,0.012698341572319811,IM2310,0.06027397260273973,0.030770352945021076,IM2311,0.136986301369863,0.03796904376756356,IM2312,0.2136986301369863,0.039241820047136,IM2403,0.46301369863013697,0.035884479550859466,0.035884479550859466,0.03433918310325821,IM2310,0.06027397260273973,0.030766857795823374,0.030766857795823374,False,False,15.706756425197462,23.695289769892838,IM2312,0.2136986301369863,0.03920231350872665,0.03920231350872665,False,False,8.134534646626987,15.362025722727195,0.03663420385020337,16.68896203001326,0.9808219178082191,0.0398817535872862
2023-10-09,6059.965,4,4,0.030136986301369864,0.4328767123287671,0.04719739371862065,0.03620672942951819,-0.027289744663417676,IM2310,0.030136986301369864,0.04719739371862065,IM2311,0.10684931506849316,0.046237389596443496,IM2312,0.18356164383561643,0.044836795352936706,IM2403,0.4328767123287671,0.03620672942951819,0.03620672942951819,0.032603225461675614,IM2310,0.030136986301369864,0.047186250625660724,0.047186250625660724,False,False,23.86691295041097,47.52779038330221,IM2312,0.18356164383561643,0.04478026478922496,0.04478026478922496,False,False,18.57638403664165,37.11283799544275,0.03556529289582591,20.408432043749844,0.9506849315068493,0.03904961549297163
2023-10-10,6043.482,4,4,0.0273972602739726,0.4301369863013699,0.07852195480832538,0.04066533235251875,-0.09399773602972396,IM2310,0.0273972602739726,0.07852195480832538,IM2311,0.10410958904109589,0.05069501530209396,IM2312,0.18082191780821918,0.046125076744041316,IM2403,0.4301369863013699,0.04066533235251875,0.04066533235251875,0.03840878046310668,IM2310,0.0273972602739726,0.07847506454060628,0.07847506454060628,False,False,87.6183954984117,162.63364256245922,IM2312,0.18082191780821918,0.046063466542812695,0.046063466542812695,False,False,12.663757194494769,23.21937172263358,0.03674464672855589,20.03868238833891,0.947945205479452,0.04077509691472955
2023-10-11,6059.401,4,4,0.024657534246575342,0.4273972602739726,0.14737345755471648,0.0449224837032019,-0.25438507112791037,IM2310,0.024657534246575342,0.14737345755471648,IM2311,0.10136986301369863,0.06765491915171412,IM2312,0.1780821917808219,0.055513799801100105,IM2403,0.4273972602739726,0.0449224837032019,0.0449224837032019,0.040590614692515556,IM2310,0.024657534246575342,0.14717364490501939,0.14717364490501939,False,False,236.7102416416752,437.01866157489104,IM2312,0.1780821917808219,0.0554017348731843,0.0554017348731843,False,False,25.858169099707077,44.78803239773256,0.03654198484736529,22.240694438071305,0.9452054794520548,0.041363373637335735
2023-10-12,6104.456,4,4,0.021917808219178082,0.4246575342465753,0.10570314230915667,0.04226903857710322,-0.15750644804217356,IM2310,0.021917808219178082,0.10570314230915667,IM2311,0.09863013698630137,0.05903310167593545,IM2312,0.17534246575342466,0.05134243682133294,IM2403,0.4246575342465753,0.04226903857710322,0.04226903857710322,0.03859761083655083,IM2310,0.021917808219178082,0.1056226992216843,0.1056226992216843,False,False,144.5255056247167,269.0360931482219,IM2312,0.17534246575342466,0.05125647068305525,0.05125647068305525,False,False,20.358603095934026,38.165807573221656,0.03668734261191951,14.319723278179259,0.9424657534246575,0.0398760798899344
2023-10-13,6081.866,4,4,0.019178082191780823,0.42191780821917807,-6.702259296782753e-06,0.03652874579405786,0.09071726897601663,IM2310,0.019178082191780823,-6.702259296782753e-06,IM2311,0.0958904109589041,0.03693095979727839,IM2312,0.1726027397260274,0.03991135147985267,IM2403,0.42191780821917807,0.03652874579405786,0.03652874579405786,0.03517499064182934,IM2310,0.019178082191780823,0.0,-1.0540937833855568e-05,True,False,86.2453429027236,154.12128362424505,IM2312,0.1726027397260274,0.03987717543601213,0.03987717543601213,False,False,8.155997677546805,14.127620955094711,0.03546136723969627,10.548899558357364,0.9397260273972603,0.0378326142915728
2023-10-16,6024.359,4,3,0.08767123287671233,0.4136986301369863,0.0658335252933954,0.04207200973235771,-0.07288195949393912,IM2311,0.08767123287671233,0.0658335252933954,IM2312,0.1643835616438356,0.05377917182282588,IM2403,0.4136986301369863,0.04207200973235771,,,,0.04207200973235771,0.03754634478454463,IM2311,0.08767123287671233,0.06574156250482523,0.06574156250482523,False,True,50.371720201268246,97.92061557924931,IM2312,0.1643835616438356,0.05368556167829125,0.05368556167829125,False,False,25.653959323351394,48.04510531057409,0.03761894390607186,18.26912663507357,0.9315068493150684,0.0404507503043261
2023-10-17,6011.37,4,3,0.08493150684931507,0.410958904109589,0.05328536155279322,0.04210848151301671,-0.03428202701275988,IM2311,0.08493150684931507,0.05328536155279322,IM2312,0.16164383561643836,0.05091996479191653,IM2403,0.410958904109589,0.04210848151301671,,,,0.04210848151301671,0.03874332524648519,IM2311,0.08493150684931507,0.053238357398751365,0.053238357398751365,False,False,23.093429620052873,45.73921596877248,IM2312,0.16164383561643836,0.05084282403489482,0.05084282403489482,False,False,18.179189279538697,35.89455830908996,0.04118419176791874,16.289075103374262,0.9287671232876712,0.04527269759892889
2023-10-18,5908.008,4,3,0.0821917808219178,0.40821917808219177,0.06251331056624138,0.04191079413036076,-0.06319259242938173,IM2311,0.0821917808219178,0.06251331056624138,IM2312,0.1589041095890411,0.05590084374688328,IM2403,0.40821917808219177,0.04191079413036076,,,,0.04191079413036076,0.03663404141033083,IM2311,0.0821917808219178,0.062439121048358234,0.062439121048358234,False,False,42.25620726806245,83.80056741867298,IM2312,0.1589041095890411,0.05579863478344245,0.05579863478344245,False,False,28.54411749761417,56.692828967374744,0.03732552647708073,21.724807979584952,0.9260273972602739,0.04139076836729652
2023-10-19,5842.892,4,3,0.07945205479452055,0.4054794520547945,0.04693789490915716,0.04242675458603997,-0.013836690907040119,IM2311,0.07945205479452055,0.04693789490915716,IM2312,0.15616438356164383,0.05064138996394223,IM2403,0.4054794520547945,0.04242675458603997,,,,0.04242675458603997,0.03936769015764097,IM2311,0.07945205479452055,0.04690908826514789,0.04690908826514789,False,False,9.826807025518868,18.174942041314033,IM2312,0.15616438356164383,0.05056819579527836,0.05056819579527836,False,False,16.740890514934296,33.01187120458291,0.03802469772645775,18.686604466614554,0.9232876712328767,0.04129584169570655
2023-10-20,5774.32,3,3,0.07671232876712329,0.40273972602739727,0.038344063780056475,0.042600467103219256,0.013055354730709368,IM2311,0.07671232876712329,0.038344063780056475,IM2312,0.15342465753424658,0.04977704114713083,IM2403,0.40273972602739727,0.042600467103219256,,,,0.042600467103219256,0.039962754746510766,IM2311,0.07671232876712329,0.038331162803585284,0.038331162803585284,False,False,14.18945337034679,17.560799650371973,IM2312,0.15342465753424658,0.049709125923052086,0.049709125923052086,False,False,17.27873036927111,28.6293930552171,0.03745352282323022,19.045864675695572,0.9205479452054794,0.03984366820222262
2023-10-23,5638.136,4,4,0.0684931506849315,0.663013698630137,0.11387562884555026,0.05357879614625019,-0.10142093979375355,IM2311,0.0684931506849315,0.11387562884555026,IM2312,0.14520547945205478,0.08521160182553757,IM2403,0.39452054794520547,0.059570696625737274,IM2406,0.663013698630137,0.05357879614625019,0.05357879614625019,0.050611825464319096,IM2311,0.0684931506849315,0.11357447213050663,0.11357447213050663,False,False,226.55994063160688,397.77955036137155,IM2312,0.14520547945205478,0.08490382704028208,0.08490382704028208,False,False,115.66944183602868,207.68924592755474,0.046924086188903306,38.52633656347313,0.9123287671232877,0.0527086697833119
2023-10-24,5719.323,4,4,0.06575342465753424,0.6602739726027397,0.13778301657694683,0.05724209093825455,-0.1354720638623165,IM2311,0.06575342465753424,0.13778301657694683,IM2312,0.14246575342465753,0.09219430995225046,IM2403,0.3917808219178082,0.06271818596734989,IM2406,0.6602739726027397,0.05724209093825455,0.05724209093825455,0.05452746647485174,IM2311,0.06575342465753424,0.137328098389735,0.137328098389735,False,False,303.8066556611826,528.7870628988151,IM2312,0.14246575342465753,0.09182431247679022,0.09182431247679022,False,False,128.50565237460833,228.33740796676892,0.04754133364262321,38.620025326119396,0.9095890410958904,0.05304880139912857
2023-10-25,5778.905,4,4,0.06301369863013699,0.6575342465753424,0.1283049721968848,0.0595389443156933,-0.11566636026099031,IM2311,0.06301369863013699,0.1283049721968848,IM2312,0.13972602739726028,0.09182373218937759,IM2403,0.38904109589041097,0.0631063698196383,IM2406,0.6575342465753424,0.0595389443156933,0.0595389443156933,0.057768695428496664,IM2311,0.06301369863013699,0.1279362372057605,0.1279362372057605,False,False,259.0466038166319,449.7356244826342,IM2312,0.13972602739726028,0.09146453605066736,0.09146453605066736,False,False,119.1405407129872,209.92169907928175,0.048184225131629885,40.86594648845269,0.9068493150684932,0.054382649947464765
2023-10-26,5811.692,4,4,0.06027397260273973,0.6547945205479452,0.1084240553013648,0.05839569655687618,-0.08414908268082187,IM2311,0.06027397260273973,0.1084240553013648,IM2312,0.136986301369863,0.08268593099958539,IM2403,0.3863013698630137,0.06189139821239319,IM2406,0.6547945205479452,0.05839569655687618,0.05839569655687618,0.056659475264957945,IM2311,0.06027397260273973,0.10818883788685993,0.10818883788685993,False,False,186.75576976127604,326.0427610374274,IM2312,0.136986301369863,0.08241755413053549,0.08241755413053549,False,False,88.42304398509087,157.29380712615236,0.049803828054790326,32.776818404377934,0.9041095890410958,0.05538526672049672
2023-10-27,5916.678,4,4,0.057534246575342465,0.6520547945205479,0.04845356490757883,0.048959647717773336,0.0008512452798202532,IM2311,0.057534246575342465,0.04845356490757883,IM2312,0.13424657534246576,0.05037557065712235,IM2403,0.3835616438356164,0.049548005341040854,IM2406,0.6520547945205479,0.048959647717773336,0.048959647717773336,0.048667195983311595,IM2311,0.057534246575342465,0.04843028759429786,0.04843028759429786,False,False,3.0460582400059115,4.2871365628489,IM2312,0.13424657534246576,0.050313721756066715,0.050313721756066715,False,False,4.6833438398337055,8.829304688049703,0.04523052616475291,25.864517791090343,0.9013698630136986,0.050224013423348896
2023-10-30,6006.559,4,4,0.049315068493150684,0.6438356164383562,0.12682213705718215,0.05365687767288166,-0.12306598928695704,IM2311,0.049315068493150684,0.12682213705718215,IM2312,0.12602739726027398,0.08573999270550035,IM2403,0.37534246575342467,0.05912299953875412,IM2406,0.6438356164383562,0.05365687767288166,0.05365687767288166,0.05093527771673996,IM2311,0.049315068493150684,0.12654126412291844,0.12654126412291844,False,False,267.80541322284637,469.2556387879072,IM2312,0.12602739726027398,0.0854684139961581,0.0854684139961581,False,False,114.17436166575358,204.81400098547897,0.04939962196879372,21.198321222945275,0.8931506849315068,0.05188309762510547
2023-10-31,5969.341,4,4,0.04657534246575343,0.6410958904109589,0.10772895040411992,0.05235402586293496,-0.09314215418217747,IM2311,0.04657534246575343,0.10772895040411992,IM2312,0.1232876712328767,0.07527482455316939,IM2403,0.3726027397260274,0.05509094530176224,IM2406,0.6410958904109589,0.05235402586293496,0.05235402586293496,0.050990845635869066,IM2311,0.04657534246575343,0.10754996376238209,0.10754996376238209,False,False,203.10436928672038,353.8588895471412,IM2312,0.1232876712328767,0.0750869108592652,0.0750869108592652,False,False,82.19228911019707,145.7395914833225,0.04855832438087214,19.66526598226589,0.8904109589041096,0.05190216095736734
2023-11-01,5958.418,4,4,0.043835616438356165,0.6383561643835617,0.10522320169952498,0.052359010899953984,-0.08891903060757333,IM2311,0.043835616438356165,0.10522320169952498,IM2312,0.12054794520547946,0.0733794041964467,IM2403,0.3698630136986301,0.05407260919753652,IM2406,0.6383561643835617,0.052359010899953984,0.052359010899953984,0.05150532564239399,IM2311,0.043835616438356165,0.10506421083582866,0.10506421083582866,False,False,193.79435925981585,336.4468927413378,IM2312,0.12054794520547946,0.07320802968475534,0.07320802968475534,False,False,75.69558929098278,133.0909966262666,0.04858705063587683,18.944690802969728,0.8876712328767123,0.05165190855490838
2023-11-02,5885.247,4,4,0.0410958904109589,0.6356164383561644,0.05246610988027203,0.049424481158805406,-0.005116103609840179,IM2311,0.0410958904109589,0.05246610988027203,IM2312,0.1178082191780822,0.05214795189012883,IM2403,0.36712328767123287,0.046905891052986454,IM2406,0.6356164383561644,0.049424481158805406,0.049424481158805406,0.050679340338730075,IM2311,0.0410958904109589,0.05244446098297706,0.05244446098297706,False,False,13.98244621066852,20.333380016951452,IM2312,0.1178082191780822,0.052087151814272356,0.052087151814272356,False,False,12.7307265738008,19.021614849652128,0.047088161246056096,25.113082887244346,0.8849315068493151,0.051863680495805614
2023-11-03,5973.167,4,4,0.038356164383561646,0.6328767123287671,0.0862844749623729,0.048821870093653665,-0.06301313722157845,IM2311,0.038356164383561646,0.0862844749623729,IM2312,0.11506849315068493,0.0607852843790774,IM2403,0.3643835616438356,0.047041291335111445,IM2406,0.6328767123287671,0.048821870093653665,0.048821870093653665,0.04970902342423067,IM2311,0.038356164383561646,0.08620028489792213,0.08620028489792213,False,False,138.90255362919996,236.55928273386337,IM2312,0.11506849315068493,0.06068972918705477,0.06068972918705477,False,False,45.30749377703188,75.10891645412934,0.047461106611542944,20.221710659352798,0.8821917808219178,0.05082513882314693
2023-11-06,6096.57,4,4,0.030136986301369864,0.6246575342465753,0.07866974569331889,0.04849859913925239,-0.050748702729190194,IM2311,0.030136986301369864,0.07866974569331889,IM2312,0.10684931506849316,0.05933559891461242,IM2403,0.3561643835616438,0.04626713833895942,IM2406,0.6246575342465753,0.04849859913925239,0.04849859913925239,0.04960965077059759,IM2311,0.030136986301369864,0.07861790840065253,0.07861790840065253,False,False,110.79055559273665,188.14253456436347,IM2312,0.10684931506849316,0.0592530512007525,0.0592530512007525,False,False,40.88512093580178,67.17849506909577,0.051520602838985824,11.03421175451301,0.873972602739726,0.05460045333805355
2023-11-07,6116.757,4,4,0.0273972602739726,0.6219178082191781,0.13209900256497778,0.05195400533178231,-0.13480610133694168,IM2311,0.0273972602739726,0.13209900256497778,IM2312,0.10410958904109589,0.07410355794868435,IM2403,0.35342465753424657,0.051330469758484515,IM2406,0.6219178082191781,0.05195400533178231,0.05195400533178231,0.05226432627882864,IM2311,0.0273972602739726,0.13192703911565978,0.13192703911565978,False,False,288.1561898015377,497.36653887507475,IM2312,0.10410958904109589,0.0739514691062256,0.0739514691062256,False,False,79.62639424648957,136.80614456982664,0.05474540439197112,15.592068761795357,0.8712328767123287,0.0568054057132608
2023-11-08,6138.938,4,4,0.024657534246575342,0.6191780821917808,0.20764224145348406,0.05589572999701792,-0.2552418280258532,IM2311,0.024657534246575342,0.20764224145348406,IM2312,0.10136986301369863,0.09733552105358971,IM2403,0.3506849315068493,0.058505151752261064,IM2406,0.6191780821917808,0.05589572999701792,0.05589572999701792,0.054597803470059963,IM2311,0.024657534246575342,0.20720881907152716,0.20720881907152716,False,False,539.0094753768146,936.8974830366884,IM2312,0.10136986301369863,0.09703317607897212,0.09703317607897212,False,False,144.80886463262846,254.71404971292162,0.059678289106763,14.655278320424257,0.8684931506849315,0.062433213380399366
2023-11-09,6100.693,4,4,0.021917808219178082,0.6164383561643836,0.2335885855827309,0.055782223050812665,-0.29907521808364124,IM2311,0.021917808219178082,0.2335885855827309,IM2312,0.09863013698630137,0.09957359296222307,IM2403,0.34794520547945207,0.05941385693495725,IM2406,0.6164383561643836,0.055782223050812665,0.055782223050812665,0.05397706648217719,IM2311,0.021917808219178082,0.23308941869391195,0.23308941869391195,False,False,627.9213767282383,1092.9895621834874,IM2312,0.09863013698630137,0.09926214739502216,0.09926214739502216,False,False,151.5991500301259,268.0269308889622,0.05654599127582555,12.720847805753403,0.8657534246575342,0.0578909002094917
2023-11-10,6088.558,4,4,0.019178082191780823,0.6136986301369863,0.213547132185123,0.05833213925491666,-0.2610759097673978,IM2311,0.019178082191780823,0.213547132185123,IM2312,0.0958904109589041,0.09694532547188503,IM2403,0.3452054794520548,0.061092178079669976,IM2406,0.6136986301369863,0.05833213925491666,0.05833213925491666,0.0569613019677887,IM2311,0.019178082191780823,0.21318836601845148,0.21318836601845148,False,False,545.724840680874,950.3505423296386,IM2312,0.0958904109589041,0.09666215875745916,0.09666215875745916,False,False,133.14781476318726,235.23080461834408,0.05926366345548491,12.327785615089983,0.863013698630137,0.06066974975291847
2023-11-13,6144.635,4,3,0.08767123287671233,0.6054794520547945,0.11775246284646156,0.06513119871849055,-0.10162307622597576,IM2312,0.08767123287671233,0.11775246284646156,IM2403,0.336986301369863,0.07116397524513561,IM2406,0.6054794520547945,0.06513119871849055,,,,0.06513119871849055,0.06214398770814844,IM2312,0.08767123287671233,0.11733478371782938,0.11733478371782938,False,True,176.52456459080767,316.0819804069553,IM2312,0.08767123287671233,0.11733478371782938,0.11733478371782938,False,False,176.52456459080767,316.0819804069553,0.06364325407859865,18.60586413920236,0.8547945205479452,0.06654186920744426
2023-11-14,6181.98,4,3,0.08493150684931507,0.6027397260273972,0.13248797025791656,0.07007001029379932,-0.12054262109472377,IM2312,0.08493150684931507,0.13248797025791656,IM2403,0.33424657534246577,0.07883326358856908,IM2406,0.6027397260273972,0.07007001029379932,,,,0.07007001029379932,0.06573615648377759,IM2312,0.08493150684931507,0.13195233513764046,0.13195233513764046,False,False,206.73441608088515,372.98935522315264,IM2312,0.08493150684931507,0.13195233513764046,0.13195233513764046,False,False,206.73441608088515,372.98935522315264,0.06707354648460452,15.156680058500246,0.852054794520548,0.06794389371431264
2023-11-15,6207.268,4,3,0.0821917808219178,0.6,0.12604574917734793,0.0711667527119116,-0.10598324714224476,IM2312,0.0821917808219178,0.12604574917734793,IM2403,0.3315068493150685,0.07753359809963023,IM2406,0.6,0.0711667527119116,,,,0.0711667527119116,0.06802231070409953,IM2312,0.0821917808219178,0.12558493688366681,0.12558493688366681,False,False,181.68302711441416,326.5091050305321,IM2312,0.0821917808219178,0.12558493688366681,0.12558493688366681,False,False,181.68302711441416,326.5091050305321,0.06760149427808881,7.836970518496152,0.8493150684931506,0.06625812901933047
2023-11-16,6145.151,4,3,0.07945205479452055,0.5972602739726027,0.13594788318949158,0.07425868790447246,-0.11913521840757661,IM2312,0.07945205479452055,0.13594788318949158,IM2403,0.3287671232876712,0.08450609948967056,IM2406,0.5972602739726027,0.07425868790447246,,,,0.07425868790447246,0.06920516986245696,IM2312,0.07945205479452055,0.13541544623192853,0.13541544623192853,False,False,200.89861054611313,365.2650223393263,IM2312,0.07945205479452055,0.13541544623192853,0.13541544623192853,False,False,200.89861054611313,365.2650223393263,0.06765903536804453,19.891136447422802,0.8465753424657534,0.06699867827498955
2023-11-17,6199.228,3,3,0.07671232876712329,0.5945205479452055,0.11714861469531955,0.07567297262463506,-0.08009846219999915,IM2312,0.07671232876712329,0.11714861469531955,IM2403,0.32602739726027397,0.08188724523882289,IM2406,0.5945205479452055,0.07567297262463506,,,,0.07567297262463506,0.07261326422986077,IM2312,0.07671232876712329,0.11678751243588079,0.11678751243588079,False,False,155.6653928643906,244.43438737096747,IM2312,0.07671232876712329,0.11678751243588079,0.11678751243588079,False,False,155.6653928643906,244.43438737096747,0.0708352729565379,11.127926850077216,0.8438356164383561,0.07045242714676381
2023-11-20,6253.276,4,4,0.0684931506849315,0.5863013698630137,0.11245977584695692,0.0766475178241941,-0.06916123903866894,IM2312,0.0684931506849315,0.11245977584695692,IM2401,0.1643835616438356,0.09032761231164187,IM2403,0.3178082191780822,0.0835742445405097,IM2406,0.5863013698630137,0.0766475178241941,0.0766475178241941,0.07325560993593622,IM2312,0.0684931506849315,0.11216762541746039,0.11216762541746039,False,False,115.01824323936816,208.25487739613746,IM2312,0.0684931506849315,0.11216762541746039,0.11216762541746039,False,False,115.01824323936816,208.25487739613746,0.07214671530620002,13.298374150844644,0.8356164383561644,0.07226798509074606
2023-11-21,6212.125,4,4,0.06575342465753424,0.5835616438356165,0.14370587261348616,0.07902307589031506,-0.12491651219025106,IM2312,0.06575342465753424,0.14370587261348616,IM2401,0.16164383561643836,0.09527044860374692,IM2403,0.3150684931506849,0.08614642048903924,IM2406,0.5835616438356165,0.07902307589031506,0.07902307589031506,0.07554205650016413,IM2312,0.06575342465753424,0.14320411694870874,0.14320411694870874,False,False,211.30443656201513,374.5359382311739,IM2312,0.06575342465753424,0.14320411694870874,0.14320411694870874,False,False,211.30443656201513,374.5359382311739,0.07170065438434955,12.195949724363569,0.8328767123287671,0.0695740063117347
2023-11-22,6132.97,4,4,0.06301369863013699,0.5808219178082191,0.12376416457808853,0.07411542719468758,-0.09588248224836692,IM2312,0.06301369863013699,0.12376416457808853,IM2401,0.1589041095890411,0.086399787417462,IM2403,0.31232876712328766,0.07368157645952905,IM2406,0.5808219178082191,0.07411542719468758,0.07411542719468758,0.0743269794597878,IM2312,0.06301369863013699,0.12342566843456505,0.12342566843456505,False,False,165.55032599253477,286.4046888453161,IM2312,0.06301369863013699,0.12342566843456505,0.12342566843456505,False,False,165.55032599253477,286.4046888453161,0.06900332583967722,13.621207760589558,0.8301369863013699,0.0669880583241134
2023-11-23,6197.526,4,4,0.06027397260273973,0.5780821917808219,0.07611413599622682,0.0659698049633145,-0.01959090384662961,IM2312,0.06027397260273973,0.07611413599622682,IM2401,0.15616438356164383,0.06492320488923857,IM2403,0.3095890410958904,0.06573140773715158,IM2406,0.5780821917808219,0.0659698049633145,0.0659698049633145,0.0660857845140466,IM2312,0.06027397260273973,0.0760193476616887,0.0760193476616887,False,False,34.24068806125492,58.09461669471052,IM2312,0.06027397260273973,0.0760193476616887,0.0760193476616887,False,False,34.24068806125492,58.09461669471052,0.06070828884863898,6.09873548241785,0.8273972602739726,0.05798437145378417
2023-11-24,6115.407,4,4,0.057534246575342465,0.5753424657534246,0.11806626083210377,0.0698802610643007,-0.0930576185991964,IM2312,0.057534246575342465,0.11806626083210377,IM2401,0.15342465753424658,0.08599428467078626,IM2403,0.30684931506849317,0.07525206160366793,IM2406,0.5753424657534246,0.0698802610643007,0.0698802610643007,0.06727320326828685,IM2312,0.057534246575342465,0.117790127226435,0.117790127226435,False,False,154.43273641766226,275.645805316389,IM2312,0.057534246575342465,0.117790127226435,0.117790127226435,False,False,154.43273641766226,275.645805316389,0.060515988775264054,16.900549499747545,0.8246575342465754,0.05780458040182834
2023-11-27,6111.364,4,4,0.049315068493150684,0.5671232876712329,0.12033330754418167,0.07579851153447106,-0.08600635208224536,IM2312,0.049315068493150684,0.12033330754418167,IM2401,0.14520547945205478,0.09154882710965039,IM2403,0.29863013698630136,0.07890510461245573,IM2406,0.5671232876712329,0.07579851153447106,0.07579851153447106,0.07430279596306899,IM2312,0.049315068493150684,0.12008549464389358,0.12008549464389358,False,False,141.35295089763002,251.1617946205606,IM2312,0.049315068493150684,0.12008549464389358,0.12008549464389358,False,False,141.35295089763002,251.1617946205606,0.06525681048450922,14.592441632504475,0.8164383561643835,0.06439429548561136
2023-11-28,6143.302,4,4,0.04657534246575343,0.5643835616438356,0.18173221315096144,0.08219548578545818,-0.19222701316618354,IM2312,0.04657534246575343,0.18173221315096144,IM2401,0.14246575342465753,0.10911576465837827,IM2403,0.2958904109589041,0.08975771377903259,IM2406,0.5643835616438356,0.08219548578545818,0.08219548578545818,0.07856510895834999,IM2312,0.04657534246575343,0.18112459697138875,0.18112459697138875,False,False,314.38606601996304,558.339641213745,IM2312,0.04657534246575343,0.18112459697138875,0.18112459697138875,False,False,314.38606601996304,558.339641213745,0.0687664028229979,17.537991924398924,0.8136986301369863,0.06736273810915462
2023-11-29,6113.366,4,4,0.043835616438356165,0.5616438356164384,0.16511894064275445,0.08216606524947899,-0.16019999745262192,IM2312,0.043835616438356165,0.16511894064275445,IM2401,0.13972602739726028,0.10403902201783324,IM2403,0.29315068493150687,0.08692277617251969,IM2406,0.5616438356164384,0.08216606524947899,0.08216606524947899,0.0798894398370536,IM2312,0.043835616438356165,0.1646583396119243,0.1646583396119243,False,False,261.61201227377893,463.3127738164749,IM2312,0.043835616438356165,0.1646583396119243,0.1646583396119243,False,False,261.61201227377893,463.3127738164749,0.06964561244564563,16.126515511444232,0.810958904109589,0.06812725197571302
2023-11-30,6080.547,4,4,0.0410958904109589,0.5589041095890411,0.1989258745195144,0.08989273778992371,-0.21056663971587622,IM2312,0.0410958904109589,0.1989258745195144,IM2401,0.136986301369863,0.11150922035683132,IM2403,0.29041095890410956,0.09751252855224168,IM2406,0.5589041095890411,0.08989273778992371,0.08989273778992371,0.08625730728531879,IM2312,0.0410958904109589,0.19826965238489064,0.19826965238489064,False,False,341.55754104260103,605.7230295170766,IM2312,0.0410958904109589,0.19826965238489064,0.19826965238489064,False,False,341.55754104260103,605.7230295170766,0.07525164947124628,28.663793260378068,0.8082191780821918,0.07571038857653829
2023-12-01,6130.051,4,4,0.038356164383561646,0.5561643835616439,0.1814813503151933,0.09048333761084704,-0.17573690284172688,IM2312,0.038356164383561646,0.1814813503151933,IM2401,0.13424657534246576,0.10758011744456715,IM2403,0.2876712328767123,0.09593279393058426,IM2406,0.5561643835616439,0.09048333761084704,0.09048333761084704,0.08789191317699939,IM2312,0.038356164383561646,0.1809822891941939,0.1809822891941939,False,False,284.1232466230691,503.3229362032713,IM2312,0.038356164383561646,0.1809822891941939,0.1809822891941939,False,False,284.1232466230691,503.3229362032713,0.07836116836554131,15.448747442111756,0.8054794520547945,0.07756921928708664
2023-12-04,6114.393,4,4,0.030136986301369864,0.547945205479452,0.3241694257957646,0.0998610750086709,-0.43318808485338195,IM2312,0.030136986301369864,0.3241694257957646,IM2401,0.12602739726027398,0.14450578464687236,IM2403,0.27945205479452057,0.11295971973535934,IM2406,0.547945205479452,0.0998610750086709,0.0998610750086709,0.09369808393374313,IM2312,0.030136986301369864,0.3227795533944532,0.3227795533944532,False,False,686.7080185800623,1221.4711144426412,IM2312,0.030136986301369864,0.3227795533944532,0.3227795533944532,False,False,686.7080185800623,1221.4711144426412,0.08271676798411867,24.560670520616053,0.7972602739726027,0.0810222916367941
2023-12-05,5992.6,4,4,0.0273972602739726,0.5452054794520548,0.23012877260246895,0.10584168040787095,-0.24002533677792734,IM2312,0.0273972602739726,0.23012877260246895,IM2401,0.1232876712328767,0.1325785178391252,IM2403,0.27671232876712326,0.11581797387215664,IM2406,0.5452054794520548,0.10584168040787095,0.10584168040787095,0.10116562404158037,IM2312,0.0273972602739726,0.2295250809331542,0.2295250809331542,False,False,376.8303012842652,674.3286768364757,IM2312,0.0273972602739726,0.2295250809331542,0.2295250809331542,False,False,376.8303012842652,674.3286768364757,0.0876003936504689,20.84574589419619,0.7945205479452054,0.08507117742688207
2023-12-06,6023.804,4,4,0.024657534246575342,0.5424657534246575,0.19545217951204422,0.10466519545645314,-0.17532936074227906,IM2312,0.024657534246575342,0.19545217951204422,IM2401,0.12054794520547946,0.1194762365833197,IM2403,0.273972602739726,0.11328568771274788,IM2406,0.5424657534246575,0.10466519545645314,0.10466519545645314,0.10064053175278743,IM2312,0.024657534246575342,0.19507320401969633,0.19507320401969633,False,False,273.4221071006513,490.43248480882653,IM2312,0.024657534246575342,0.19507320401969633,0.19507320401969633,False,False,273.4221071006513,490.43248480882653,0.08914328522383562,18.636549253045004,0.7917808219178082,0.08830560645366822
2023-12-07,6020.83,4,4,0.021917808219178082,0.5397260273972603,0.07026888684124116,0.07967494909238926,0.018165146675497644,IM2312,0.021917808219178082,0.07026888684124116,IM2401,0.1178082191780822,0.08485986976889275,IM2403,0.27123287671232876,0.08127000945774376,IM2406,0.5397260273972603,0.07967494909238926,0.07967494909238926,0.07893329284423224,IM2312,0.021917808219178082,0.07024120428578867,0.07024120428578867,False,False,30.756732934519338,50.91637607946055,IM2312,0.021917808219178082,0.07024120428578867,0.07024120428578867,False,False,30.756732934519338,50.91637607946055,0.07607840608948453,7.360773987981986,0.7890410958904109,0.0754940831723354
2023-12-08,6003.144,4,4,0.019178082191780823,0.536986301369863,0.040363783552524554,0.07648256252576982,0.06975319748801334,IM2312,0.019178082191780823,0.040363783552524554,IM2401,0.11506849315068493,0.06724062140835159,IM2403,0.2684931506849315,0.07988059526171395,IM2406,0.536986301369863,0.07648256252576982,0.07648256252576982,0.07490922682063404,IM2312,0.019178082191780823,0.04035980765126737,0.04035980765126737,False,False,111.62685295587963,193.97424535349123,IM2312,0.019178082191780823,0.04035980765126737,0.04035980765126737,False,False,111.62685295587963,193.97424535349123,0.06886517117051708,12.485339823941285,0.7863013698630137,0.06516683343307306
2023-12-11,6075.08,4,3,0.10684931506849316,0.5287671232876713,0.08070934595660449,0.07966814332109572,-0.0024677854672772925,IM2401,0.10684931506849316,0.08070934595660449,IM2403,0.2602739726027397,0.0835642377731133,IM2406,0.5287671232876713,0.07966814332109572,,,,0.07966814332109572,0.07788837862034181,IM2401,0.10684931506849316,0.08051286778454117,0.08051286778454117,False,True,4.572329811632665,7.941921888064025,IM2406,0.5287671232876713,0.07873668360144591,0.07873668360144591,False,True,6.845814732104285,12.564867022149691,0.06825725275991336,12.826692299055827,0.7780821917808219,0.06509861815449344
2023-12-12,6078.99,4,3,0.10410958904109589,0.5260273972602739,0.07385747598005107,0.0774594660319377,0.008537184213887118,IM2401,0.10410958904109589,0.07385747598005107,IM2403,0.25753424657534246,0.0805054471593732,IM2406,0.5260273972602739,0.0774594660319377,,,,0.0774594660319377,0.07607468143326963,IM2401,0.10410958904109589,0.07370676621228855,0.07370676621228855,False,False,13.378108084200164,19.740229188291977,IM2406,0.5260273972602739,0.07659978569630804,0.07659978569630804,False,False,6.1556365837065385,10.058415822688776,0.06893125925852014,9.250641247983804,0.7753424657534247,0.06709275786516908
2023-12-13,6019.553,4,3,0.10136986301369863,0.5232876712328767,0.0817347570409624,0.08265260821628487,0.002175426486965576,IM2401,0.10136986301369863,0.0817347570409624,IM2403,0.2547945205479452,0.08531840609190794,IM2406,0.5232876712328767,0.08265260821628487,,,,0.08265260821628487,0.08144662719242876,IM2401,0.10136986301369863,0.08154198995677406,0.08154198995677406,False,False,7.026912314523979,9.622101385410355,IM2406,0.5232876712328767,0.08163669735811731,0.08163669735811731,False,False,6.845961874051006,9.380792116234133,0.06899767833104319,24.41966341721344,0.7726027397260274,0.06897268910104537
2023-12-14,5991.862,4,3,0.09863013698630137,0.5205479452054794,0.08086476815061734,0.0806653941316428,-0.00047254231769941176,IM2401,0.09863013698630137,0.08086476815061734,IM2403,0.25205479452054796,0.08196815359481648,IM2406,0.5205479452054794,0.0806653941316428,,,,0.0806653941316428,0.0800790249016429,IM2401,0.09863013698630137,0.08068244451112762,0.08068244451112762,False,False,7.788609187589728,15.23507258590857,IM2406,0.5205479452054794,0.07971751439922303,0.07971751439922303,False,False,8.501619978542166,15.208636144485311,0.06776755367090039,19.06067663454525,0.7698630136986301,0.06678281840695437
2023-12-15,5951.6,3,3,0.0958904109589041,0.5178082191780822,0.10550797343403877,0.08359684933857088,-0.05193220970679077,IM2401,0.0958904109589041,0.10550797343403877,IM2403,0.2493150684931507,0.09249259403616877,IM2406,0.5178082191780822,0.08359684933857088,,,,0.08359684933857088,0.07961378400234699,IM2401,0.0958904109589041,0.10515837277850917,0.10515837277850917,False,False,66.98853596445554,111.64734055200874,IM2406,0.5178082191780822,0.08256109690480286,0.08256109690480286,False,False,19.373752294249662,24.76071887546147,0.07100199263607883,22.425756686619692,0.7671232876712328,0.07058797443358998
2023-12-18,5857.005,4,4,0.08767123287671233,0.5095890410958904,0.06958268973155614,0.07573320563687286,0.014577521463900015,IM2401,0.08767123287671233,0.06958268973155614,IM2402,0.1643835616438356,0.07530386173524328,IM2403,0.2410958904109589,0.07762169455945488,IM2406,0.5095890410958904,0.07573320563687286,0.07573320563687286,0.0749015736125924,IM2401,0.08767123287671233,0.0694750783463557,0.0694750783463557,False,False,19.330086552770577,31.890730850306003,IM2406,0.5095890410958904,0.07494920506593464,0.07494920506593464,False,False,4.470821455199216,6.443262340541637,0.06818481638770772,12.896901952920738,0.7589041095890411,0.06840035069772282
2023-12-19,5863.542,4,4,0.08493150684931507,0.5068493150684932,0.07140124767159493,0.07304369057376217,0.0038928029824093617,IM2401,0.08493150684931507,0.07140124767159493,IM2402,0.16164383561643836,0.07398215620640258,IM2403,0.23835616438356164,0.07367720523120334,IM2406,0.5068493150684932,0.07304369057376217,0.07304369057376217,0.07276633973407727,IM2401,0.08493150684931507,0.07128921249526439,0.07128921249526439,False,False,5.710366362249792,8.89256012389404,IM2406,0.5068493150684932,0.07233699394703114,0.07233699394703114,False,False,2.7720977788760273,3.5818870121973507,0.0662284517421898,9.826562249634229,0.7561643835616438,0.06485870551392654
2023-12-20,5761.312,4,4,0.0821917808219178,0.5041095890410959,0.05449633551051049,0.07067461595650326,0.038344625732385465,IM2401,0.0821917808219178,0.05449633551051049,IM2402,0.1589041095890411,0.0602289692882859,IM2403,0.2356164383561644,0.06570661403676056,IM2406,0.5041095890410959,0.07067461595650326,0.07067461595650326,0.07283653706029736,IM2401,0.0821917808219178,0.054447477704152356,0.054447477704152356,False,False,43.2429665973977,81.80255995705646,IM2406,0.5041095890410959,0.07003283672342261,0.07003283672342261,False,False,11.403217742519423,15.578748253094158,0.06442836955613451,19.256109625825367,0.7534246575342466,0.0675469725601701
2023-12-21,5798.912,4,4,0.07945205479452055,0.5013698630136987,0.08247254142724031,0.07648186446494157,-0.014198682410643119,IM2401,0.07945205479452055,0.08247254142724031,IM2402,0.15616438356164383,0.08070310945120256,IM2403,0.2328767123287671,0.0761341474113823,IM2406,0.5013698630136987,0.07648186446494157,0.07648186446494157,0.07663224698712669,IM2401,0.07945205479452055,0.0823177541604009,0.0823177541604009,False,False,16.35428310648335,29.259392171754165,IM2406,0.5013698630136987,0.07568962504909163,0.07568962504909163,False,False,5.17661782493915,7.829277011516909,0.06110548746320929,21.221580114509134,1.0,0.06481687725717994
2023-12-22,5733.909,4,4,0.07671232876712329,0.4986301369863014,0.045280173457436595,0.07241165269826377,0.064305129369493,IM2401,0.07671232876712329,0.045280173457436595,IM2402,0.15342465753424658,0.05957436224381299,IM2403,0.23013698630136986,0.06318881464632208,IM2406,0.4986301369863014,0.07241165269826377,0.07241165269826377,0.07637512674172052,IM2401,0.07671232876712329,0.04525567636319186,0.04525567636319186,False,False,71.62608261181414,135.40788199953664,IM2406,0.4986301369863014,0.0717327161650431,0.0717327161650431,False,False,17.013451290290472,20.292361529124545,0.05780445763360759,18.205248675994607,0.9972602739726028,0.06116627552334081
2023-12-25,5735.726,4,4,0.0684931506849315,0.4904109589041096,0.06621187259321747,0.07941906906613701,0.03130277086114047,IM2401,0.0684931506849315,0.06621187259321747,IM2402,0.14520547945205478,0.07221829009371564,IM2403,0.2219178082191781,0.0778195282397237,IM2406,0.4904109589041096,0.07941906906613701,0.07941906906613701,0.08009278117378986,IM2401,0.0684931506849315,0.06613881485970385,0.06613881485970385,False,False,35.32524950731933,65.12782199867193,IM2406,0.4904109589041096,0.07856168842142754,0.07856168842142754,False,False,6.648020625717335,9.210961955307164,0.05869078062848469,23.50897058241161,0.989041095890411,0.06269746403455678
2023-12-26,5651.588,4,4,0.06575342465753424,0.4876712328767123,0.060386044943654155,0.07836311706631795,0.042607995615404445,IM2401,0.06575342465753424,0.060386044943654155,IM2402,0.14246575342465753,0.07134251003029471,IM2403,0.2191780821917808,0.07162526337887372,IM2406,0.4876712328767123,0.07836311706631795,0.07836311706631795,0.0811810732073346,IM2401,0.06575342465753424,0.06033246938736343,0.06033246938736343,False,False,46.34220562300043,87.93028183161444,IM2406,0.4876712328767123,0.07754037526833554,0.07754037526833554,False,False,9.866286164252456,12.96462879881986,0.05522332278830286,30.582380024644937,0.9863013698630136,0.059848149458983285
2023-12-27,5696.161,4,4,0.06301369863013699,0.4849315068493151,0.08465833467635614,0.08269050358172116,-0.004664015256764734,IM2401,0.06301369863013699,0.08465833467635614,IM2402,0.13972602739726028,0.07899469471917113,IM2403,0.21643835616438356,0.07791919864784055,IM2406,0.4849315068493151,0.08269050358172116,0.08269050358172116,0.08467158887325023,IM2401,0.06301369863013699,0.08452679269423757,0.08452679269423757,False,False,9.267955271177499,14.301367936037828,IM2406,0.4849315068493151,0.08174717255326727,0.08174717255326727,False,False,5.18958178473677,8.285203795307783,0.05522332278830286,45.668998133253695,0.9863013698630136,0.06194072194789291
2023-12-28,5805.527,4,4,0.06027397260273973,0.4821917808219178,0.02607960822412811,0.06993850375350616,0.10395127836508433,IM2401,0.06027397260273973,0.02607960822412811,IM2402,0.136986301369863,0.05141125257140279,IM2403,0.2136986301369863,0.05635380761140668,IM2406,0.4821917808219178,0.06993850375350616,0.06993850375350616,0.07553720631226575,IM2401,0.06027397260273973,0.026078494447854674,0.026078494447854674,False,False,111.93505773178516,211.48935993957906,IM2406,0.4821917808219178,0.06934204293598166,0.06934204293598166,False,False,22.704263796147096,27.755680967583874,0.05306666725070344,18.752731345610584,0.9808219178082191,0.05651281130983114
2023-12-29,5887.235,4,4,0.057534246575342465,0.4794520547945205,-0.0023199002262526587,0.06405043599460102,0.15730631636760772,IM2401,0.057534246575342465,-0.0023199002262526587,IM2402,0.13424657534246576,0.03752569996301383,IM2403,0.21095890410958903,0.04602616223908618,IM2406,0.4794520547945205,0.06405043599460102,0.06405043599460102,0.07142239923315796,IM2401,0.057534246575342465,0.0,-0.002334237509104633,True,False,162.99714139220157,307.0911314809624,IM2406,0.4794520547945205,0.06358851942259089,0.06358851942259089,False,False,31.779200923236555,37.919912674676866,0.05044563128073454,17.91454275867815,0.9780821917808219,0.05361627243555114
2024-01-02,5854.749,4,4,0.04657534246575343,0.4684931506849315,0.09769822173129002,0.07478153686795394,-0.05431551931894589,IM2401,0.04657534246575343,0.09769822173129002,IM2402,0.1232876712328767,0.08139536059898957,IM2403,0.2,0.07232373252159568,IM2406,0.4684931506849315,0.07478153686795394,0.07478153686795394,0.07575462675202231,IM2401,0.04657534246575343,0.09755780317622893,0.09755780317622893,False,False,59.85420793902886,106.70524763602789,IM2406,0.4684931506849315,0.07408453449823489,0.07408453449823489,False,False,7.5044060978941545,10.998155697586013,0.053384958263735724,22.783470153074294,0.9671232876712329,0.056916030735864
2024-01-03,5824.043,4,4,0.043835616438356165,0.4657534246575342,0.07742816016049875,0.07528233062381258,-0.00508589468110683,IM2401,0.043835616438356165,0.07742816016049875,IM2402,0.12054794520547946,0.07866640796532097,IM2403,0.19726027397260273,0.07306246188304802,IM2406,0.4657534246575342,0.07528233062381258,0.07528233062381258,0.07615364617092844,IM2401,0.043835616438356165,0.0773559359881101,0.0773559359881101,False,False,6.471104316275877,9.657887998097657,IM2406,0.4657534246575342,0.07457669687736922,0.07457669687736922,False,False,3.376061064637539,4.9300626813658415,0.05609875096637597,21.44357150788281,0.9643835616438357,0.059835966902253776
2024-01-04,5783.016,4,4,0.0410958904109589,0.46301369863013697,0.09508051643750799,0.07837639452394227,-0.03959093830163305,IM2401,0.0410958904109589,0.09508051643750799,IM2402,0.1178082191780822,0.07805328789412856,IM2403,0.19452054794520549,0.08136133775986157,IM2406,0.46301369863013697,0.07837639452394227,0.07837639452394227,0.07721512893626954,IM2401,0.0410958904109589,0.09496480498526409,0.09496480498526409,False,False,41.82225265775296,76.80661282091353,IM2406,0.46301369863013697,0.07759452492809919,0.07759452492809919,False,False,5.448046561008877,7.327224960414208,0.062102275018526484,16.577008329928443,0.7123287671232876,0.060042298725823146
2024-01-05,5675.809,4,4,0.038356164383561646,0.4602739726027397,0.07061817179359843,0.08086901602918659,0.024295832116816084,IM2401,0.038356164383561646,0.07061817179359843,IM2402,0.11506849315068493,0.08147643749785238,IM2403,0.1917808219178082,0.08415816675835602,IM2406,0.4602739726027397,0.08086901602918659,0.08086901602918659,0.079600987274497,IM2401,0.038356164383561646,0.07056906550993126,0.07056906550993126,False,False,27.767945353659343,47.40799143109498,IM2406,0.4602739726027397,0.08002425737689477,0.08002425737689477,False,False,4.842019256819981,7.928045389103358,0.05565072444370493,25.068477644024078,0.958904109589041,0.05941453464733859
2024-01-08,5543.575,4,4,0.030136986301369864,0.4520547945205479,0.40152464012702216,0.11231262555132228,-0.6854700345463017,IM2401,0.030136986301369864,0.40152464012702216,IM2402,0.10684931506849316,0.19651529743092228,IM2403,0.18356164383561643,0.1567015236557659,IM2406,0.4520547945205479,0.11231262555132228,0.11231262555132228,0.09568385186947868,IM2401,0.030136986301369864,0.3993396368359276,0.3993396368359276,False,False,694.4234389368763,1297.5193660810933,IM2406,0.4520547945205479,0.1104130211346222,0.1104130211346222,False,False,76.57379688376783,91.999692480979,0.07584801327673603,26.42164804550417,0.7013698630136986,0.06485977261079735
2024-01-09,5553.304,4,4,0.0273972602739726,0.44931506849315067,0.28322242147275106,0.10642129730585659,-0.41904162546049667,IM2401,0.0273972602739726,0.28322242147275106,IM2402,0.10410958904109589,0.1676369651361829,IM2403,0.18082191780821918,0.1386800321706133,IM2406,0.44931506849315067,0.10642129730585659,0.10642129730585659,0.09445751825313468,IM2401,0.0273972602739726,0.28227557504505724,0.28227557504505724,False,False,420.1144382345865,790.1397684720235,IM2406,0.44931506849315067,0.10476491938018491,0.10476491938018491,False,False,51.213280620392574,65.45582845829706,0.07550107508474861,22.899688482338366,0.6986301369863014,0.06580941535348224
2024-01-10,5512.069,4,4,0.024657534246575342,0.4465753424657534,0.22261096748731893,0.10135644908366825,-0.28738895595670455,IM2401,0.024657534246575342,0.22261096748731893,IM2402,0.10136986301369863,0.14076858966124073,IM2403,0.1780821917808219,0.12350396170071204,IM2406,0.4465753424657534,0.10135644908366825,0.10135644908366825,0.09322681976687247,IM2401,0.024657534246575342,0.22210569852365009,0.22210569852365009,False,False,286.533898441278,539.2363742114246,IM2406,0.4465753424657534,0.09989627361452419,0.09989627361452419,False,False,33.32481680659654,42.041088372661235,0.06349093361322386,25.42899928065242,0.9452054794520548,0.06693796811088977
2024-01-11,5611.115,4,4,0.021917808219178082,0.4438356164383562,0.1495916388529168,0.08696436843978733,-0.14843476429085878,IM2401,0.021917808219178082,0.1495916388529168,IM2402,0.09863013698630137,0.10913803094088217,IM2403,0.17534246575342466,0.09706838991318908,IM2406,0.4438356164383562,0.08696436843978733,0.08696436843978733,0.08329449293007428,IM2401,0.021917808219178082,0.14940776922233787,0.14940776922233787,False,False,147.31749394158766,277.14605278830624,IM2406,0.4438356164383562,0.08597902467900365,0.08597902467900365,False,False,16.683436600012236,22.841759600754735,0.060511054522979724,11.704809430181074,0.9424657534246575,0.06161241257831311
2024-01-12,5574.493,4,4,0.019178082191780823,0.4410958904109589,0.24021387521662055,0.0971422126079645,-0.33909842111791855,IM2401,0.019178082191780823,0.24021387521662055,IM2402,0.0958904109589041,0.1277363855693454,IM2403,0.1726027397260274,0.11334356048925882,IM2406,0.4410958904109589,0.0971422126079645,0.0971422126079645,0.0913211412361335,IM2401,0.019178082191780823,0.23974951674657463,0.23974951674657463,False,False,337.2033650687956,629.0349579812682,IM2406,0.4410958904109589,0.09584450988475447,0.09584450988475447,False,False,25.72370302826278,30.581250656457104,0.06201229024832304,21.911788562566706,0.9397260273972603,0.0643743642276348
2024-01-15,5559.376,4,3,0.08767123287671233,0.4328767123287671,0.16281978942404934,0.10428400717767052,-0.16956794063435135,IM2402,0.08767123287671233,0.16281978942404934,IM2403,0.1643835616438356,0.13083984777163069,IM2406,0.4328767123287671,0.10428400717767052,,,,0.10428400717767052,0.09506333230551549,IM2402,0.08767123287671233,0.16192937300877008,0.16192937300877008,False,True,128.69844010498946,249.5333644195557,IM2406,0.4328767123287671,0.10276500314997575,0.10276500314997575,False,False,41.35727606253138,52.650771527955996,0.0663395073659764,30.175504901565844,0.9315068493150684,0.06935421796128469
2024-01-16,5539.474,4,3,0.08493150684931507,0.4301369863013699,0.18023057879120633,0.10822332966600656,-0.208592428021412,IM2402,0.08493150684931507,0.18023057879120633,IM2403,0.16164383561643836,0.14416755469596185,IM2406,0.4301369863013699,0.10822332966600656,,,,0.10822332966600656,0.09589155640440156,IM2402,0.08493150684931507,0.179145248762235,0.179145248762235,False,False,156.1031945664882,305.06140542761113,IM2406,0.4301369863013699,0.10657035014906772,0.10657035014906772,False,False,48.27450120079158,62.56074213441847,0.07960011679297639,27.007175378255052,0.6794520547945205,0.06885148876976509
2024-01-17,5389.122,4,3,0.0821917808219178,0.4273972602739726,0.31829802361487747,0.13794194022739256,-0.5224600828288253,IM2402,0.0821917808219178,0.31829802361487747,IM2403,0.1589041095890411,0.24166812970194368,IM2406,0.4273972602739726,0.13794194022739256,,,,0.13794194022739256,0.10279044822821704,IM2402,0.0821917808219178,0.314670943924941,0.314670943924941,False,False,383.41293450898496,755.3349199128083,IM2406,0.4273972602739726,0.13501865262691257,0.13501865262691257,False,False,119.31055575340973,169.47040192744464,0.07960011679297639,134.41125865467208,0.6794520547945205,0.08147288125678143
2024-01-18,5373.424,4,3,0.07945205479452055,0.4246575342465753,0.25792702416148905,0.1320172529967505,-0.36473862281848873,IM2402,0.07945205479452055,0.25792702416148905,IM2403,0.15616438356164383,0.19495516760012474,IM2406,0.4246575342465753,0.1320172529967505,,,,0.1320172529967505,0.11095583734669766,IM2402,0.07945205479452055,0.2556922667480955,0.2556922667480955,False,False,267.89443150143535,525.1952638755744,IM2406,0.4246575342465753,0.12939472821510375,0.12939472821510375,False,False,76.83497078157886,102.38205602592312,0.07960011679297639,89.01425941672521,0.6794520547945205,0.07879523708931248
2024-01-19,5306.986,3,3,0.07671232876712329,0.42191780821917807,0.2419313710386402,0.12388497613651944,-0.3419597947561435,IM2402,0.07671232876712329,0.2419313710386402,IM2403,0.15342465753424658,0.17483688713333648,IM2406,0.42191780821917807,0.12388497613651944,,,,0.12388497613651944,0.10705389477397008,IM2402,0.07671232876712329,0.2400528699340837,0.2400528699340837,False,False,288.81594368817866,490.1330313650651,IM2406,0.42191780821917807,0.12164119080460685,0.12164119080460685,False,False,71.33442523506294,92.27739853569568,0.07960011679297639,70.59587880412852,0.6794520547945205,0.07521863558349991
2024-01-22,5000.834,4,4,0.0684931506849315,0.663013698630137,0.5262611108897121,0.14975558732549565,-0.633292700925986,IM2402,0.0684931506849315,0.5262611108897121,IM2403,0.14520547945205478,0.3999596636115489,IM2406,0.4136986301369863,0.21157250867610494,IM2409,0.663013698630137,0.14975558732549565,0.14975558732549565,0.11518910590912157,IM2402,0.0684931506849315,0.517584282941606,0.517584282941606,False,False,1376.5357319576829,2438.754639427361,IM2406,0.4136986301369863,0.20417776921432004,0.20417776921432004,False,False,255.25319541544403,360.8265210163152,0.07960011679297639,389.6769458563019,0.6794520547945205,0.1124773987454497
2024-01-23,5079.632,4,4,0.06575342465753424,0.6602739726027397,0.26638998946680004,0.12059573047530243,-0.24522997480136696,IM2402,0.06575342465753424,0.26638998946680004,IM2403,0.14246575342465753,0.20854954472316034,IM2406,0.410958904109589,0.14252062881065025,IM2409,0.6602739726027397,0.12059573047530243,0.12059573047530243,0.10831805144361586,IM2402,0.06575342465753424,0.26440484402544534,0.26440484402544534,False,False,538.248029058668,949.5341470023133,IM2406,0.410958904109589,0.1394872384456196,0.1394872384456196,False,False,89.94127981479257,124.73571016017674,0.07918638943771333,68.44482703909641,0.9095890410958904,0.08506751114571495
2024-01-24,5143.408,4,4,0.06301369863013699,0.6575342465753424,0.1831535025504812,0.10588406916708527,-0.129969323432901,IM2402,0.06301369863013699,0.1831535025504812,IM2403,0.13972602739726028,0.15315284197723955,IM2406,0.40821917808219177,0.12361045335677552,IM2409,0.6575342465753424,0.10588406916708527,0.10588406916708527,0.09594416534251864,IM2402,0.06301369863013699,0.18231768643602148,0.18231768643602148,False,False,279.1410445539517,502.57720943958174,IM2406,0.40821917808219177,0.12144987930286123,0.12144987930286123,False,False,59.21879132735813,102.35053239962305,0.07637598800030126,44.88442147198641,0.9068493150684932,0.07750612794978334
2024-01-25,5316.195,4,4,0.06027397260273973,0.6547945205479452,0.04997136177797673,0.08466326386864578,0.058352738539604626,IM2402,0.06027397260273973,0.04997136177797673,IM2403,0.136986301369863,0.07844859290770892,IM2406,0.4054794520547945,0.09258991904087202,IM2409,0.6547945205479452,0.08466326386864578,0.08466326386864578,0.08021297738206817,IM2402,0.06027397260273973,0.04994430654392133,0.04994430654392133,False,False,144.142467084185,227.33783015367365,IM2406,0.4054794520547945,0.09153202797479378,0.09153202797479378,False,False,27.340442032212167,44.97629099642231,0.06607796884600027,20.55255351791929,0.9041095890410958,0.06535309469816825
2024-01-26,5269.765,4,4,0.057534246575342465,0.6520547945205479,0.195575123219395,0.10802881032074296,-0.1472553189309124,IM2402,0.057534246575342465,0.195575123219395,IM2403,0.13424657534246576,0.1505676807680265,IM2406,0.40273972602739727,0.1208574113856326,IM2409,0.6520547945205479,0.10802881032074296,0.10802881032074296,0.10081829840502944,IM2402,0.057534246575342465,0.19469130840884655,0.19469130840884655,False,False,320.6455622341686,565.0869738347577,IM2406,0.40273972602739727,0.11883648853928243,0.11883648853928243,False,False,46.894690836876265,70.47198400034088,0.07674242604969525,45.907583551140974,0.9013698630136986,0.08019546324010413
2024-01-29,5131.247,4,4,0.049315068493150684,0.6438356164383562,0.2915096417164183,0.11603099104752194,-0.2951599423693418,IM2402,0.049315068493150684,0.2915096417164183,IM2403,0.12602739726027398,0.19961304517827938,IM2406,0.39452054794520547,0.13885139002488175,IM2409,0.6438356164383562,0.11603099104752194,0.11603099104752194,0.10316939632055595,IM2402,0.049315068493150684,0.28970003587821946,0.28970003587821946,False,False,635.8681825139996,1118.1431653483269,IM2406,0.39452054794520547,0.13610800535750234,0.13610800535750234,False,False,85.30035091737336,129.26296884507798,0.08461090417544388,37.66372815668886,0.8931506849315068,0.08304755016017526
2024-01-30,4984.66,4,4,0.04657534246575343,0.6410958904109589,0.35626552735679023,0.1288746605924845,-0.38247772520263407,IM2402,0.04657534246575343,0.35626552735679023,IM2403,0.1232876712328767,0.2454803536226844,IM2406,0.3917808219178082,0.1557937401289062,IM2409,0.6410958904109589,0.1288746605924845,0.1288746605924845,0.11369251045080793,IM2402,0.04657534246575343,0.3536459788041478,0.3536459788041478,False,False,820.8407534188775,1440.9996838775135,IM2406,0.3917808219178082,0.15224474786547235,0.15224474786547235,False,False,105.92833271490379,149.82466909257872,0.09803515743512586,60.02711071147418,0.8904109589041096,0.09697895785895769
2024-01-31,4785.032,4,4,0.043835616438356165,0.6383561643835617,0.29739204752911264,0.12970379583464264,-0.28205627589162,IM2402,0.043835616438356165,0.29739204752911264,IM2403,0.12054794520547946,0.22861140733824498,IM2406,0.38904109589041097,0.15285236849007114,IM2409,0.6383561643835617,0.12970379583464264,0.12970379583464264,0.11664051581497226,IM2402,0.043835616438356165,0.2957123672318195,0.2957123672318195,False,False,599.6787895473549,1059.7259489189641,IM2406,0.38904109589041097,0.1494775216773979,0.1494775216773979,False,False,85.7464055756419,126.22679784553516,0.08522038337121521,52.471853542040584,0.8876712328767123,0.08431404118770974
2024-02-01,4750.444,4,4,0.0410958904109589,0.6356164383561644,0.2839146102369664,0.1259735195436507,-0.26566128158092267,IM2402,0.0410958904109589,0.2839146102369664,IM2403,0.1178082191780822,0.21675157759856514,IM2406,0.3863013698630137,0.14792190454905485,IM2409,0.6356164383561644,0.1259735195436507,0.1259735195436507,0.11358158626030453,IM2402,0.0410958904109589,0.2824885870317275,0.2824885870317275,False,False,562.5659527734252,994.8354974584608,IM2406,0.3863013698630137,0.14481261102097784,0.14481261102097784,False,False,78.95158019208431,119.74436226684561,0.08522038337121521,34.87203660504283,0.8876712328767123,0.08180846535613656
2024-02-02,4574.669,4,4,0.038356164383561646,0.6328767123287671,0.40737523634499945,0.14078637916056383,-0.44840982890469583,IM2402,0.038356164383561646,0.40737523634499945,IM2403,0.11506849315068493,0.2651990970560343,IM2406,0.3835616438356164,0.16752450253367052,IM2409,0.6328767123287671,0.14078637916056383,0.14078637916056383,0.12568455183918847,IM2402,0.038356164383561646,0.4045115819933017,0.4045115819933017,False,False,953.639128467271,1669.0553932702032,IM2406,0.3835616438356164,0.16342830830258656,0.16342830830258656,False,False,103.98243710667674,143.2954967618421,0.0892670266398118,105.87444352786808,0.8821917808219178,0.09262010086160115
2024-02-05,4293.07,4,4,0.030136986301369864,0.6246575342465753,0.9326518500454444,0.19438186598512583,-1.2417905261844067,IM2402,0.030136986301369864,0.9326518500454444,IM2403,0.10684931506849316,0.5779767786040515,IM2406,0.37534246575342467,0.26044014123702,IM2409,0.6246575342465753,0.19438186598512583,0.19438186598512583,0.15705391872627286,IM2402,0.030136986301369864,0.9202150823621189,0.9202150823621189,False,False,2589.55933573893,4533.971872163135,IM2406,0.37534246575342467,0.2499097413130197,0.2499097413130197,False,False,267.9021295042903,350.5373823109673,0.0892670266398118,395.6848532187203,0.8821917808219178,0.12551345750743195
2024-02-06,4592.444,4,4,0.0273972602739726,0.6219178082191781,-0.11134778674277333,0.0978469427906102,0.3518713192612211,IM2402,0.0273972602739726,-0.11134778674277333,IM2403,0.10410958904109589,0.0704210043724419,IM2406,0.3726027397260274,0.10215123545763638,IM2409,0.6219178082191781,0.0978469427906102,0.0978469427906102,0.0954148198107894,IM2402,0.0273972602739726,0.0,-0.11158440255340833,True,False,361.0684866789086,608.5275620128361,IM2406,0.3726027397260274,0.100906651165672,0.100906651165672,False,False,34.54192302358573,58.15190079683469,0.0892670266398118,134.85893245734175,0.8821917808219178,0.06513467670723946
2024-02-07,4797.846,4,4,0.024657534246575342,0.6191780821917808,-0.2088820747071241,0.07514180012694613,0.47773601066560195,IM2402,0.024657534246575342,-0.2088820747071241,IM2403,0.10136986301369863,0.02996890977153991,IM2406,0.3698630136986301,0.06709351966780595,IM2409,0.6191780821917808,0.07514180012694613,0.07514180012694613,0.07968872118116155,IM2402,0.024657534246575342,0.0,-0.20952915861734078,True,False,265.3415127622905,465.2615569504064,IM2406,0.3698630136986301,0.06668574961285458,0.06668574961285458,False,False,46.75979127687989,67.94823065424117,0.0892670266398118,230.6018422103367,0.8821917808219178,0.050998636308037415
2024-02-08,4993.105,4,4,0.021917808219178082,0.6164383561643836,-0.06485504178968671,0.08060764429613376,0.24467226000610356,IM2402,0.021917808219178082,-0.06485504178968671,IM2403,0.09863013698630137,0.0458313708193242,IM2406,0.36712328767123287,0.0785071641377099,IM2409,0.6164383561643836,0.08060764429613376,0.08060764429613376,0.08179400611374722,IM2402,0.021917808219178082,0.0,-0.06493399898460044,True,False,288.19314416502306,496.89643744192,IM2406,0.36712328767123287,0.0778832912078291,0.0778832912078291,False,False,23.798181103672086,31.61285298592378,0.06316996793679942,14.99190747477311,0.8657534246575342,0.06164948460098077
2024-02-19,5029.586,3,3,0.0684931506849315,0.5863013698630137,0.23931005402052968,0.11618496432534305,-0.23778125787694776,IM2403,0.0684931506849315,0.23931005402052968,IM2406,0.336986301369863,0.1323031071470853,IM2409,0.5863013698630137,0.11618496432534305,,,,0.11618496432534305,0.10717210066048624,IM2403,0.0684931506849315,0.23767111646962555,0.23767111646962555,False,True,459.498165596181,712.2749742157941,IM2406,0.336986301369863,0.1302046288773242,0.1302046288773242,False,False,64.26758753655915,82.19748531846587,0.0836223407680769,41.443689051123066,0.8356164383561644,0.08215365317733718
2024-02-20,5046.012,4,4,0.06575342465753424,0.5835616438356165,0.19280832926350341,0.11001142066703617,-0.1598987917339182,IM2403,0.06575342465753424,0.19280832926350341,IM2404,0.16164383561643836,0.13235008146932564,IM2406,0.33424657534246577,0.12425663390418513,IM2409,0.5835616438356165,0.11001142066703617,0.11001142066703617,0.10205829002516684,IM2403,0.06575342465753424,0.19183024931371462,0.19183024931371462,False,False,268.43506788395706,477.4633014176021,IM2406,0.33424657534246577,0.12246101440042573,0.12246101440042573,False,False,43.90135448052997,72.65105384142485,0.08313408959131384,46.19860904649961,0.8328767123287671,0.085337566096925
2024-02-21,5073.482,4,4,0.06301369863013699,0.5808219178082191,0.24708544258966877,0.11662175542875244,-0.2519536815541506,IM2403,0.06301369863013699,0.24708544258966877,IM2404,0.1589041095890411,0.15728719539168187,IM2406,0.3315068493150685,0.1328417847411644,IM2409,0.5808219178082191,0.11662175542875244,0.11662175542875244,0.10758121944619388,IM2403,0.06301369863013699,0.24546842582668177,0.24546842582668177,False,False,423.99714542769317,748.3697020372892,IM2406,0.3315068493150685,0.13075727504745546,0.13075727504745546,False,False,59.03183400434303,82.10219614150775,0.08380810628060292,79.15104312742818,0.8301369863013699,0.08550312588091022
2024-02-22,5151.534,4,4,0.06027397260273973,0.5780821917808219,0.11409459727405326,0.09961956929924899,-0.027954419104780727,IM2403,0.06027397260273973,0.11409459727405326,IM2404,0.15616438356164383,0.09820724876809543,IM2406,0.3287671232876712,0.1042509772136827,IM2409,0.5780821917808219,0.09961956929924899,0.09961956929924899,0.09704276911081801,IM2403,0.06027397260273973,0.11382827434596098,0.11382827434596098,False,False,45.64317518231658,82.13799355770401,IM2406,0.3287671232876712,0.10309484450003924,0.10309484450003924,False,False,11.404692626100648,20.089947051143337,0.08380810628060292,17.506792668583234,0.8301369863013699,0.07560979142233473
2024-02-23,5225.67,4,4,0.057534246575342465,0.5753424657534246,0.048860988955432186,0.09166055737992088,0.08265525119015012,IM2403,0.057534246575342465,0.048860988955432186,IM2404,0.15342465753424658,0.07218235695566179,IM2406,0.32602739726027397,0.09334107572323766,IM2409,0.5753424657534246,0.09166055737992088,0.09166055737992088,0.09072732959601366,IM2403,0.057534246575342465,0.04883704044512156,0.04883704044512156,False,False,144.08294607299692,246.38187825501015,IM2406,0.32602739726027397,0.09247118631710029,0.09247118631710029,False,False,20.17609942543252,31.128066965495343,0.07635775338802134,22.895798381991263,0.8246575342465754,0.07608259534227847
2024-02-26,5255.396,4,4,0.049315068493150684,0.5671232876712329,0.17646880508974283,0.10671421477554795,-0.13471124584487373,IM2403,0.049315068493150684,0.17646880508974283,IM2404,0.14520547945205478,0.12164375407394953,IM2406,0.3178082191780822,0.11283946344466995,IM2409,0.5671232876712329,0.10671421477554795,0.10671421477554795,0.10333430938317496,IM2403,0.049315068493150684,0.17586667705175893,0.17586667705175893,False,False,223.67751590313242,392.179717566456,IM2406,0.3178082191780822,0.11148321406062975,0.11148321406062975,False,False,22.3315647143917,32.04768872668569,0.08012896598334777,38.14728246714415,0.8164383561643835,0.0813677777910022
2024-02-27,5394.034,4,4,0.04657534246575343,0.5643835616438356,0.052002633353134944,0.09242352443653236,0.07806150923513258,IM2403,0.04657534246575343,0.052002633353134944,IM2404,0.14246575342465753,0.06993089212245031,IM2406,0.3150684931506849,0.0932330608301429,IM2409,0.5643835616438356,0.09242352443653236,0.09242352443653236,0.09197787117875217,IM2403,0.04657534246575343,0.051978794698428935,0.051978794698428935,False,False,131.95916472757247,228.26340619313066,IM2406,0.3150684931506849,0.09239465257195326,0.09239465257195326,False,False,18.60863698183551,32.00316557189575,0.07602238837424963,22.59198975973359,0.8136986301369863,0.07573070606845277
2024-02-28,5152.052,4,4,0.043835616438356165,0.5616438356164384,0.1730605318271943,0.1053890269117504,-0.13068835605363507,IM2403,0.043835616438356165,0.1730605318271943,IM2404,0.13972602739726028,0.1227686045981808,IM2406,0.31232876712328766,0.11591549878879084,IM2409,0.5616438356164384,0.1053890269117504,0.1053890269117504,0.09960842034733017,IM2403,0.043835616438356165,0.1725481982712877,0.1725481982712877,False,False,211.18764979355257,377.195345991922,IM2406,0.31232876712328766,0.11449305983222527,0.11449305983222527,False,False,29.27060192227004,51.13223969033929,0.08222616550997293,41.535087413665465,0.810958904109589,0.07981537319084978
2024-02-29,5344.605,4,4,0.0410958904109589,0.5589041095890411,0.06924363823952602,0.09367441353659776,0.047181126896461305,IM2403,0.0410958904109589,0.06924363823952602,IM2404,0.136986301369863,0.081179988527422,IM2406,0.3095890410958904,0.09917012239627125,IM2409,0.5589041095890411,0.09367441353659776,0.09367441353659776,0.09066422442673656,IM2403,0.0410958904109589,0.0691938443845058,0.0691938443845058,False,False,83.07007799542127,136.82290704183018,IM2406,0.3095890410958904,0.09820776311250518,0.09820776311250518,False,False,18.27988074233782,25.337077081784514,0.08222616550997293,18.600853895550333,0.810958904109589,0.07324626780600775
2024-03-01,5401.939,4,4,0.038356164383561646,0.5561643835616439,0.06801287126141858,0.09231128780574908,0.046925513432172654,IM2403,0.038356164383561646,0.06801287126141858,IM2404,0.13424657534246576,0.07638976302463983,IM2406,0.30684931506849317,0.09625960893502909,IM2409,0.5561643835616439,0.09231128780574908,0.09231128780574908,0.09015448098444376,IM2403,0.038356164383561646,0.0679686883860474,0.0679686883860474,False,False,80.61161221916939,135.38486800546514,IM2406,0.30684931506849317,0.09537428260217586,0.09537428260217586,False,False,16.257776519107626,25.486067378062145,0.07427359094223224,18.19028336133815,0.8054794520547945,0.07157043032628617
2024-03-04,5428.336,4,4,0.030136986301369864,0.547945205479452,0.2958237469949051,0.10976367486507954,-0.3593223615205626,IM2403,0.030136986301369864,0.2958237469949051,IM2404,0.12602739726027398,0.14365055468691382,IM2406,0.29863013698630136,0.1251051074113437,IM2409,0.547945205479452,0.10976367486507954,0.10976367486507954,0.1014567152280312,IM2403,0.030136986301369864,0.29468052490085395,0.29468052490085395,False,False,574.3115043568795,1013.2430138946539,IM2406,0.29863013698630136,0.12347273467268817,0.12347273467268817,False,False,47.46332885995669,75.1181359321021,0.0837517042287471,23.426053183787424,0.7972602739726027,0.07976796188337043
2024-03-05,5375.132,4,4,0.0273972602739726,0.5452054794520548,0.4553602420486733,0.11997203502808333,-0.6477073839286526,IM2403,0.0273972602739726,0.4553602420486733,IM2404,0.1232876712328767,0.18237194716765037,IM2406,0.2958904109589041,0.14249384383708852,IM2409,0.5452054794520548,0.11997203502808333,0.11997203502808333,0.10781575056841615,IM2403,0.0273972602739726,0.4527741160589171,0.4527741160589171,False,False,1030.3244415547467,1814.4551815105735,IM2406,0.2958904109589041,0.1403005426278451,0.1403005426278451,False,False,74.94499259657302,110.83213732472763,0.09189833721940092,26.759838328732293,0.7945205479452054,0.08734106270607492
2024-03-06,5381.459,4,4,0.024657534246575342,0.5424657534246575,0.29569595785743696,0.11109245866716319,-0.3565094031981478,IM2403,0.024657534246575342,0.29569595785743696,IM2404,0.12054794520547946,0.14527608338976347,IM2406,0.29315068493150687,0.12705104911714768,IM2409,0.5424657534246575,0.11109245866716319,0.11109245866716319,0.10250705891552167,IM2403,0.024657534246575342,0.29476098953833774,0.29476098953833774,False,False,562.7779961730952,996.3388797943161,IM2406,0.29315068493150687,0.1253887406585998,0.1253887406585998,False,False,45.76114120211757,77.55243381656044,0.08689256068118861,24.096655186852598,0.7917808219178082,0.08294321824990801
2024-03-07,5303.277,4,4,0.021917808219178082,0.5397260273972603,0.24662744841133546,0.10839617867023921,-0.2669545685476198,IM2403,0.021917808219178082,0.24662744841133546,IM2404,0.1178082191780822,0.13031736381803818,IM2406,0.29041095890410956,0.12152360876093889,IM2409,0.5397260273972603,0.10839617867023921,0.10839617867023921,0.10135799486607905,IM2403,0.021917808219178082,0.2460655298601227,0.2460655298601227,False,False,418.78205226026535,743.0373201207434,IM2406,0.29041095890410956,0.120041570594438,0.120041570594438,False,False,34.94773225228887,62.853211207320754,0.08530728059970791,21.452511293259445,0.7890410958904109,0.07908952087559352
2024-03-08,5370.372,4,4,0.019178082191780823,0.536986301369863,0.23767143257773388,0.1088359329731231,-0.24880929817821656,IM2403,0.019178082191780823,0.23767143257773388,IM2404,0.11506849315068493,0.1287295424097067,IM2406,0.2876712328767123,0.12138780631090514,IM2409,0.536986301369863,0.1088359329731231,0.1088359329731231,0.10213013762828067,IM2403,0.019178082191780823,0.23721772718910633,0.23721772718910633,False,False,387.90290880256975,689.3926483926782,IM2406,0.2876712328767123,0.11992352041729647,0.11992352041729647,False,False,32.308008304497,59.53882572761555,0.08499916167331094,20.8607252230231,0.7863013698630137,0.08087174961178405
2024-03-11,5466.646,4,3,0.10684931506849316,0.5287671232876713,0.11125898209981655,0.10767461319752747,-0.008495419800879964,IM2404,0.10684931506849316,0.11125898209981655,IM2406,0.27945205479452057,0.1175736361297118,IM2409,0.5287671232876713,0.10767461319752747,,,,0.10767461319752747,0.10244599786342415,IM2404,0.10684931506849316,0.11081549342067293,0.11081549342067293,False,True,12.683483481665899,18.885768666355933,IM2406,0.27945205479452057,0.11625536747904308,0.11625536747904308,False,False,22.99857926004348,45.37220757075415,0.08767255487975585,17.34451579797195,0.7780821917808219,0.08402030331764634
2024-03-12,5496.355,4,3,0.10410958904109589,0.5260273972602739,0.1080517113825861,0.10637973811804363,-0.003962793776350647,IM2404,0.10410958904109589,0.1080517113825861,IM2406,0.27671232876712326,0.11618227911115939,IM2409,0.5260273972602739,0.10637973811804363,,,,0.10637973811804363,0.10122303786897811,IM2404,0.10410958904109589,0.10764935556095051,0.10764935556095051,False,False,12.852238635613954,23.611651467700806,IM2406,0.27671232876712326,0.11491362191780519,0.11491362191780519,False,False,23.06611414974466,44.89056683710184,0.08388160611842935,24.33519748144024,0.7753424657534247,0.08139581528655236
2024-03-13,5521.784,4,3,0.10136986301369863,0.5232876712328767,0.1075416426053325,0.105130329466417,-0.00571512529678025,IM2404,0.10136986301369863,0.1075416426053325,IM2406,0.273972602739726,0.11494607142049441,IM2409,0.5232876712328767,0.105130329466417,,,,0.105130329466417,0.09998825781201547,IM2404,0.10136986301369863,0.10715436307678175,0.10715436307678175,False,False,12.021492653510741,21.34714614715786,IM2406,0.273972602739726,0.11372181164638075,0.11372181164638075,False,False,22.801399759280734,44.95816702391867,0.08101899133494195,23.000856248609935,0.7726027397260274,0.07660924435477831
2024-03-14,5486.646,4,3,0.09863013698630137,0.5205479452054794,0.1117865235131188,0.10799347008937105,-0.008990029218622913,IM2404,0.09863013698630137,0.1117865235131188,IM2406,0.27123287671232876,0.11698411011843844,IM2409,0.5205479452054794,0.10799347008937105,,,,0.10799347008937105,0.10330393709212303,IM2404,0.09863013698630137,0.11137230650565011,0.11137230650565011,False,False,11.737916912696045,17.58846353679566,IM2406,0.27123287671232876,0.11571962488006274,0.11571962488006274,False,False,20.340867369096454,40.218340006340235,0.09051130223081212,17.08010722016826,0.7698630136986301,0.0883776840947658
2024-03-15,5555.644,3,3,0.0958904109589041,0.5178082191780822,0.06410015020240675,0.09544200033440711,0.07428425518298787,IM2404,0.0958904109589041,0.06410015020240675,IM2406,0.2684931506849315,0.09834571214830698,IM2409,0.5178082191780822,0.09544200033440711,,,,0.09544200033440711,0.09393415082767388,IM2404,0.0958904109589041,0.06400703655083603,0.06400703655083603,False,False,108.00507125007888,162.77282616698304,IM2406,0.2684931506849315,0.09752744739569068,0.09752744739569068,False,False,19.56926481121748,32.05357265109498,0.08031021277945259,13.441409068498006,0.7671232876712328,0.07452842134353459
2024-03-18,5648.012,4,4,0.08767123287671233,0.5095890410958904,0.037000831134691436,0.08758600499362534,0.11989343154877191,IM2404,0.08767123287671233,0.037000831134691436,IM2405,0.1643835616438356,0.06476816027957483,IM2406,0.2602739726027397,0.08670495380787477,IM2409,0.5095890410958904,0.08758600499362534,0.08758600499362534,0.08803707455297168,IM2404,0.08767123287671233,0.03698816769510982,0.03698816769510982,False,False,146.04081714964317,257.8410339047633,IM2406,0.2602739726027397,0.08612923925128055,0.08612923925128055,False,False,28.04240809839451,43.07148108851763,0.07637941407616146,14.273558157161334,0.7589041095890411,0.07285599047903284
2024-03-19,5607.475,4,4,0.08493150684931507,0.5068493150684932,0.07445629797722805,0.0937266414617373,0.045673216700297885,IM2404,0.08493150684931507,0.07445629797722805,IM2405,0.16164383561643836,0.0890891821692915,IM2406,0.25753424657534246,0.09853536156434736,IM2409,0.5068493150684932,0.0937266414617373,0.0937266414617373,0.09127703904908753,IM2404,0.08493150684931507,0.0743305602012521,0.0743305602012521,False,False,59.412780127916456,98.30890501889908,IM2406,0.25753424657534246,0.09774647879307796,0.09774647879307796,False,False,15.861560161995333,20.374517980767543,0.07818039536741664,9.493296108459504,0.7561643835616438,0.07206241672233844
2024-03-20,5659.154,4,4,0.0821917808219178,0.5041095890410959,0.08500168926093711,0.0960872122530733,0.026274129169673442,IM2404,0.0821917808219178,0.08500168926093711,IM2405,0.1589041095890411,0.09579859370724501,IM2406,0.2547945205479452,0.104226426775429,IM2409,0.5041095890410959,0.0960872122530733,0.0960872122530733,0.09196234703992222,IM2404,0.0821917808219178,0.0848283589148965,0.0848283589148965,False,False,38.62675398370329,56.75695929382322,IM2406,0.2547945205479452,0.10332908956668013,0.10332908956668013,False,False,20.664537698295575,36.506997964482736,0.07909564740751951,14.558201152304674,0.7534246575342466,0.07442034677007721
2024-03-21,5658.279,4,4,0.07945205479452055,0.5013698630136987,0.08976964834119348,0.0966340955522634,0.0162696313768865,IM2404,0.07945205479452055,0.08976964834119348,IM2405,0.15616438356164383,0.09522209888817311,IM2406,0.25205479452054796,0.10381225858104516,IM2409,0.5013698630136987,0.0966340955522634,0.0966340955522634,0.09301551473775425,IM2404,0.07945205479452055,0.08957662665931584,0.08957662665931584,False,False,25.579615527991695,35.88159278901513,IM2406,0.25205479452054796,0.102933180934867,0.102933180934867,False,False,17.725035874928512,31.581715753876047,0.06966628708226875,17.065185634338974,1.0,0.07237057496080425
2024-03-22,5595.885,4,4,0.07671232876712329,0.4986301369863014,0.10667770455554731,0.10084176865732515,-0.013831925992539544,IM2404,0.07671232876712329,0.10667770455554731,IM2405,0.15342465753424658,0.10686747177669571,IM2406,0.2493150684931507,0.11375548527603749,IM2409,0.4986301369863014,0.10084176865732515,0.10084176865732515,0.09436722032520363,IM2404,0.07671232876712329,0.1063901714001833,0.1063901714001833,False,False,16.60712734995702,27.666008197265686,IM2406,0.2493150684931507,0.11266822214640108,0.11266822214640108,False,False,29.938119828362673,58.970261233200276,0.07047302882193691,22.98849993309346,0.9972602739726028,0.07304786888278199
2024-03-25,5466.062,4,4,0.0684931506849315,0.4904109589041096,0.10212960435929935,0.10550305471431268,0.007995515451817295,IM2404,0.0684931506849315,0.10212960435929935,IM2405,0.14520547945205478,0.1116513932078029,IM2406,0.2410958904109589,0.11910883547495478,IM2409,0.4904109589041096,0.10550305471431268,0.10550305471431268,0.09879827014438372,IM2404,0.0684931506849315,0.10189903444198105,0.10189903444198105,False,False,23.635472810329965,41.49212303840298,IM2406,0.2410958904109589,0.11793412099473567,0.11793412099473567,False,False,31.324727288745603,60.96331134782801,0.07309734834390069,25.267981722704732,0.989041095890411,0.0755861662798197
2024-03-26,5447.748,4,4,0.06575342465753424,0.4876712328767123,0.15106831628796005,0.1126034302420309,-0.09116677536859832,IM2404,0.06575342465753424,0.15106831628796005,IM2405,0.14246575342465753,0.12979130092120073,IM2406,0.23835616438356164,0.13203130733598006,IM2409,0.4876712328767123,0.1126034302420309,0.1126034302420309,0.10308748466197794,IM2404,0.06575342465753424,0.15050514940607762,0.15050514940607762,False,False,96.1433880402793,184.83578112877538,IM2406,0.23835616438356164,0.13054872751004662,0.13054872751004662,False,False,44.31253967902889,87.51405243032164,0.07467919818152621,18.235420154276643,0.9863013698630136,0.07678516001117368
2024-03-27,5266.231,4,4,0.06301369863013699,0.4849315068493151,0.16966173280367763,0.1198142098315966,-0.11814510314811413,IM2404,0.06301369863013699,0.16966173280367763,IM2405,0.13972602739726028,0.14922048848683886,IM2406,0.2356164383561644,0.1383579865843615,IM2409,0.4849315068493151,0.1198142098315966,0.1198142098315966,0.11078769221790692,IM2404,0.06301369863013699,0.16895823564535298,0.16895823564535298,False,False,125.25280135702815,238.31486490506515,IM2406,0.2356164383561644,0.13672289143836003,0.13672289143836003,False,False,43.225728076481126,81.99552450403068,0.07524017424730692,43.658585539859956,0.9835616438356164,0.0802607719692141
2024-03-28,5382.236,4,4,0.06027397260273973,0.4821917808219178,0.12090772505950825,0.11348672814460277,-0.017588726454159098,IM2404,0.06027397260273973,0.12090772505950825,IM2405,0.136986301369863,0.12001297556569475,IM2406,0.2328767123287671,0.12763772252041672,IM2409,0.4821917808219178,0.11348672814460277,0.11348672814460277,0.10664235889434082,IM2404,0.06027397260273973,0.12060148033101875,0.12060148033101875,False,False,19.014011537574195,34.30675026874594,IM2406,0.2328767123287671,0.12629988332424086,0.12629988332424086,False,False,31.271791351731835,61.78398114017371,0.07674220097711267,13.918597323704779,0.9808219178082191,0.07842869001925334
2024-03-29,5441.26,4,4,0.057534246575342465,0.4794520547945205,0.11371707649080934,0.1107443692744223,-0.007045702168709539,IM2404,0.057534246575342465,0.11371707649080934,IM2405,0.13424657534246576,0.11126547661049971,IM2406,0.23013698630136986,0.12774250425462938,IM2409,0.4794520547945205,0.1107443692744223,0.1107443692744223,0.10257666690247876,IM2404,0.057534246575342465,0.1134648714942257,0.1134648714942257,False,False,17.737866311313443,32.858113749971885,IM2406,0.23013698630136986,0.12641770997368798,0.12641770997368798,False,False,39.1260973429706,75.14615403757426,0.07674220097711267,10.800520431829586,0.9808219178082191,0.07706183206539802
2024-04-01,5559.056,4,4,0.049315068493150684,0.4712328767123288,0.08377446173563212,0.10023319903351179,0.039009344894325185,IM2404,0.049315068493150684,0.08377446173563212,IM2405,0.12602739726027398,0.1004183202824717,IM2406,0.2219178082191781,0.11242246965646104,IM2409,0.4712328767123288,0.10023319903351179,0.10023319903351179,0.09449618660995118,IM2404,0.049315068493150684,0.08367428010958572,0.08367428010958572,False,False,51.48846998005732,78.03106999767871,IM2406,0.2219178082191781,0.11148111513453142,0.11148111513453142,False,False,28.261508984127975,53.0038786130239,0.07257179150371616,14.223416699945629,0.9698630136986301,0.0744032926120461
2024-04-02,5531.052,4,4,0.04657534246575343,0.4684931506849315,0.11512887022933876,0.10360404338730354,-0.02731533634638218,IM2404,0.04657534246575343,0.11512887022933876,IM2405,0.1232876712328767,0.10943548458703463,IM2406,0.2191780821917808,0.11742260967201279,IM2409,0.4684931506849315,0.10360404338730354,0.10360404338730354,0.09714719712089719,IM2404,0.04657534246575343,0.11491843930040742,0.11491843930040742,False,False,26.85884075937045,53.00716989426646,IM2406,0.2191780821917808,0.11638984590996422,0.11638984590996422,False,False,30.27813976480323,59.90060907876618,0.07458990005699274,12.61145507702903,0.9671232876712329,0.07599272778709122
2024-04-03,5500.926,4,4,0.043835616438356165,0.4657534246575342,0.12777003689001196,0.11142717511296021,-0.03873470486119407,IM2404,0.043835616438356165,0.12777003689001196,IM2405,0.12054794520547946,0.12307080815568926,IM2406,0.21643835616438356,0.1275109894553917,IM2409,0.4657534246575342,0.11142717511296021,0.11142717511296021,0.10396755867625522,IM2404,0.043835616438356165,0.12751587550896135,0.12751587550896135,False,False,37.56255028782939,74.93367307726362,IM2406,0.21643835616438356,0.12626977201633646,0.12626977201633646,False,False,34.64629888620648,69.12990338558801,0.07708118642480322,14.193320252815539,0.9643835616438357,0.07812834044790795
2024-04-08,5399.915,4,4,0.030136986301369864,0.4520547945205479,0.33807301006710755,0.1312771503251762,-0.4901330441935386,IM2404,0.030136986301369864,0.33807301006710755,IM2405,0.10684931506849316,0.18385003976549436,IM2406,0.20273972602739726,0.16658331887457997,IM2409,0.4520547945205479,0.1312771503251762,0.1312771503251762,0.11554536364653174,IM2404,0.030136986301369864,0.3365533834581423,0.3365533834581423,False,False,501.6176097142438,927.96105388875,IM2406,0.20273972602739726,0.1644266352440831,0.1644266352440831,False,False,80.06969667652591,149.8538359347846,0.08357565810173176,32.437295884383985,0.9506849315068493,0.08539797758425234
2024-04-09,5468.911,4,4,0.0273972602739726,0.44931506849315067,0.2698702709496845,0.12427058268616425,-0.34509017023496685,IM2404,0.0273972602739726,0.2698702709496845,IM2405,0.10410958904109589,0.16602163529340586,IM2406,0.2,0.15577590622449278,IM2409,0.44931506849315067,0.12427058268616425,0.12427058268616425,0.11035284635384769,IM2404,0.0273972602739726,0.26901694322690367,0.26901694322690367,False,False,348.48584378761456,650.3672090049674,IM2406,0.2,0.15394897082801348,0.15394897082801348,False,False,68.85139306125456,133.34947000721263,0.0869945016544807,18.281130216016937,0.947945205479452,0.08808714256085823
2024-04-10,5367.052,4,4,0.024657534246575342,0.4465753424657534,0.30095038781774164,0.12937588137147796,-0.4066538626810795,IM2404,0.024657534246575342,0.30095038781774164,IM2405,0.10136986301369863,0.18019607680715993,IM2406,0.19726027397260273,0.1627788510338016,IM2409,0.4465753424657534,0.12937588137147796,0.12937588137147796,0.11474957425816062,IM2404,0.024657534246575342,0.29997948304663935,0.29997948304663935,False,False,408.79169509387606,761.8736184397621,IM2406,0.19726027397260273,0.1607869410121854,0.1607869410121854,False,False,72.92771391359443,140.27404716261168,0.08759913295266984,12.761992106001188,0.9452054794520548,0.08760246770162312
2024-04-11,5379.915,4,4,0.021917808219178082,0.4438356164383562,0.24201059484115997,0.12778733289192856,-0.270723965009542,IM2404,0.021917808219178082,0.24201059484115997,IM2405,0.09863013698630137,0.16829330768889195,IM2406,0.19452054794520549,0.1597853550392534,IM2409,0.4438356164383562,0.12778733289192856,0.12778733289192856,0.11390241664296294,IM2404,0.021917808219178082,0.2414713197141572,0.2414713197141572,False,False,266.9495132953039,504.5700237041385,IM2406,0.19452054794520549,0.15790200334726961,0.15790200334726961,False,False,67.68160817421875,133.6596332538426,0.08660506590057779,21.066191106443036,0.9424657534246575,0.08811844996981755
2024-04-12,5338.769,4,4,0.019178082191780823,0.4410958904109589,0.31156244066861377,0.13442308418142127,-0.4198432799858783,IM2404,0.019178082191780823,0.31156244066861377,IM2405,0.0958904109589041,0.1888986408435556,IM2406,0.1917808219178082,0.17359577511099852,IM2409,0.4410958904109589,0.13442308418142127,0.13442308418142127,0.11758171653203504,IM2404,0.019178082191780823,0.31074880637947183,0.31074880637947183,False,False,414.65584780269523,777.7655143530443,IM2406,0.1917808219178082,0.17135561078914316,0.17135561078914316,False,False,83.01118461468789,162.90785709159465,0.08858308262847424,21.50721623844679,0.9397260273972603,0.08959726111444007
2024-04-15,5287.512,4,3,0.08767123287671233,0.4328767123287671,0.21694348169305389,0.14306825153873426,-0.21400364290735446,IM2405,0.08767123287671233,0.21694348169305389,IM2406,0.18356164383561643,0.19538181805988022,IM2409,0.4328767123287671,0.14306825153873426,,,,0.14306825153873426,0.1212246009567149,IM2405,0.08767123287671233,0.21525298476863916,0.21525298476863916,False,True,157.81189222129177,312.47090000890466,IM2406,0.18356164383561643,0.19258880417374502,0.19258880417374502,False,False,108.64377090153188,214.36294017347103,0.10790651899384701,20.415599893676994,0.6821917808219178,0.09368840302662872
2024-04-16,5066.66,4,3,0.08493150684931507,0.4301369863013699,0.2080058116666592,0.13882712026946348,-0.2003985901585432,IM2405,0.08493150684931507,0.2080058116666592,IM2406,0.18082191780821918,0.18559143352571886,IM2409,0.4301369863013699,0.13882712026946348,,,,0.13882712026946348,0.11949909099407964,IM2405,0.08493150684931507,0.2065127666339464,0.2065127666339464,False,False,146.84623573947104,291.1409994307892,IM2406,0.18082191780821918,0.18313687733321182,0.18313687733321182,False,False,96.02621923939185,190.59265367146563,0.08630359093108099,32.155824524767304,0.9287671232876712,0.08796933564303833
2024-04-17,5287.456,4,3,0.0821917808219178,0.4273972602739726,0.1482805721501154,0.12565630165673183,-0.06553856134988094,IM2405,0.0821917808219178,0.1482805721501154,IM2406,0.1780821917808219,0.1598491676197375,IM2409,0.4273972602739726,0.12565630165673183,,,,0.12565630165673183,0.11167135256423048,IM2405,0.0821917808219178,0.1476066725976856,0.1476066725976856,False,False,48.43245857327531,93.81528402161068,IM2406,0.1780821917808219,0.15812208773717726,0.15812208773717726,False,False,69.72573563035415,138.75788023423323,0.09452151383789081,13.250828423770688,0.9260273972602739,0.0943396436856603
2024-04-18,5286.719,4,3,0.07945205479452055,0.4246575342465753,0.14613924869328232,0.12200605850485766,-0.06990963824424605,IM2405,0.07945205479452055,0.14613924869328232,IM2406,0.17534246575342466,0.15217884314085234,IM2409,0.4246575342465753,0.12200605850485766,,,,0.12200605850485766,0.1097970497585753,IM2405,0.07945205479452055,0.14550926980974607,0.14550926980974607,False,False,50.49529724465901,99.80815759609982,IM2406,0.17534246575342466,0.15065888254605514,0.15065888254605514,False,False,61.09092320444635,121.67637606535872,0.08869357770582767,15.754427707375005,0.9232876712328767,0.08973291655337025
2024-04-19,5264.389,3,3,0.07671232876712329,0.42191780821917807,0.2009960906350643,0.13351449232399104,-0.19548240780588683,IM2405,0.07671232876712329,0.2009960906350643,IM2406,0.1726027397260274,0.18248324292061782,IM2409,0.42191780821917807,0.13351449232399104,,,,0.13351449232399104,0.11391667201145271,IM2405,0.07671232876712329,0.19974535397853643,0.19974535397853643,False,False,162.25007139025334,279.439799857534,IM2406,0.1726027397260274,0.18022596836913551,0.18022596836913551,False,False,114.17992413439934,197.0840359165005,0.09139219112433607,9.872497162709584,0.9205479452054794,0.09055328379235757
2024-04-22,5246.082,4,4,0.0684931506849315,0.663013698630137,0.17916875564489904,0.11128185659134242,-0.1141876412651989,IM2405,0.0684931506849315,0.17916875564489904,IM2406,0.1643835616438356,0.16989103423679805,IM2409,0.4136986301369863,0.12927670950025041,IM2412,0.663013698630137,0.11128185659134242,0.11128185659134242,0.10121958342930272,IM2405,0.0684931506849315,0.17830427355119638,0.17830427355119638,False,False,244.33220127709066,444.36780559684223,IM2406,0.1643835616438356,0.1680594788008786,0.1680594788008786,False,False,204.64531177437553,376.44341300569374,0.08757426567196615,31.272037470353887,0.9123287671232877,0.09011036851794241
2024-04-23,5218.428,4,4,0.06575342465753424,0.6602739726027397,0.21542767557473907,0.11597417316768388,-0.16728354091509284,IM2405,0.06575342465753424,0.21542767557473907,IM2406,0.16164383561643836,0.18291321080075632,IM2409,0.410958904109589,0.13575330574928318,IM2412,0.6602739726027397,0.11597417316768388,0.11597417316768388,0.10489809711717214,IM2405,0.06575342465753424,0.21417741000418686,0.21417741000418686,False,False,362.92632787769475,648.4104130848556,IM2406,0.16164383561643836,0.18078684543912163,0.18078684543912163,False,False,233.40681582612365,427.94120595661684,0.08813407690126697,33.05866242819585,0.9095890410958904,0.08899294451144306
2024-04-24,5305.607,4,4,0.06301369863013699,0.6575342465753424,0.11061013924906372,0.10161148122632663,-0.015135991605064701,IM2405,0.06301369863013699,0.11061013924906372,IM2406,0.1589041095890411,0.13951105169148975,IM2409,0.40821917808219177,0.11691573725027962,IM2412,0.6575342465753424,0.10161148122632663,0.10161148122632663,0.09302976307350037,IM2405,0.06301369863013699,0.11035195341866527,0.11035195341866527,False,False,39.267975732106216,57.4715979770215,IM2406,0.1589041095890411,0.1383833962564637,0.1383833962564637,False,False,128.8902736307957,241.78793444473638,0.07972480115997382,23.11508973716282,0.9068493150684932,0.0797568104817393
2024-04-25,5313.986,4,4,0.06027397260273973,0.6547945205479452,0.1289631463338024,0.10375560156691237,-0.042399787280713655,IM2405,0.06027397260273973,0.1289631463338024,IM2406,0.15616438356164383,0.1413883685236525,IM2409,0.4054794520547945,0.11807951455570592,IM2412,0.6547945205479452,0.10375560156691237,0.10375560156691237,0.09571368287309866,IM2405,0.06027397260273973,0.1286061129322442,0.1286061129322442,False,False,84.70254575762223,162.71978674833767,IM2406,0.15616438356164383,0.14024505264330578,0.14024505264330578,False,False,127.68637133662519,238.9309262262487,0.07765470432887377,31.317626498589334,0.9041095890410958,0.07899084383033529
2024-04-26,5415.938,4,4,0.057534246575342465,0.6520547945205479,0.04356524557608334,0.08961196191401052,0.07745185006149041,IM2405,0.057534246575342465,0.04356524557608334,IM2406,0.15342465753424658,0.09837888220104175,IM2409,0.40273972602739727,0.09830652102105399,IM2412,0.6520547945205479,0.08961196191401052,0.08961196191401052,0.08472505166353952,IM2405,0.057534246575342465,0.043549277811419554,0.043549277811419554,False,False,190.998781455922,300.35394017579875,IM2406,0.15342465753424658,0.09790950260403415,0.09790950260403415,False,False,31.25688388382856,54.10451189659363,0.06930966072024243,31.749118440494954,0.9013698630136986,0.07216915194144768
2024-04-29,5545.235,4,4,0.049315068493150684,0.6438356164383562,-0.022976597929365208,0.07857605030274434,0.17081436223373264,IM2405,0.049315068493150684,-0.022976597929365208,IM2406,0.14520547945205478,0.0636490434416058,IM2409,0.39452054794520547,0.07472302750952535,IM2412,0.6438356164383562,0.07857605030274434,0.07857605030274434,0.08074761696506737,IM2405,0.049315068493150684,0.0,-0.02302217228946334,True,False,296.4419397656896,505.900597839588,IM2406,0.14520547945205478,0.06351100964790576,0.06351100964790576,False,False,57.410061084633334,96.99409736676847,0.057552044731913304,49.516560770824206,0.8931506849315068,0.0653154044179119
2024-04-30,5497.43,4,4,0.04657534246575343,0.6410958904109589,0.03730864234311379,0.08087971181175231,0.07328774357628139,IM2405,0.04657534246575343,0.03730864234311379,IM2406,0.14246575342465753,0.08236803685566772,IM2409,0.3917808219178082,0.08509588618369947,IM2412,0.6410958904109589,0.08087971181175231,0.08087971181175231,0.078501822469296,IM2405,0.04657534246575343,0.03730166748505378,0.03730166748505378,False,False,171.19852548799778,279.37705129992946,IM2406,0.14246575342465753,0.08209177603128973,0.08209177603128973,False,False,12.590762077215414,20.8578978821642,0.06430693681828918,41.14279829629669,0.8904109589041096,0.06977445913002367
2024-05-06,5606.842,4,4,0.030136986301369864,0.6246575342465753,0.11863537616496937,0.08177654527534042,-0.06199757269453717,IM2405,0.030136986301369864,0.11863537616496937,IM2406,0.12602739726027398,0.10285495237123787,IM2409,0.37534246575342467,0.08982751571379058,IM2412,0.6246575342465753,0.08177654527534042,0.08177654527534042,0.07722713494388563,IM2405,0.030136986301369864,0.11848892089019317,0.11848892089019317,False,False,127.03545737943746,229.3266202790812,IM2406,0.12602739726027398,0.10242386867610083,0.10242386867610083,False,False,68.72786690953136,128.97506124310684,0.0608103164904632,40.393951673645866,0.873972602739726,0.06387423677023601
2024-05-07,5625.336,4,4,0.0273972602739726,0.6219178082191781,0.14046944840767642,0.08764175842246963,-0.08885763522857364,IM2405,0.0273972602739726,0.14046944840767642,IM2406,0.1232876712328767,0.11884439559463068,IM2409,0.3726027397260274,0.09868756101814617,IM2412,0.6219178082191781,0.08764175842246963,0.08764175842246963,0.08140037281007591,IM2405,0.0273972602739726,0.14027086026505833,0.14027086026505833,False,False,181.54617674750412,327.30975666486785,IM2406,0.1232876712328767,0.11824456115451061,0.11824456115451061,False,False,101.94481288018626,190.3242800047492,0.06586603028708046,30.596102211062107,0.8712328767123287,0.06640086658243116
2024-05-08,5536.659,4,4,0.024657534246575342,0.6191780821917808,0.14367913470488164,0.09396882177866027,-0.08361412082060277,IM2405,0.024657534246575342,0.14367913470488164,IM2406,0.12054794520547946,0.13383607075406723,IM2409,0.3698630136986301,0.10585843311884359,IM2412,0.6191780821917808,0.09396882177866027,0.09396882177866027,0.0872517193611218,IM2405,0.024657534246575342,0.14349073892957642,0.14349073892957642,False,False,168.47107073150505,306.62885687964484,IM2406,0.12054794520547946,0.1330585619496258,0.1330585619496258,False,False,131.0627091249746,242.0351035243347,0.07007794095266547,26.473787994899013,0.8684931506849315,0.06924363305176953
2024-05-09,5626.825,4,4,0.021917808219178082,0.6164383561643836,0.09973545285363104,0.08722931195028906,-0.021035674791335595,IM2405,0.021917808219178082,0.09973545285363104,IM2406,0.1178082191780822,0.11713890398931659,IM2409,0.36712328767123287,0.09749319235518605,IM2412,0.6164383561643836,0.08722931195028906,0.08722931195028906,0.0814322203833504,IM2405,0.021917808219178082,0.09966581953410523,0.09966581953410523,False,False,39.88931173894635,76.66340291393425,IM2406,0.1178082191780822,0.11658520093584053,0.11658520093584053,False,False,97.04858446103563,180.9609594999737,0.06765679515124053,26.26340706040187,0.8657534246575342,0.06810597105135771
2024-05-10,5574.232,4,4,0.019178082191780823,0.6136986301369863,0.11954953989847725,0.09233296090119829,-0.045779038405561384,IM2405,0.019178082191780823,0.11954953989847725,IM2406,0.11506849315068493,0.13082205118425755,IM2409,0.3643835616438356,0.10471046893161418,IM2412,0.6136986301369863,0.09233296090119829,0.09233296090119829,0.08534469029772429,IM2405,0.019178082191780823,0.1194545718841334,0.1194545718841334,False,False,87.694647716612,166.4449550733556,IM2406,0.11506849315068493,0.13011843681527982,0.13011843681527982,False,False,124.84866810759142,231.88894807545913,0.07076679510007207,28.371500449345103,0.863013698630137,0.07130842442577673
2024-05-13,5520.804,4,3,0.10684931506849316,0.6054794520547945,0.15145760855990387,0.09797863635578229,-0.10725178491485922,IM2406,0.10684931506849316,0.15145760855990387,IM2409,0.3561643835616438,0.11254386051046784,IM2412,0.6054794520547945,0.09797863635578229,,,,0.09797863635578229,0.08976966462085188,IM2406,0.10684931506849316,0.15053867906530652,0.15053867906530652,False,True,172.91121294562632,318.2402585973929,IM2406,0.10684931506849316,0.15053867906530652,0.15053867906530652,False,False,172.91121294562632,318.2402585973929,0.07494036449584342,25.066246714760563,0.8547945205479452,0.07419135183994459
2024-05-14,5551.675,4,3,0.10410958904109589,0.6027397260273972,0.1623602545141355,0.09853589688830428,-0.12799939853532086,IM2406,0.10410958904109589,0.1623602545141355,IM2409,0.35342465753424657,0.11393031775526523,IM2412,0.6027397260273972,0.09853589688830428,,,,0.09853589688830428,0.08986654140684998,IM2406,0.10410958904109589,0.16131048168724832,0.16131048168724832,False,False,207.0170648152022,378.36736043199073,IM2406,0.10410958904109589,0.16131048168724832,0.16131048168724832,False,False,207.0170648152022,378.36736043199073,0.0756247128885684,25.56273678900472,0.852054794520548,0.07440554640386023
2024-05-15,5497.235,4,3,0.10136986301369863,0.6,0.15230448891962559,0.09764792308566597,-0.10961344246920474,IM2406,0.10136986301369863,0.15230448891962559,IM2409,0.3506849315068493,0.11420173141550456,IM2412,0.6,0.09764792308566597,,,,0.09764792308566597,0.08833413202536118,IM2406,0.10136986301369863,0.1514212287410626,0.1514212287410626,False,False,174.0608418635302,322.63983393237885,IM2406,0.10136986301369863,0.1514212287410626,0.1514212287410626,False,False,174.0608418635302,322.63983393237885,0.07745324766997075,19.422249904692908,0.8493150684931506,0.07538117452512451
2024-05-16,5488.946,4,3,0.09863013698630137,0.5972602739726027,0.15751751364551758,0.09771277506898965,-0.11993807461776206,IM2406,0.09863013698630137,0.15751751364551758,IM2409,0.34794520547945207,0.11320157586265313,IM2412,0.5972602739726027,0.09771277506898965,,,,0.09771277506898965,0.08900705710972716,IM2406,0.09863013698630137,0.1565891152468574,0.1565891152468574,False,False,191.50508777506565,351.6449906513743,IM2406,0.09863013698630137,0.1565891152468574,0.1565891152468574,False,False,191.50508777506565,351.6449906513743,0.07505578555836177,23.737675710559152,0.8465753424657534,0.07244394219246177
2024-05-17,5563.231,3,3,0.0958904109589041,0.5945205479452055,0.082102907718486,0.08322453209716885,0.0022494115286771452,IM2406,0.0958904109589041,0.082102907718486,IM2409,0.3452054794520548,0.09043221973065543,IM2412,0.5945205479452055,0.08322453209716885,,,,0.08322453209716885,0.07917789777564972,IM2406,0.0958904109589041,0.08191836054572287,0.08191836054572287,False,False,17.55110525443551,29.39030841921764,IM2406,0.0958904109589041,0.08191836054572287,0.08191836054572287,False,False,17.55110525443551,29.39030841921764,0.06832955380700652,23.372885594860346,0.8438356164383561,0.06526712848100197
2024-05-20,5596.777,4,4,0.08767123287671233,0.5863013698630137,0.13794986797268885,0.09086666864148622,-0.09442509755982943,IM2406,0.08767123287671233,0.13794986797268885,IM2407,0.1643835616438356,0.12190881261797033,IM2409,0.336986301369863,0.10463885789796153,IM2412,0.5863013698630137,0.09086666864148622,0.09086666864148622,0.08316560372923225,IM2406,0.08767123287671233,0.1373421160517924,0.1373421160517924,False,False,147.51091868084404,272.4861848165899,IM2406,0.08767123287671233,0.1373421160517924,0.1373421160517924,False,False,147.51091868084404,272.4861848165899,0.07107481825101947,19.100282948636266,0.8356164383561644,0.06890578820829385
2024-05-21,5536.745,4,4,0.08493150684931507,0.5835616438356165,0.14817144744755342,0.0943030284421946,-0.10803281833492291,IM2406,0.08493150684931507,0.14817144744755342,IM2407,0.16164383561643836,0.136335307152372,IM2409,0.33424657534246577,0.10870160873438614,IM2412,0.5835616438356165,0.0943030284421946,0.0943030284421946,0.08626427267105506,IM2406,0.08493150684931507,0.14747634797305295,0.14747634797305295,False,False,168.3799237134129,310.29909753624275,IM2406,0.08493150684931507,0.14747634797305295,0.14747634797305295,False,False,168.3799237134129,310.29909753624275,0.07163317475055288,18.111757222562794,0.8328767123287671,0.06827615733732491
2024-05-22,5539.66,4,4,0.0821917808219178,0.5808219178082191,0.15262909418193585,0.0938070250272693,-0.11796733649150161,IM2406,0.0821917808219178,0.15262909418193585,IM2407,0.1589041095890411,0.13123840166001133,IM2409,0.3315068493150685,0.10844192850925458,IM2412,0.5808219178082191,0.0938070250272693,0.0938070250272693,0.08564998850274744,IM2406,0.0821917808219178,0.15190881750865465,0.15190881750865465,False,False,184.20600452492494,337.4679453713351,IM2406,0.0821917808219178,0.15190881750865465,0.15190881750865465,False,False,184.20600452492494,337.4679453713351,0.0727382467186964,22.442507921093977,0.8301369863013699,0.0711462208242379
2024-05-23,5412.824,4,4,0.07945205479452055,0.5780821917808219,0.14578104470661016,0.09371868257749269,-0.10441078119301031,IM2406,0.07945205479452055,0.14578104470661016,IM2407,0.15616438356164383,0.13341426626637495,IM2409,0.3287671232876712,0.1083855550109427,IM2412,0.5780821917808219,0.09371868257749269,0.09371868257749269,0.08555839949544673,IM2406,0.07945205479452055,0.14515463277579227,0.14515463277579227,False,False,160.7496460019162,297.342068269623,IM2406,0.07945205479452055,0.14515463277579227,0.14515463277579227,False,False,160.7496460019162,297.342068269623,0.07364602711507086,18.771351290313845,0.8273972602739726,0.07167982033725409
2024-05-24,5350.107,4,4,0.07671232876712329,0.5753424657534246,0.16432487763650755,0.09641035430772865,-0.13620220337914452,IM2406,0.07671232876712329,0.16432487763650755,IM2407,0.15342465753424658,0.14435405588893938,IM2409,0.32602739726027397,0.11437333951771382,IM2412,0.5753424657534246,0.09641035430772865,0.09641035430772865,0.08643512437552402,IM2406,0.07671232876712329,0.1635288717456629,0.1635288717456629,False,False,209.5649351399255,386.16133320455293,IM2406,0.07671232876712329,0.1635288717456629,0.1635288717456629,False,False,209.5649351399255,386.16133320455293,0.07206595837453915,25.48173017134229,0.8246575342465754,0.06832352209756554
2024-05-27,5404.616,4,4,0.0684931506849315,0.5671232876712329,0.2070928181763419,0.10214823725466174,-0.21046578041985306,IM2406,0.0684931506849315,0.2070928181763419,IM2407,0.14520547945205478,0.16605743580458046,IM2409,0.3178082191780822,0.12394113820709425,IM2412,0.5671232876712329,0.10214823725466174,0.10214823725466174,0.0901229387854104,IM2406,0.0684931506849315,0.20589916471401432,0.20589916471401432,False,False,323.0330131676226,588.3956707968764,IM2406,0.0684931506849315,0.20589916471401432,0.20589916471401432,False,False,323.0330131676226,588.3956707968764,0.07865157664282714,17.768740259505314,0.8164383561643835,0.07326967524221557
2024-05-28,5348.029,4,4,0.06575342465753424,0.5643835616438356,0.21757748039835725,0.10740931408652969,-0.22094165221877504,IM2406,0.06575342465753424,0.21757748039835725,IM2407,0.14246575342465753,0.17154863262773629,IM2409,0.3150684931506849,0.12929633795963577,IM2412,0.5643835616438356,0.10740931408652969,0.10740931408652969,0.09536041354401142,IM2406,0.06575342465753424,0.21629961648799464,0.21629961648799464,False,False,337.96813369598505,614.5589669781307,IM2406,0.06575342465753424,0.21629961648799464,0.21629961648799464,False,False,337.96813369598505,614.5589669781307,0.08231368423631137,19.87843493469531,0.8136986301369863,0.07834538554846161
2024-05-29,5351.252,4,4,0.06301369863013699,0.5616438356164384,0.22070501869055087,0.1079992485807519,-0.2260308026927287,IM2406,0.06301369863013699,0.22070501869055087,IM2407,0.13972602739726028,0.1755508892013625,IM2409,0.31232876712328766,0.13342358879102437,IM2412,0.5616438356164384,0.1079992485807519,0.1079992485807519,0.09403748535825092,IM2406,0.06301369863013699,0.2194411775038825,0.2194411775038825,False,False,341.94213871742954,625.9067240888153,IM2406,0.06301369863013699,0.2194411775038825,0.2194411775038825,False,False,341.94213871742954,625.9067240888153,0.0839280767372126,14.052206976900653,0.810958904109589,0.07790868236130229
2024-05-30,5334.296,4,4,0.06027397260273973,0.5589041095890411,0.1539559314709344,0.1008563119621532,-0.10649099516870954,IM2406,0.06027397260273973,0.1539559314709344,IM2407,0.136986301369863,0.14212287421042633,IM2409,0.3095890410958904,0.12042611249857599,IM2412,0.5589041095890411,0.1008563119621532,0.1008563119621532,0.09013725788540655,IM2406,0.06027397260273973,0.15341660012186178,0.15341660012186178,False,False,155.69752866560725,293.761610536455,IM2406,0.06027397260273973,0.15341660012186178,0.15341660012186178,False,False,155.69752866560725,293.761610536455,0.07972405394770027,10.556425125771314,0.8082191780821918,0.07414803718617602
2024-05-31,5355.21,4,4,0.057534246575342465,0.5561643835616439,0.15426909952377194,0.09851322676505682,-0.11181809646665393,IM2406,0.057534246575342465,0.15426909952377194,IM2407,0.13424657534246576,0.14230580105415394,IM2409,0.30684931506849317,0.11760458413909865,IM2412,0.5561643835616439,0.09851322676505682,0.09851322676505682,0.08808439677274567,IM2406,0.057534246575342465,0.15375181320976175,0.15375181320976175,False,False,163.49418373437294,307.2173437883593,IM2406,0.057534246575342465,0.15375181320976175,0.15375181320976175,False,False,163.49418373437294,307.2173437883593,0.08166653774856523,14.564580148167641,0.8054794520547945,0.07851589469828157
2024-06-03,5284.624,4,4,0.049315068493150684,0.547945205479452,0.26017822658102563,0.1112100093801053,-0.2987549410897578,IM2406,0.049315068493150684,0.26017822658102563,IM2407,0.12602739726027398,0.18050559861894286,IM2409,0.29863013698630136,0.14039362956099863,IM2412,0.547945205479452,0.1112100093801053,0.1112100093801053,0.09540788958623607,IM2406,0.049315068493150684,0.2587614415792775,0.2587614415792775,False,False,443.9455209548556,808.5009983516272,IM2406,0.049315068493150684,0.2587614415792775,0.2587614415792775,False,False,443.9455209548556,808.5009983516272,0.08524355733005612,15.688302310688675,0.7972602739726027,0.0782982164061637
2024-06-04,5313.708,4,4,0.04657534246575343,0.5452054794520548,0.20304157465817052,0.10625734586735439,-0.1941002390585049,IM2406,0.04657534246575343,0.20304157465817052,IM2407,0.1232876712328767,0.16338464375529654,IM2409,0.2958904109589041,0.1316706805624212,IM2412,0.5452054794520548,0.10625734586735439,0.10625734586735439,0.09254034257326563,IM2406,0.04657534246575343,0.20226355195235252,0.20226355195235252,False,False,282.80188838341644,523.4310961894417,IM2406,0.04657534246575343,0.20226355195235252,0.20226355195235252,False,False,282.80188838341644,523.4310961894417,0.08388705196920129,13.692350274255087,0.7945205479452054,0.07812398974855418
2024-06-05,5244.085,4,4,0.043835616438356165,0.5424657534246575,0.1705099715912582,0.10410658188678239,-0.13317163319853664,IM2406,0.043835616438356165,0.1705099715912582,IM2407,0.12054794520547946,0.15183894773866918,IM2409,0.29315068493150687,0.1262927423997577,IM2412,0.5424657534246575,0.10410658188678239,0.10410658188678239,0.09217087506136146,IM2406,0.043835616438356165,0.17001455210966118,0.17001455210966118,False,False,190.21977393267954,357.52816723643866,IM2406,0.043835616438356165,0.17001455210966118,0.17001455210966118,False,False,190.21977393267954,357.52816723643866,0.08142328902999207,20.90022042998708,0.7917808219178082,0.07677021268498273
2024-06-06,5130.869,4,4,0.0410958904109589,0.5397260273972603,0.1582527998265666,0.10265727642543876,-0.11149651671105307,IM2406,0.0410958904109589,0.1582527998265666,IM2407,0.1178082191780822,0.14510961926970528,IM2409,0.29041095890410956,0.1235985092201505,IM2412,0.5397260273972603,0.10265727642543876,0.10265727642543876,0.09142977458566075,IM2406,0.0410958904109589,0.15786079252201812,0.15786079252201812,False,False,157.24111772227906,297.9477444116747,IM2406,0.0410958904109589,0.15786079252201812,0.15786079252201812,False,False,157.24111772227906,297.9477444116747,0.07910007676276933,17.630091393338656,0.7890410958904109,0.07393545714593658
2024-06-07,5153.587,4,4,0.038356164383561646,0.536986301369863,0.215941846643805,0.1067577425178803,-0.21896812091188197,IM2406,0.038356164383561646,0.215941846643805,IM2407,0.11506849315068493,0.16622286150287321,IM2409,0.2876712328767123,0.12865029732033226,IM2412,0.536986301369863,0.1067577425178803,0.1067577425178803,0.09506172008917309,IM2406,0.038356164383561646,0.2152073796921883,0.2152073796921883,False,False,317.93116593738284,582.3596955113527,IM2406,0.038356164383561646,0.2152073796921883,0.2152073796921883,False,False,317.93116593738284,582.3596955113527,0.07921015273128361,21.980483772988503,0.7863013698630137,0.07306112837817788
2024-06-11,5198.923,4,4,0.0273972602739726,0.5260273972602739,0.19539728204650822,0.10445987652013651,-0.18237446712706415,IM2406,0.0273972602739726,0.19539728204650822,IM2407,0.10410958904109589,0.1628058128571192,IM2409,0.27671232876712326,0.1266052390226278,IM2412,0.5260273972602739,0.10445987652013651,0.10445987652013651,0.09281014239380712,IM2406,0.0273972602739726,0.19497652879259644,0.19497652879259644,False,False,256.72304592474774,476.1423900359541,IM2406,0.0273972602739726,0.19497652879259644,0.19497652879259644,False,False,256.72304592474774,476.1423900359541,0.08031640050135366,14.107649735008739,0.7753424657534247,0.07338741539693792
2024-06-12,5216.462,4,4,0.024657534246575342,0.5232876712328767,0.29977309382014006,0.11179930922211895,-0.37698039218833906,IM2406,0.024657534246575342,0.29977309382014006,IM2407,0.10136986301369863,0.18372502063559,IM2409,0.273972602739726,0.13779552924802227,IM2412,0.5232876712328767,0.11179930922211895,0.11179930922211895,0.09818093714773334,IM2406,0.024657534246575342,0.29881029965009553,0.29881029965009553,False,False,539.8796058462053,978.6054567600962,IM2406,0.024657534246575342,0.29881029965009553,0.29881029965009553,False,False,539.8796058462053,978.6054567600962,0.08495670953705813,21.49326200173793,0.7726027397260274,0.07915118196178195
2024-06-13,5180.236,4,4,0.021917808219178082,0.5205479452054794,0.30126116555092936,0.11675173547820795,-0.3700326482227655,IM2406,0.021917808219178082,0.30126116555092936,IM2407,0.09863013698630137,0.19179635839239742,IM2409,0.27123287671232876,0.14378437960160023,IM2412,0.5205479452054794,0.11675173547820795,0.11675173547820795,0.10265146272680735,IM2406,0.021917808219178082,0.30039600898492097,0.30039600898492097,False,False,525.7769890970909,955.9564922267234,IM2406,0.021917808219178082,0.30039600898492097,0.30039600898492097,False,False,525.7769890970909,955.9564922267234,0.08734073336221511,20.70043557122254,0.7698630136986301,0.08034183729994034
2024-06-14,5180.651,4,4,0.019178082191780823,0.5178082191780822,0.038633502798269465,0.10218816882844081,0.12745853352204692,IM2406,0.019178082191780823,0.038633502798269465,IM2407,0.0958904109589041,0.12652790336408204,IM2409,0.2684931506849315,0.11852685961741265,IM2412,0.5178082191780822,0.10218816882844081,0.10218816882844081,0.09370375700462065,IM2406,0.019178082191780823,0.038630173808544666,0.038630173808544666,False,False,200.89428968706457,329.1085221578164,IM2406,0.019178082191780823,0.038630173808544666,0.038630173808544666,False,False,200.89428968706457,329.1085221578164,0.08191562568304078,15.384136047317353,0.7671232876712328,0.0767801860309158
2024-06-17,5183.968,4,3,0.08767123287671233,0.5095890410958904,0.14737505077943627,0.10777606536953832,-0.09385473814683605,IM2407,0.08767123287671233,0.14737505077943627,IM2409,0.2602739726027397,0.1251636773935884,IM2412,0.5095890410958904,0.10777606536953832,,,,0.10777606536953832,0.0988741733789024,IM2407,0.08767123287671233,0.14666648405237115,0.14666648405237115,False,True,103.00670360348083,198.18131164402487,IM2412,0.5095890410958904,0.10584191114414819,0.10584191114414819,False,True,31.845866358640524,50.2895285944341,0.0825921063838522,15.620806246807517,0.7589041095890411,0.07567880535909031
2024-06-18,5227.254,4,3,0.08493150684931507,0.5068493150684932,0.1255581496545796,0.10021196933358865,-0.06007373907247852,IM2407,0.08493150684931507,0.1255581496545796,IM2409,0.25753424657534246,0.113871302312768,IM2412,0.5068493150684932,0.10021196933358865,,,,0.10021196933358865,0.09325379037806512,IM2407,0.08493150684931507,0.12508638489854257,0.12508638489854257,False,False,65.04303416465275,126.07580491825972,IM2412,0.5068493150684932,0.09860331897273661,0.09860331897273661,False,False,23.84239810948423,39.32028586199813,0.07902768262983882,11.098828019263852,0.7561643835616438,0.0718208044979043
2024-06-19,5159.995,4,3,0.0821917808219178,0.5041095890410959,0.1479847154577839,0.10747449880302487,-0.09601447453887693,IM2407,0.0821917808219178,0.1479847154577839,IM2409,0.2547945205479452,0.12279577135389555,IM2412,0.5041095890410959,0.10747449880302487,,,,0.10747449880302487,0.09970984485604893,IM2407,0.0821917808219178,0.14731391535586086,0.14731391535586086,False,False,105.17209373901754,200.83431906087208,IM2412,0.5041095890410959,0.10557386852034792,0.10557386852034792,False,False,28.53660575985145,43.88046475397066,0.08222750096207042,17.443733607552055,0.7534246575342466,0.07621453794547617
2024-06-20,5056.138,4,3,0.07945205479452055,0.5013698630136987,0.1534791794961601,0.10853933894942713,-0.10651325843868528,IM2407,0.07945205479452055,0.1534791794961601,IM2409,0.25205479452054796,0.1242577912544986,IM2412,0.5013698630136987,0.10853933894942713,,,,0.10853933894942713,0.10061551641755549,IM2407,0.07945205479452055,0.1527738885782533,0.1527738885782533,False,False,116.96150312405595,221.77870087877272,IM2412,0.5013698630136987,0.10660292476151033,0.10660292476151033,False,False,30.75059660418309,44.49993746178001,0.08204096319589375,22.56905146169736,0.7506849315068493,0.07627833718480118
2024-06-21,5055.333,3,3,0.07671232876712329,0.4986301369863014,0.17755481620825814,0.11102987712643,-0.15767274522641084,IM2407,0.07671232876712329,0.17755481620825814,IM2409,0.2493150684931507,0.12949121600042673,IM2412,0.4986301369863014,0.11102987712643,,,,0.11102987712643,0.10177391818412479,IM2407,0.07671232876712329,0.1766065055881138,0.1766065055881138,False,False,200.59723939270702,326.98483232949286,IM2412,0.4986301369863014,0.10899484938007015,0.10899484938007015,False,False,42.740903169994866,52.59394715586822,0.08589695958792046,21.298055322200202,0.7479452054794521,0.07945994781177707
2024-06-24,4887.777,4,4,0.0684931506849315,0.4904109589041096,0.18152442259404877,0.11608568482866109,-0.15509830704134095,IM2407,0.0684931506849315,0.18152442259404877,IM2408,0.14520547945205478,0.14910584674998575,IM2409,0.2410958904109589,0.13615163074822131,IM2412,0.4904109589041096,0.11608568482866109,0.11608568482866109,0.10619739933080284,IM2407,0.0684931506849315,0.18063421060330712,0.18063421060330712,False,False,168.67404040545102,316.5530442099087,IM2412,0.4904109589041096,0.11385697899888296,0.11385697899888296,False,False,44.09225869932879,53.75148914909012,0.08334887716211961,28.55537959674266,0.989041095890411,0.08779655185864996
2024-06-25,4847.611,4,4,0.06575342465753424,0.4876712328767123,0.14351627110042162,0.11187882167353898,-0.07498486390137768,IM2407,0.06575342465753424,0.14351627110042162,IM2408,0.14246575342465753,0.13740980145068377,IM2409,0.23835616438356164,0.12570422849270116,IM2412,0.4876712328767123,0.11187882167353898,0.11187882167353898,0.10510701545523551,IM2407,0.06575342465753424,0.14301605024275607,0.14301605024275607,False,False,78.77849532390371,151.8473064471413,IM2412,0.4876712328767123,0.10985083209491686,0.10985083209491686,False,False,29.821266326556948,39.262093328762994,0.08043928147715339,11.536899309439008,0.9863013698630136,0.08238224668373412
2024-06-26,4986.384,4,4,0.06301369863013699,0.4849315068493151,0.12211949588410105,0.10544295544022203,-0.03952556663646651,IM2407,0.06301369863013699,0.12211949588410105,IM2408,0.13972602739726028,0.12319655148779517,IM2409,0.2356164383561644,0.11605407827358385,IM2412,0.4849315068493151,0.10544295544022203,0.10544295544022203,0.10027780011974048,IM2407,0.06301369863013699,0.12179163375966422,0.12179163375966422,False,False,40.22421745365185,79.27989212441862,IM2412,0.4849315068493151,0.10369703109972354,0.10369703109972354,False,False,21.192450587009798,29.115234437040804,0.08117495213463882,14.48788486801646,0.9835616438356164,0.08390410294659542
2024-06-27,4864.086,4,4,0.06027397260273973,0.4821917808219178,0.11950723777384882,0.10631320082492751,-0.03127158108023557,IM2407,0.06027397260273973,0.11950723777384882,IM2408,0.136986301369863,0.11347415804373776,IM2409,0.2328767123287671,0.11866422225151096,IM2412,0.4821917808219178,0.10631320082492751,0.10631320082492751,0.100339419123345,IM2407,0.06027397260273973,0.11920942635845373,0.11920942635845373,False,False,31.34599773195753,62.18453955892129,IM2412,0.4821917808219178,0.10454170526590198,0.10454170526590198,False,False,18.612372172101463,32.88805325415698,0.08363971210742034,18.430009490510535,0.9808219178082191,0.0865909378245989
2024-06-28,4895.987,4,4,0.057534246575342465,0.4794520547945205,0.1790108054474607,0.11214279165167004,-0.1584858768536597,IM2407,0.057534246575342465,0.1790108054474607,IM2408,0.13424657534246576,0.1519870232433928,IM2409,0.23013698630136986,0.12872618281479217,IM2412,0.4794520547945205,0.11214279165167004,0.11214279165167004,0.10417437608751441,IM2407,0.057534246575342465,0.17828565799082624,0.17828565799082624,False,False,169.42719411608934,317.1233317630776,IM2412,0.4794520547945205,0.11013709157549428,0.11013709157549428,False,False,40.771561958769276,56.18210004731557,0.08419766928261016,16.147929319274773,0.9780821917808219,0.08656057822038545
2024-07-01,4940.247,4,4,0.049315068493150684,0.4712328767123288,0.21403488734031872,0.11408543710803627,-0.23689317749859154,IM2407,0.049315068493150684,0.21403488734031872,IM2408,0.12602739726027398,0.15550010324961344,IM2409,0.2219178082191781,0.13421816567664635,IM2412,0.4712328767123288,0.11408543710803627,0.11408543710803627,0.1046097500475792,IM2407,0.049315068493150684,0.213109496571957,0.213109496571957,False,False,251.8281098422166,466.6339240491623,IM2412,0.4712328767123288,0.11203022924835317,0.11203022924835317,False,False,44.86093287024699,54.78395079610868,0.08434721882081186,14.89637019159297,0.9698630136986301,0.0865669775653766
2024-07-02,4905.65,4,4,0.04657534246575343,0.4684931506849315,0.2039509110518039,0.11559255755672473,-0.20942077289418112,IM2407,0.04657534246575343,0.2039509110518039,IM2408,0.1232876712328767,0.15950155879809821,IM2409,0.2191780821917808,0.1317068432269507,IM2412,0.4684931506849315,0.11559255755672473,0.11559255755672473,0.10806301627712495,IM2407,0.04657534246575343,0.20316514990817672,0.20316514990817672,False,False,221.21872852142,410.27159704378994,IM2412,0.4684931506849315,0.11348362667870172,0.11348362667870172,False,False,40.88739940353728,56.73443685953074,0.08443503490574815,14.312278964823303,0.9671232876712329,0.08681172686377059
2024-07-03,4867.133,4,4,0.043835616438356165,0.4657534246575342,0.18432315669779573,0.11411206340526557,-0.1664094094271007,IM2407,0.043835616438356165,0.18432315669779573,IM2408,0.12054794520547946,0.1542489578342029,IM2409,0.21643835616438356,0.13002310809976983,IM2412,0.4657534246575342,0.11411206340526557,0.11411206340526557,0.10673257692268727,IM2407,0.043835616438356165,0.1837327483140485,0.1837327483140485,False,False,173.14876832985186,324.26072423268755,IM2412,0.4657534246575342,0.11207926502352927,0.11207926502352927,False,False,36.00362534819952,50.83469818272871,0.08333497859695309,19.756344100310088,0.9643835616438357,0.08641303119696041
2024-07-04,4761.868,4,4,0.0410958904109589,0.46301369863013697,0.18853910461283993,0.11772733272134618,-0.16783309571685207,IM2407,0.0410958904109589,0.18853910461283993,IM2408,0.1178082191780822,0.14908645833694445,IM2409,0.2136986301369863,0.13325766884768622,IM2412,0.46301369863013697,0.11772733272134618,0.11772733272134618,0.1105791232166198,IM2407,0.0410958904109589,0.18795677662631755,0.18795677662631755,False,False,174.28235791887374,325.17194575178434,IM2412,0.46301369863013697,0.11554927136818588,0.11554927136818588,False,False,31.601103988359785,39.50956273031641,0.0821578692175428,26.681799225322884,0.9616438356164384,0.0861479527408435
2024-07-05,4810.794,4,4,0.038356164383561646,0.4602739726027397,0.19723974289941015,0.11602395947492103,-0.19249195422038007,IM2407,0.038356164383561646,0.19723974289941015,IM2408,0.11506849315068493,0.14956977962473808,IM2409,0.21095890410958903,0.13226208593642672,IM2412,0.4602739726027397,0.11602395947492103,0.11602395947492103,0.1086081491393925,IM2407,0.038356164383561646,0.19663864693793667,0.19663864693793667,False,False,199.40805169004818,371.04842448730466,IM2412,0.4602739726027397,0.11393287806347051,0.11393287806347051,False,False,32.75040135648342,41.00684563214256,0.0838230774985293,11.582960218405708,0.958904109589041,0.08509122804477538
2024-07-08,4693.965,4,4,0.030136986301369864,0.4520547945205479,0.2396179532165863,0.12350190453614827,-0.2752101153789603,IM2407,0.030136986301369864,0.2396179532165863,IM2408,0.10684931506849316,0.16621740379960023,IM2409,0.20273972602739726,0.14381785381670031,IM2412,0.4520547945205479,0.12350190453614827,0.12350190453614827,0.11444948697323483,IM2407,0.030136986301369864,0.2388927697586166,0.2388927697586166,False,False,280.74997529624494,521.629938676912,IM2412,0.4520547945205479,0.12111787963454969,0.12111787963454969,False,False,38.18266835763657,48.188532669507815,0.08251383457193646,24.8617556104056,0.9506849315068493,0.08528853952502904
2024-07-09,4797.063,4,4,0.0273972602739726,0.44931506849315067,0.2525266501933251,0.1190753893367888,-0.31629681956256983,IM2407,0.0273972602739726,0.2525266501933251,IM2408,0.10410958904109589,0.1617296427267065,IM2409,0.2,0.13968405324754785,IM2412,0.44931506849315067,0.1190753893367888,0.1190753893367888,0.10997134220258535,IM2407,0.0273972602739726,0.2517875541763763,0.2517875541763763,False,False,321.9581427378197,596.2957543477353,IM2412,0.44931506849315067,0.11690252775246136,0.11690252775246136,False,False,37.84837537485786,46.66932517866602,0.08549301148336887,14.499695000735214,0.947945205479452,0.0874711075848776
2024-07-10,4777.682,4,4,0.024657534246575342,0.4465753424657534,0.18741656820728225,0.11218015869183319,-0.17832006151388902,IM2407,0.024657534246575342,0.18741656820728225,IM2408,0.10136986301369863,0.14358821785616369,IM2409,0.19726027397260273,0.13014041736121867,IM2412,0.4465753424657534,0.11218015869183319,0.11218015869183319,0.1043158202276591,IM2407,0.024657534246575342,0.18707148873542356,0.18707148873542356,False,False,177.77025588530753,334.446213619322,IM2412,0.4465753424657534,0.1103086116281616,0.1103086116281616,False,False,27.838033078043814,39.12027432274316,0.08340691125297943,13.891245244458629,0.9452054794520548,0.08544537491860749
2024-07-11,4893.594,4,4,0.021917808219178082,0.4438356164383562,0.1338315867189753,0.10519946373031039,-0.06786184994066684,IM2407,0.021917808219178082,0.1338315867189753,IM2408,0.09863013698630137,0.127882344710802,IM2409,0.19452054794520549,0.11649142530410385,IM2412,0.4438356164383562,0.10519946373031039,0.10519946373031039,0.10029953772811002,IM2407,0.021917808219178082,0.13368970331417337,0.13368970331417337,False,False,65.4628727282733,126.449830481805,IM2412,0.4438356164383562,0.10360868827872563,0.10360868827872563,False,False,17.99228947944391,25.059570652103805,0.08666344245695257,9.832031942399624,0.9424657534246575,0.08843003684062657
2024-07-12,4878.02,4,4,0.019178082191780823,0.4410958904109589,0.16793645988025124,0.10476542293515843,-0.14972356159064204,IM2407,0.019178082191780823,0.16793645988025124,IM2408,0.0958904109589041,0.1296485356859522,IM2409,0.1917808219178082,0.11864934542857887,IM2412,0.4410958904109589,0.10476542293515843,0.10476542293515843,0.09879636036685964,IM2407,0.019178082191780823,0.1677268001595561,0.1677268001595561,False,False,147.75016515984177,277.7200474829603,IM2412,0.4410958904109589,0.10320031386321846,0.10320031386321846,False,False,20.753475890534954,29.6282797143917,0.08288820665643465,17.40725510518048,0.9397260273972603,0.08514623038294834
2024-07-15,4827.602,4,3,0.08767123287671233,0.4328767123287671,0.16696325964943262,0.11505075334311281,-0.1503814666810058,IM2408,0.08767123287671233,0.16696325964943262,IM2409,0.18356164383561643,0.13472501441428664,IM2412,0.4328767123287671,0.11505075334311281,,,,0.11505075334311281,0.10683572017147018,IM2408,0.08767123287671233,0.16602054239351055,0.16602054239351055,False,True,114.57654846018619,220.6363471222697,IM2412,0.4328767123287671,0.11312185494258986,0.11312185494258986,False,False,34.28145996882962,47.20342330462948,0.08660211275202856,19.237579494712783,0.9315068493150684,0.0887162254264989
2024-07-16,4836.718,4,3,0.08493150684931507,0.4301369863013699,0.18502569231035712,0.12154793666827056,-0.18388397467747297,IM2408,0.08493150684931507,0.18502569231035712,IM2409,0.18082191780821918,0.14900263271329414,IM2412,0.4301369863013699,0.12154793666827056,,,,0.12154793666827056,0.11020071200152108,IM2408,0.08493150684931507,0.1838745862980486,0.1838745862980486,False,False,138.42432753314066,268.089972380142,IM2412,0.4301369863013699,0.11936209494144973,0.11936209494144973,False,False,42.409887382273034,55.769082696880545,0.09067133647389754,20.689972581296676,0.9287671232876712,0.09230615830653473
2024-07-17,4795.624,4,3,0.0821917808219178,0.4273972602739726,0.18815449156092495,0.12661802409744724,-0.17826040177912192,IM2408,0.0821917808219178,0.18815449156092495,IM2409,0.1780821917808219,0.15560787783668634,IM2412,0.4273972602739726,0.12661802409744724,,,,0.12661802409744724,0.11476111718648642,IM2408,0.0821917808219178,0.1869978018849397,0.1869978018849397,False,False,132.03515900025036,258.0615160232543,IM2412,0.4273972602739726,0.12422530719993564,0.12422530719993564,False,False,38.84544968928654,55.886769627090764,0.09008786925903299,21.8380671366498,0.9260273972602739,0.09272050100200147
2024-07-18,4812.426,4,3,0.07945205479452055,0.4246575342465753,0.1663291244093818,0.12099126536886827,-0.1313358615062495,IM2408,0.07945205479452055,0.1663291244093818,IM2409,0.17534246575342466,0.14753917010943546,IM2412,0.4246575342465753,0.12099126536886827,,,,0.12099126536886827,0.11024901518933423,IM2408,0.07945205479452055,0.165481789190647,0.165481789190647,False,False,95.77719571478033,188.93236143495037,IM2412,0.4246575342465753,0.11885630348628573,0.11885630348628573,False,False,31.820763942930345,50.293245585797415,0.08934865173905247,10.571253376027258,0.9232876712328767,0.08975517792154865
2024-07-19,4821.423,3,3,0.07671232876712329,0.42191780821917807,0.19535506316975437,0.12371035282174131,-0.20754221648432358,IM2408,0.07671232876712329,0.19535506316975437,IM2409,0.1726027397260274,0.15497052614353155,IM2412,0.42191780821917807,0.12371035282174131,,,,0.12371035282174131,0.11119969546914285,IM2408,0.07671232876712329,0.19418090497941548,0.19418090497941548,False,False,176.0539448753219,297.32780910361083,IM2412,0.42191780821917807,0.12147404991883469,0.12147404991883469,False,False,47.05970807347237,57.81583567550446,0.08998981183879136,23.228070821909217,0.9205479452054794,0.09216390921026574
2024-07-22,4826.871,4,4,0.0684931506849315,0.663013698630137,0.20467671312996388,0.11188205145537923,-0.1560831866876654,IM2408,0.0684931506849315,0.20467671312996388,IM2409,0.1643835616438356,0.15826609145935033,IM2412,0.4136986301369863,0.12640644418979688,IM2503,0.663013698630137,0.11188205145537923,0.11188205145537923,0.1037603731095614,IM2408,0.0684931506849315,0.20351362611513837,0.20351362611513837,False,False,345.10179685885873,607.5298922647049,IM2412,0.4136986301369863,0.1240984181598368,0.1240984181598368,False,False,56.68372575205231,80.99618472544483,0.09472123830039231,30.783398715251273,0.9123287671232877,0.09812860378565838
2024-07-23,4694.953,4,4,0.06575342465753424,0.6602739726027397,0.24830340889907673,0.11971400523320071,-0.21629093243338593,IM2408,0.06575342465753424,0.24830340889907673,IM2409,0.16164383561643836,0.18038421716918893,IM2412,0.410958904109589,0.13621189134297917,IM2503,0.6602739726027397,0.11971400523320071,0.11971400523320071,0.1104753876916719,IM2408,0.06575342465753424,0.24659833690916036,0.24659833690916036,False,False,479.3566524968717,837.7842173672955,IM2412,0.410958904109589,0.13348050413568235,0.13348050413568235,False,False,70.42132459669558,90.89660919172853,0.09784760680464209,47.13106882320948,0.9095890410958904,0.10100034084997055
2024-07-24,4631.011,4,4,0.06301369863013699,0.6575342465753424,0.22976764505811723,0.12017586996190008,-0.1843363958991671,IM2408,0.06301369863013699,0.22976764505811723,IM2409,0.1589041095890411,0.17436184114750547,IM2412,0.40821917808219177,0.13568274498354568,IM2503,0.6575342465753424,0.12017586996190008,0.12017586996190008,0.11148053510481293,IM2408,0.06301369863013699,0.228387354388662,0.228387354388662,False,False,405.23374833667754,711.5275688335039,IM2412,0.40821917808219177,0.13299374336540717,0.13299374336540717,False,False,61.77330477018543,84.28190731073244,0.10332748576911266,23.573948876761115,0.9068493150684932,0.10488567789333998
2024-07-25,4632.567,4,4,0.06027397260273973,0.6547945205479452,0.21223607181298404,0.11787098299894978,-0.1587246885581682,IM2408,0.06027397260273973,0.21223607181298404,IM2409,0.15616438356164383,0.16789450365897562,IM2412,0.4054794520547945,0.13416840726435433,IM2503,0.6547945205479452,0.11787098299894978,0.11787098299894978,0.10872106977597028,IM2408,0.06027397260273973,0.21112665730566843,0.21112665730566843,False,False,344.53096133727036,610.6330454604321,IM2412,0.4054794520547945,0.1315661217169193,0.1315661217169193,False,False,58.59961936074489,89.67501790670549,0.10258183921301928,18.50407467495497,0.9041095890410958,0.1032682641151915
2024-07-26,4702.08,4,4,0.057534246575342465,0.6520547945205479,0.15909764656663414,0.11224268878294932,-0.0788113345209445,IM2408,0.057534246575342465,0.15909764656663414,IM2409,0.15342465753424658,0.14466418202542242,IM2412,0.40273972602739727,0.12433110333140318,IM2503,0.6520547945205479,0.11224268878294932,0.11224268878294932,0.10544821004728516,IM2408,0.057534246575342465,0.15854253760848128,0.15854253760848128,False,False,166.26897883771815,301.90038412264664,IM2412,0.40273972602739727,0.12216957682760028,0.12216957682760028,False,False,38.43206750537253,64.72874944183413,0.1000911495190714,11.502957556409301,0.9013698630136986,0.09997890394794022
2024-07-29,4685.646,4,4,0.049315068493150684,0.6438356164383562,0.22462703984519017,0.11981401689292487,-0.1762984026616444,IM2408,0.049315068493150684,0.22462703984519017,IM2409,0.14520547945205478,0.17134032612006048,IM2412,0.39452054794520547,0.13364707111913612,IM2503,0.6438356164383562,0.11981401689292487,0.11981401689292487,0.11201769670280971,IM2408,0.049315068493150684,0.22359803820718008,0.22359803820718008,False,False,380.1919644798602,668.1984933931508,IM2412,0.39452054794520547,0.1311369791202038,0.1311369791202038,False,False,52.31211768256154,72.90126365508392,0.10233894962972519,19.485883656012977,0.8931506849315068,0.10221042880171968
2024-07-30,4702.491,4,4,0.04657534246575343,0.6410958904109589,0.2333244193274097,0.11804782760427775,-0.19389841464950763,IM2408,0.04657534246575343,0.2333244193274097,IM2409,0.14246575342465753,0.16949001353806242,IM2412,0.3917808219178082,0.13506997019171432,IM2503,0.6410958904109589,0.11804782760427775,0.11804782760427775,0.10844747243069806,IM2408,0.04657534246575343,0.2322681612037234,0.2322681612037234,False,False,415.0958656591896,732.2618647197321,IM2412,0.3917808219178082,0.1325147088201564,0.1325147088201564,False,False,58.48411083181841,92.74658094563247,0.10179094644803635,14.445996759550255,0.8904109589041096,0.09994699872802673
2024-07-31,4889.081,4,4,0.043835616438356165,0.6383561643835617,-0.0076014076278350315,0.08719541124875069,0.15945087046061654,IM2408,0.043835616438356165,-0.0076014076278350315,IM2409,0.13972602739726028,0.06976922234582317,IM2412,0.38904109589041097,0.08769619836586334,IM2503,0.6383561643835617,0.08719541124875069,0.08719541124875069,0.08691280538624399,IM2408,0.043835616438356165,0.0,-0.007618112176909525,True,False,330.0519830740593,556.6172827659971,IM2412,0.38904109589041097,0.08681252902072668,0.08681252902072668,False,False,23.967551964962443,41.38693113361726,0.08257096449548086,24.13488414235464,0.8876712328767123,0.0796468915336418
2024-08-01,4878.289,4,4,0.0410958904109589,0.6356164383561644,0.11440287317237544,0.09845090271918587,-0.026831655370572305,IM2408,0.0410958904109589,0.11440287317237544,IM2409,0.136986301369863,0.10805340450050632,IM2412,0.3863013698630137,0.10451126755329013,IM2503,0.6356164383561644,0.09845090271918587,0.09845090271918587,0.09502925521853987,IM2408,0.0410958904109589,0.11421998847000175,0.11421998847000175,False,False,53.675451843102906,100.23090121066662,IM2412,0.3863013698630137,0.10314664604625201,0.10314664604625201,False,False,15.693994623888555,29.84691648984521,0.08907096815144344,17.900110365848114,0.8849315068493151,0.08991164319191158
2024-08-02,4809.889,4,4,0.038356164383561646,0.6328767123287671,0.11279382331211078,0.10201449097101405,-0.018131135043780226,IM2408,0.038356164383561646,0.11279382331211078,IM2409,0.13424657534246576,0.11489953340583944,IM2412,0.3835616438356164,0.10926071709448495,IM2503,0.6328767123287671,0.10201449097101405,0.10201449097101405,0.09792178580538663,IM2408,0.038356164383561646,0.11262888246633994,0.11262888246633994,False,False,34.237453368825406,67.17601192932301,IM2412,0.3835616438356164,0.10774999797292627,0.10774999797292627,False,False,19.019962667419534,36.29868814908859,0.09052350251549922,19.697905548692365,0.8821917808219178,0.09143765943780094
2024-08-05,4678.775,4,4,0.030136986301369864,0.6246575342465753,0.07802771474415039,0.10284782041623039,0.04174810401064147,IM2408,0.030136986301369864,0.07802771474415039,IM2409,0.12602739726027398,0.11172571057284661,IM2412,0.37534246575342467,0.10974197697128624,IM2503,0.6246575342465753,0.10284782041623039,0.10284782041623039,0.09895209786973505,IM2408,0.030136986301369864,0.07797700544188159,0.07797700544188159,False,False,100.19996357331135,155.3574195657961,IM2412,0.37534246575342467,0.10824737213055652,0.10824737213055652,False,False,17.827336811299187,33.7287065990788,0.09207451188321894,16.589900435266873,0.873972602739726,0.09249518936441613
2024-08-06,4749.947,4,4,0.0273972602739726,0.6219178082191781,0.17514477488906816,0.10520412895560094,-0.11764210030283656,IM2408,0.0273972602739726,0.17514477488906816,IM2409,0.1232876712328767,0.1347870098653071,IM2412,0.3726027397260274,0.11544073858198943,IM2503,0.6219178082191781,0.10520412895560094,0.10520412895560094,0.09941997452332459,IM2408,0.0273972602739726,0.1748155168889248,0.1748155168889248,False,False,244.33770832214165,432.9256181058784,IM2412,0.3726027397260274,0.11376367004416985,0.11376367004416985,False,False,30.933153163459426,53.23331033164865,0.09294351648072978,24.244902527821527,0.8712328767123287,0.09541215520545117
2024-08-07,4743.41,4,4,0.024657534246575342,0.6191780821917808,0.2292412624484815,0.11169601193599407,-0.19771436146109636,IM2408,0.024657534246575342,0.2292412624484815,IM2409,0.12054794520547946,0.15116250404035902,IM2412,0.3698630136986301,0.12365397693746424,IM2503,0.6191780821917808,0.11169601193599407,0.11169601193599407,0.1049402927352538,IM2408,0.024657534246575342,0.22870241263376034,0.22870241263376034,False,False,413.6922823376146,724.4779878820601,IM2412,0.3698630136986301,0.12169219565202617,0.12169219565202617,False,False,38.23897941723048,61.89417862529439,0.09664197193140858,21.511366893736167,0.8684931506849315,0.09721545143998697
2024-08-08,4739.493,4,4,0.021917808219178082,0.6164383561643836,0.06327263535191995,0.10231524919418032,0.0656707560019587,IM2408,0.021917808219178082,0.06327263535191995,IM2409,0.1178082191780822,0.11417661000044839,IM2412,0.36712328767123287,0.1102695725531662,IM2503,0.6164383561643836,0.10231524919418032,0.10231524919418032,0.09782260712840958,IM2408,0.021917808219178082,0.06325212106021001,0.06325212106021001,False,False,151.144621060484,240.8001049354341,IM2412,0.36712328767123287,0.10879019023229444,0.10879019023229444,False,False,20.990612438961584,39.91402009796278,0.09136938354466585,16.07061186987511,0.8657534246575342,0.09189361573692052
2024-08-09,4702.745,4,4,0.019178082191780823,0.6136986301369863,0.19486951034125255,0.11162728257451694,-0.1400157287320668,IM2408,0.019178082191780823,0.19486951034125255,IM2409,0.11506849315068493,0.1524776192800813,IM2412,0.3643835616438356,0.12488798958203778,IM2503,0.6136986301369863,0.11162728257451694,0.11162728257451694,0.10414036285414847,IM2408,0.019178082191780823,0.1945766112588031,0.1945766112588031,False,False,285.46894300168896,509.05889384329197,IM2412,0.3643835616438356,0.1229089017814641,0.1229089017814641,False,False,39.349777907579295,69.23514253030699,0.09614635080368157,29.861492361286533,0.863013698630137,0.09751107499028441
2024-08-12,4674.102,4,3,0.10684931506849316,0.6054794520547945,0.12045619563974443,0.10449086462766354,-0.03201838362312926,IM2409,0.10684931506849316,0.12045619563974443,IM2412,0.3561643835616438,0.11226517234552463,IM2503,0.6054794520547945,0.10449086462766354,,,,0.10449086462766354,0.10010925871231326,IM2409,0.10684931506849316,0.11991898731810706,0.11991898731810706,False,True,49.68729300477352,93.41411272843969,IM2412,0.3561643835616438,0.11076565361152212,0.11076565361152212,False,False,22.053536694437224,37.992557957062616,0.09489854631093067,17.099797176164014,0.8547945205479452,0.0954708863578081
2024-08-13,4697.586,4,3,0.10410958904109589,0.6027397260273972,0.14054541847986446,0.10692539531730684,-0.06742477172710731,IM2409,0.10410958904109589,0.14054541847986446,IM2412,0.35342465753424657,0.11691999210830627,IM2503,0.6027397260273972,0.10692539531730684,,,,0.10692539531730684,0.10129694633414728,IM2409,0.10410958904109589,0.1397921543891742,0.1397921543891742,False,False,107.03331435390365,198.10101358385813,IM2412,0.35342465753424657,0.1152788395221845,0.1152788395221845,False,False,28.884916209694733,50.34952671433184,0.09618170787426919,20.15161571427602,0.852054794520548,0.09822265611132862
2024-08-14,4649.278,4,3,0.10136986301369863,0.6,0.1452956634771161,0.11176990714994434,-0.06723572010669061,IM2409,0.10136986301369863,0.1452956634771161,IM2412,0.3506849315068493,0.12219906725186516,IM2503,0.6,0.11176990714994434,,,,0.11176990714994434,0.10590207201567681,IM2409,0.10136986301369863,0.14450331869605118,0.14450331869605118,False,False,105.81350977568728,196.40046927664102,IM2412,0.3506849315068493,0.12038936085882573,0.12038936085882573,False,False,29.470034017843535,51.71672225328833,0.09755270207122871,30.895030026946323,0.8493150684931506,0.10015204789169468
2024-08-15,4691.85,4,3,0.09863013698630137,0.5972602739726027,0.13835222953826984,0.11124520647335966,-0.0543629858169902,IM2409,0.09863013698630137,0.13835222953826984,IM2412,0.34794520547945207,0.12114617198631604,IM2503,0.5972602739726027,0.11124520647335966,,,,0.11124520647335966,0.10568021700590872,IM2409,0.09863013698630137,0.13766414101047716,0.13766414101047716,False,False,84.74460112541566,157.78980079703004,IM2412,0.34794520547945207,0.11938703392438169,0.11938703392438169,False,False,28.72516532219161,48.627900940350266,0.09718544186573148,29.07046439727429,0.8465753424657534,0.09955568946256196
2024-08-16,4655.651,3,3,0.0958904109589041,0.5945205479452055,0.1313617971649871,0.11011016043660009,-0.0426200406915454,IM2409,0.0958904109589041,0.1313617971649871,IM2412,0.3452054794520548,0.11760358128198413,IM2503,0.5945205479452055,0.11011016043660009,,,,0.11011016043660009,0.10590310603573537,IM2409,0.0958904109589041,0.13076931791371088,0.13076931791371088,False,False,75.61171400102579,122.82293623378249,IM2412,0.3452054794520548,0.1159776010456357,0.1159776010456357,False,False,22.105500904522973,34.883140059199796,0.09767072067850455,21.912445986436122,0.8438356164383561,0.09819722237155584
2024-08-19,4663.612,4,4,0.08767123287671233,0.5863013698630137,0.1202572085005193,0.10742132077689796,-0.02574230230286696,IM2409,0.08767123287671233,0.1202572085005193,IM2410,0.1643835616438356,0.12235623641533355,IM2412,0.336986301369863,0.11426230494534383,IM2503,0.5863013698630137,0.10742132077689796,0.10742132077689796,0.10359601296535062,IM2409,0.08767123287671233,0.11981788257685219,0.11981788257685219,False,False,37.5852819142197,72.68121164904747,IM2412,0.336986301369863,0.11278090594617715,0.11278090594617715,False,False,18.048993868970694,31.42332126645889,0.09687703402145324,14.943476714146586,0.8356164383561644,0.09735907868884733
2024-08-20,4579.304,4,4,0.08493150684931507,0.5835616438356165,0.12927653558967725,0.1103956581765271,-0.03786549591098792,IM2409,0.08493150684931507,0.12927653558967725,IM2410,0.16164383561643836,0.12670018523231186,IM2412,0.33424657534246577,0.11849533764600959,IM2503,0.5835616438356165,0.1103956581765271,0.1103956581765271,0.10587359115614225,IM2409,0.08493150684931507,0.1287710018533316,0.1287710018533316,False,False,56.32412034066185,107.23145762080539,IM2412,0.33424657534246577,0.11689166594806182,0.11689166594806182,False,False,21.376290796978115,37.90820973525707,0.09587954234316777,30.374372221232104,0.8328767123287671,0.09946553567506573
2024-08-21,4548.264,4,4,0.0821917808219178,0.5808219178082191,0.09046018206823289,0.10355682854458534,0.026265252548728812,IM2409,0.0821917808219178,0.09046018206823289,IM2410,0.1589041095890411,0.1061841982208129,IM2412,0.3315068493150685,0.10697315186087575,IM2503,0.5808219178082191,0.10355682854458534,0.10355682854458534,0.10165267699996741,IM2409,0.0821917808219178,0.0902565491654255,0.0902565491654255,False,False,49.19177902662817,77.250937763888,IM2412,0.3315068493150685,0.10573130210588538,0.10573130210588538,False,False,9.14496087688921,12.62981904097507,0.0909272908022158,19.339669201509256,0.8301369863013699,0.09204166334589824
2024-08-22,4491.839,4,4,0.07945205479452055,0.5780821917808219,0.07233544402016716,0.10316389651612164,0.06182629209353509,IM2409,0.07945205479452055,0.07233544402016716,IM2410,0.15616438356164383,0.09981359333711454,IM2412,0.3287671232876712,0.10433946950444095,IM2503,0.5780821917808219,0.10316389651612164,0.10316389651612164,0.10250983693990183,IM2409,0.07945205479452055,0.07222678514186041,0.07222678514186041,False,False,106.05031529053906,178.8419315060055,IM2412,0.3287671232876712,0.10318091803082581,0.10318091803082581,False,False,12.67656290195409,24.50736291257749,0.08979652927992578,26.032713362567765,0.8273972602739726,0.09276859427915159
2024-08-23,4495.344,4,4,0.07671232876712329,0.5753424657534246,0.07912795007827571,0.10086034185263844,0.04358419229473845,IM2409,0.07671232876712329,0.07912795007827571,IM2410,0.15342465753424658,0.10279753248412625,IM2412,0.32602739726027397,0.10210974739971261,IM2503,0.5753424657534246,0.10086034185263844,0.10086034185263844,0.10016652022639176,IM2409,0.07671232876712329,0.07899405505531325,0.07899405505531325,False,False,75.5654752139735,125.80603362844653,IM2412,0.32602739726027397,0.10102044913936853,0.10102044913936853,False,False,8.702606977483082,16.794245855084657,0.08902176098633417,23.822113492176484,0.8246575342465754,0.09196976710923431
2024-08-26,4512.893,4,4,0.0684931506849315,0.5671232876712329,0.09685292714530037,0.10201228785609319,0.010347069557359216,IM2409,0.0684931506849315,0.09685292714530037,IM2410,0.14520547945205478,0.10891779019258944,IM2412,0.3178082191780822,0.10644370288115579,IM2503,0.5671232876712329,0.10201228785609319,0.10201228785609319,0.09956703798165852,IM2409,0.0684931506849315,0.09665100856590288,0.09665100856590288,False,False,23.50709383438166,31.121987412860022,IM2412,0.3178082191780822,0.10526708920419761,0.10526708920419761,False,False,10.198312016184424,18.458736412536673,0.09195992236584592,20.992913667856033,0.8164383561643835,0.09450253542717783
2024-08-27,4459.68,4,4,0.06575342465753424,0.5643835616438356,0.07972716063320079,0.10199644931701883,0.044660936096668054,IM2409,0.06575342465753424,0.07972716063320079,IM2410,0.14246575342465753,0.10595717298144408,IM2412,0.3150684931506849,0.10326885442960398,IM2503,0.5643835616438356,0.10199644931701883,0.10199644931701883,0.10129598484362971,IM2409,0.06575342465753424,0.07961003181095368,0.07961003181095368,False,False,75.71078298687792,126.34526044518987,IM2412,0.3150684931506849,0.10218604883329545,0.10218604883329545,False,False,8.058024432980165,14.767488131568609,0.08707143301841086,26.20887880107301,0.8136986301369863,0.08893477731652348
2024-08-28,4470.55,4,4,0.06301369863013699,0.5616438356164384,0.09240337692778756,0.10347230747351056,0.022198679391147773,IM2409,0.06301369863013699,0.09240337692778756,IM2410,0.13972602739726028,0.10689343336774756,IM2412,0.31232876712328766,0.10619728241699361,IM2503,0.5616438356164384,0.10347230747351056,0.10347230747351056,0.10197588889849533,IM2409,0.06301369863013699,0.09223846107837264,0.09223846107837264,False,False,39.689179676852135,63.09420578091312,IM2412,0.31232876712328766,0.10504732825565832,0.10504732825565832,False,False,6.3499069280782185,8.846007132612359,0.08971867509857391,24.5991314190514,0.810958904109589,0.09163772273367858
2024-08-29,4542.464,4,4,0.06027397260273973,0.5589041095890411,0.0751112308531886,0.09894320169286802,0.04779488657408234,IM2409,0.06027397260273973,0.0751112308531886,IM2410,0.136986301369863,0.09862776794273727,IM2412,0.3095890410958904,0.09893741150502948,IM2503,0.5589041095890411,0.09894320169286802,0.09894320169286802,0.09894637317826156,IM2409,0.06027397260273973,0.07501979862591308,0.07501979862591308,False,False,78.11334608367751,133.70888289476096,IM2412,0.3095890410958904,0.09798067849932554,0.09798067849932554,False,False,7.55821313356373,13.784324608631284,0.08428618520102571,26.501836887514333,0.8082191780821918,0.08708038971512959
2024-08-30,4629.32,4,4,0.057534246575342465,0.5561643835616439,0.05126585086884078,0.09434904245688935,0.0864031040089985,IM2409,0.057534246575342465,0.05126585086884078,IM2410,0.13424657534246576,0.0828904148571691,IM2412,0.30684931506849317,0.09427884238368917,IM2503,0.5561643835616439,0.09434904245688935,0.09434904245688935,0.0943873898941359,IM2409,0.057534246575342465,0.051237746323330155,0.051237746323330155,False,False,138.50807791237435,239.76967438664408,IM2412,0.30684931506849317,0.0934387401543699,0.0934387401543699,False,False,14.331250012857533,24.26385410948298,0.0800443234041909,22.523018037245468,0.8054794520547945,0.0801485915394346
2024-09-02,4532.515,4,4,0.049315068493150684,0.547945205479452,0.09581667799038478,0.10207148002079737,0.012543971104948332,IM2409,0.049315068493150684,0.09581667799038478,IM2410,0.12602739726027398,0.1036205284851687,IM2412,0.29863013698630136,0.10508453739368025,IM2503,0.547945205479452,0.10207148002079737,0.10207148002079737,0.1004399931368203,IM2409,0.049315068493150684,0.0956751188051469,0.0956751188051469,False,False,23.012214714769485,35.048554606305224,IM2412,0.29863013698630136,0.10401268643741728,0.10401268643741728,False,False,5.9153807113842705,10.636747488327485,0.0837809988729993,26.688939218668448,0.7972602739726027,0.08471855673261333
2024-09-03,4572.397,4,4,0.04657534246575343,0.5452054794520548,0.13770034753526592,0.10800066908027055,-0.05956254195644676,IM2409,0.04657534246575343,0.13770034753526592,IM2410,0.1232876712328767,0.12461876777798288,IM2412,0.2958904109589041,0.11580472311216736,IM2503,0.5452054794520548,0.10800066908027055,0.10800066908027055,0.10378838304432757,IM2409,0.04657534246575343,0.13737832347402323,0.13737832347402323,False,False,86.56827802394265,160.16858148922674,IM2412,0.2958904109589041,0.11445954228772706,0.11445954228772706,False,False,19.55712391997326,35.21413063791385,0.08816960427226936,27.373580838094853,0.7945205479452054,0.08853935301298217
2024-09-04,4550.77,4,4,0.043835616438356165,0.5424657534246575,0.09315494820267539,0.10461828020464903,0.022989649344617457,IM2409,0.043835616438356165,0.09315494820267539,IM2410,0.12054794520547946,0.11011817048170289,IM2412,0.29315068493150687,0.1094416932963614,IM2503,0.5424657534246575,0.10461828020464903,0.10461828020464903,0.10202338125731174,IM2409,0.043835616438356165,0.09303777712343496,0.09303777712343496,False,False,40.87423727338466,62.8202632898732,IM2412,0.29315068493150687,0.10827929889814919,0.10827929889814919,False,False,10.66408553753212,19.859772638712347,0.08783979331176375,22.738279254143283,0.7917808219178082,0.08801036745932696
2024-09-05,4586.781,4,4,0.0410958904109589,0.5397260273972603,0.07088132583710927,0.1005683685169803,0.05953720097886223,IM2409,0.0410958904109589,0.07088132583710927,IM2410,0.1178082191780822,0.10141099272729483,IM2412,0.29041095890410956,0.10372494350886523,IM2503,0.5397260273972603,0.1005683685169803,0.1005683685169803,0.09887599195652609,IM2409,0.0410958904109589,0.07082816612928977,0.07082816612928977,False,False,95.1189456683089,160.51561288698758,IM2412,0.29041095890410956,0.10271527234952794,0.10271527234952794,False,False,8.893493386104725,13.082443772227913,0.08532771157256062,16.421441178412973,0.7890410958904109,0.08379651909432025
2024-09-06,4508.228,4,4,0.038356164383561646,0.536986301369863,0.08385390189305195,0.10633246075972932,0.04508062629855628,IM2409,0.038356164383561646,0.08385390189305195,IM2410,0.11506849315068493,0.11035249591899515,IM2412,0.2876712328767123,0.10984659488017828,IM2503,0.536986301369863,0.10633246075972932,0.10633246075972932,0.10445504664058534,IM2409,0.038356164383561646,0.08377577049912309,0.08377577049912309,False,False,72.85525711819922,121.12633674188427,IM2412,0.2876712328767123,0.10869543379244329,0.10869543379244329,False,False,8.160829604567411,12.688841490737518,0.09172907072560099,17.469452063255776,0.7863013698630137,0.09135508889128054
2024-09-09,4475.532,4,4,0.030136986301369864,0.5287671232876713,0.15470460842111658,0.11023674323748668,-0.08918005929684017,IM2409,0.030136986301369864,0.15470460842111658,IM2410,0.10684931506849316,0.13515798812088192,IM2412,0.27945205479452057,0.11769338449847816,IM2503,0.5287671232876713,0.11023674323748668,0.11023674323748668,0.10629818191631148,IM2409,0.030136986301369864,0.1544315552369516,0.1544315552369516,False,False,128.0373356942442,233.68763605196412,IM2412,0.27945205479452057,0.1163718928154416,0.1163718928154416,False,False,20.015043645194346,32.440653932747544,0.09295053103680036,25.440234140039028,0.7780821917808219,0.09391240506991079
2024-09-10,4487.576,4,4,0.0273972602739726,0.5260273972602739,0.13385211351944665,0.1093221880402699,-0.049194630768678645,IM2409,0.0273972602739726,0.13385211351944665,IM2410,0.10410958904109589,0.13103319321959883,IM2412,0.27671232876712326,0.11677393036351183,IM2503,0.5260273972602739,0.1093221880402699,0.1093221880402699,0.10540214307221311,IM2409,0.0273972602739726,0.13367473219394782,0.13367473219394782,False,False,68.19926788630096,128.10105417825133,IM2412,0.27671232876712326,0.11548968702096019,0.11548968702096019,False,False,18.38705166920443,32.442734364177404,0.0921312071634012,20.648561926655596,0.7753424657534247,0.09134506951590353
2024-09-11,4486.007,4,4,0.024657534246575342,0.5232876712328767,0.12144317316209462,0.11072903578043868,-0.02148714365002428,IM2409,0.024657534246575342,0.12144317316209462,IM2410,0.10136986301369863,0.13058441518588754,IM2412,0.273972602739726,0.11847087624930958,IM2503,0.5232876712328767,0.11072903578043868,0.11072903578043868,0.10667339753993428,IM2409,0.024657534246575342,0.1213164070210073,0.1213164070210073,False,False,28.36578248841694,55.402408409550056,IM2412,0.273972602739726,0.11715445160919216,0.11715445160919216,False,False,18.234575892778455,33.6234088573125,0.09333517571203946,27.272609621880513,0.7726027397260274,0.09516246813510867
2024-09-12,4468.744,4,4,0.021917808219178082,0.5205479452054794,0.023512307736732067,0.1071256002986575,0.16768599881924606,IM2409,0.021917808219178082,0.023512307736732067,IM2410,0.09863013698630137,0.10966073016361262,IM2412,0.27123287671232876,0.11116547768338118,IM2503,0.5205479452054794,0.1071256002986575,0.1071256002986575,0.10501839344361195,IM2409,0.021917808219178082,0.023512172547812613,0.023512172547812613,False,False,251.586429403211,435.24798007289206,IM2412,0.27123287671232876,0.11004758293596445,0.11004758293596445,False,False,12.2517990733227,18.96663566010531,0.09026713416054317,25.38121107948343,0.7698630136986301,0.09133872826397194
2024-09-13,4413.187,4,4,0.019178082191780823,0.5178082191780822,-0.02267099223835332,0.10617052511467526,0.2583909551310738,IM2409,0.019178082191780823,-0.02267099223835332,IM2410,0.0958904109589041,0.09871881794547824,IM2412,0.2684931506849315,0.1063905486060932,IM2503,0.5178082191780822,0.10617052511467526,0.10617052511467526,0.1060562705555912,IM2409,0.019178082191780823,0.0,-0.022688456858310706,True,False,313.3736567122183,549.7597053883196,IM2412,0.2684931506849315,0.10539632446565067,0.10539632446565067,False,False,12.917353164857353,24.560855258304436,0.08911892658551243,34.848011948155246,0.7671232876712328,0.093226103328999
2024-09-18,4399.133,4,3,0.0821917808219178,0.5041095890410959,0.11309737649263914,0.11444274285749617,0.0031886930076156974,IM2410,0.0821917808219178,0.11309737649263914,IM2412,0.2547945205479452,0.11804328876332636,IM2503,0.5041095890410959,0.11444274285749617,,,,0.11444274285749617,0.11261802543365636,IM2410,0.0821917808219178,0.11274210016685712,0.11274210016685712,False,True,12.195688044298546,18.409592258043308,IM2412,0.2547945205479452,0.11682881819266738,0.11682881819266738,False,False,11.30124805917202,18.633522012880288,0.09403497397185835,33.0601044273881,0.7534246575342466,0.09590150173134104
2024-09-19,4482.275,4,3,0.07945205479452055,0.5013698630136987,0.09964754612011076,0.11126445659942827,0.027533586525655136,IM2410,0.07945205479452055,0.09964754612011076,IM2412,0.25205479452054796,0.11248124900317417,IM2503,0.5013698630136987,0.11126445659942827,,,,0.11126445659942827,0.1106510598808276,IM2410,0.07945205479452055,0.0993960656140008,0.0993960656140008,False,False,34.690281207737115,59.504535625567016,IM2412,0.25205479452054796,0.11141169092849508,0.11141169092849508,False,False,8.504000003332717,13.931823986249261,0.09964915419477284,21.42528613429162,0.7506849315068493,0.101622733121306
2024-09-20,4463.356,3,3,0.07671232876712329,0.4986301369863014,0.13957909693357431,0.11823306468903896,-0.05059286863152859,IM2410,0.07671232876712329,0.13957909693357431,IM2412,0.2493150684931507,0.12576572811355524,IM2503,0.4986301369863014,0.11823306468903896,,,,0.11823306468903896,0.11445641425976093,IM2410,0.07671232876712329,0.13903230919258147,0.13903230919258147,False,False,62.84956733024361,103.71130136012992,IM2412,0.2493150684931507,0.1243834369385815,0.1243834369385815,False,False,19.04611373202543,30.667609573060393,0.09974440576020337,31.339132760361526,0.7479452054794521,0.10025574249496065
2024-09-23,4469.133,4,4,0.0684931506849315,0.4904109589041096,0.12535298219428412,0.11514156658371152,-0.02420238115492855,IM2410,0.0684931506849315,0.12535298219428412,IM2411,0.14520547945205478,0.12454758291604473,IM2412,0.2410958904109589,0.11968870020501751,IM2503,0.4904109589041096,0.11514156658371152,0.11514156658371152,0.11290078732393322,IM2410,0.0684931506849315,0.12497378350565923,0.12497378350565923,False,False,24.938993231987393,48.21826928845645,IM2412,0.2410958904109589,0.11850025466603094,0.11850025466603094,False,False,9.729507906125058,16.47137443110042,0.0927738913166993,20.04147196218912,0.989041095890411,0.09641330332484578
2024-09-24,4642.558,4,4,0.06575342465753424,0.4876712328767123,-0.014821722777222383,0.08668905500210444,0.240593726554898,IM2410,0.06575342465753424,-0.014821722777222383,IM2411,0.14246575342465753,0.04932916377110352,IM2412,0.23835616438356164,0.07142440109062749,IM2503,0.4876712328767123,0.08668905500210444,0.08668905500210444,0.09416581714227662,IM2410,0.06575342465753424,0.0,-0.01486161795573274,True,False,230.61928133817372,422.75758329793405,IM2412,0.23835616438356164,0.07111052209113829,0.07111052209113829,False,False,49.819331317132296,75.9720235110134,0.08041480214914655,15.897488994048883,0.9863013698630136,0.08164694062907292
2024-09-25,4686.258,4,4,0.06301369863013699,0.4849315068493151,0.04120628193426238,0.09148079653588978,0.11915712876359741,IM2410,0.06301369863013699,0.04120628193426238,IM2411,0.13972602739726028,0.07251105802319945,IM2412,0.2356164383561644,0.08319275839773072,IM2503,0.4849315068493151,0.09148079653588978,0.09148079653588978,0.09551514850390892,IM2410,0.06301369863013699,0.04119211941178479,0.04119211941178479,False,False,133.39660100856295,243.86563975250905,IM2412,0.2356164383561644,0.08272463812476853,0.08272463812476853,False,False,25.943738508482927,42.46137092516456,0.07720440188845969,21.27359768849447,0.9835616438356164,0.08065747191896629
2024-09-26,4874.132,4,4,0.06027397260273973,0.4821917808219178,-0.19397029241525401,0.05014312253980292,0.5785804964843881,IM2410,0.06027397260273973,-0.19397029241525401,IM2411,0.136986301369863,-0.021321265182260244,IM2412,0.2328767123287671,0.012722050580104522,IM2503,0.4821917808219178,0.05014312253980292,0.05014312253980292,0.06824246082168023,IM2410,0.06027397260273973,0.0,-0.19535601341195458,True,False,135.88604563912727,241.7860155343911,IM2412,0.2328767123287671,0.01271587952359877,0.01271587952359877,False,False,112.09760153829932,180.4710896123812,0.06092848715673761,81.82026281963293,0.9808219178082191,0.05727230284098099
2024-09-27,5136.441,4,4,0.057534246575342465,0.4794520547945205,-0.7276227465573752,-0.008296102271295541,1.7048975660027215,IM2410,0.057534246575342465,-0.7276227465573752,IM2411,0.13424657534246576,-0.2421151505708147,IM2412,0.23013698630136986,-0.11391133853998607,IM2503,0.4794520547945205,-0.008296102271295541,-0.008296102271295541,0.042452630856758086,IM2410,0.057534246575342465,0.0,-0.7439348779770719,True,False,296.31240685939184,418.6322651425997,IM2412,0.23013698630136986,0.0,-0.11599613642060348,True,False,296.31240685939184,418.6322651425997,0.013246709672667147,164.32451886778517,0.9780821917808219,0.016399953056553732
2024-09-30,5708.826,4,4,0.049315068493150684,0.4712328767123288,-0.3480862638175768,0.029547177567604187,0.8950402993869548,IM2410,0.049315068493150684,-0.3480862638175768,IM2411,0.12602739726027398,-0.09970104094072922,IM2412,0.2219178082191781,-0.027717467050133362,IM2503,0.4712328767123288,0.029547177567604187,0.029547177567604187,0.056499403649467525,IM2410,0.049315068493150684,0.0,-0.3514473577112571,True,False,130.7908947743451,171.6589794168849,IM2412,0.2219178082191781,0.0,-0.02797100982726566,True,False,130.7908947743451,171.6589794168849,0.013246709672667147,249.7812033701596,0.9780821917808219,0.034996864828060914
2024-10-08,6201.985,4,4,0.0273972602739726,0.44931506849315067,-0.08469476743031043,0.04961686911830601,0.3183360216899026,IM2410,0.0273972602739726,-0.08469476743031043,IM2411,0.10410958904109589,0.011307758267141484,IM2412,0.2,0.03387366538275541,IM2503,0.44931506849315067,0.04961686911830601,0.04961686911830601,0.056571559120164636,IM2410,0.0273972602739726,0.0,-0.08484506170202259,True,False,117.22543502619801,222.93606946307452,IM2412,0.2,0.03385443531385475,0.03385443531385475,False,False,40.68719590124956,70.82299024465806,0.013246709672667147,349.08913224280747,0.9780821917808219,0.045222142308688
2024-10-09,5727.38,4,4,0.024657534246575342,0.4465753424657534,-0.13844601410995216,0.054744354700116946,0.45788626373815083,IM2410,0.024657534246575342,-0.13844601410995216,IM2411,0.10136986301369863,-0.010645597287880938,IM2412,0.19726027397260273,0.030260117678033542,IM2503,0.4465753424657534,0.054744354700116946,0.054744354700116946,0.06546537662542722,IM2410,0.024657534246575342,0.0,-0.13875593300174924,True,False,127.09521641637059,244.4747894827148,IM2412,0.19726027397260273,0.030249741883141383,0.030249741883141383,False,False,62.07717397684278,109.38690107306753,0.013246709672667147,347.5039390922316,0.9780821917808219,0.04760792331293103
2024-10-10,5654.53,4,4,0.021917808219178082,0.4438356164383562,-0.0563471671358642,0.05838979392743526,0.2719414986240539,IM2410,0.021917808219178082,-0.0563471671358642,IM2411,0.09863013698630137,0.031715421557983486,IM2412,0.19452054794520549,0.04344594599969864,IM2503,0.4438356164383562,0.05838979392743526,0.05838979392743526,0.06487438462990305,IM2410,0.021917808219178082,0.0,-0.05641108102707239,True,False,137.32656403492533,259.1547018149177,IM2412,0.19452054794520549,0.04339256200992295,0.04339256200992295,False,False,35.50066784727348,66.56305672978144,0.044733864682295746,26.152966105660845,0.9424657534246575,0.04775699391507038
2024-10-11,5416.758,4,4,0.019178082191780823,0.4410958904109589,-0.040052217081066446,0.06589633956876023,0.2511118388129009,IM2410,0.019178082191780823,-0.040052217081066446,IM2411,0.0958904109589041,0.054244615649854125,IM2412,0.1917808219178082,0.056473919252658655,IM2503,0.4410958904109589,0.06589633956876023,0.06589633956876023,0.06994728528948672,IM2410,0.019178082191780823,0.0,-0.040086811019750965,True,False,157.30668561413484,290.666045769053,IM2412,0.1917808219178082,0.05634664867804673,0.05634664867804673,False,False,23.02325053155612,42.12329406588713,0.043595202611927994,28.237475950273495,0.9397260273972603,0.04707418870617744
2024-10-14,5615.756,4,3,0.08767123287671233,0.4328767123287671,0.05652914384177761,0.07551986630888997,0.05501280714679375,IM2411,0.08767123287671233,0.05652914384177761,IM2412,0.18356164383561643,0.0772985944592898,IM2503,0.4328767123287671,0.07551986630888997,,,,0.07551986630888997,0.07477715425957805,IM2411,0.08767123287671233,0.05647071293695835,0.05647071293695835,False,True,45.447949890959414,82.45934884288283,IM2412,0.18356164383561643,0.07699831985513965,0.07699831985513965,False,False,9.553731924472254,17.945578970618715,0.05214058816323332,27.856744525608658,0.9315068493150684,0.05521772195591711
2024-10-15,5507.176,4,3,0.08493150684931507,0.4301369863013699,0.13855971515648788,0.09558785291425373,-0.12448198189218622,IM2411,0.08493150684931507,0.13855971515648788,IM2412,0.18082191780821918,0.11743315770071568,IM2503,0.4301369863013699,0.09558785291425373,,,,0.09558785291425373,0.08655903027061232,IM2411,0.08493150684931507,0.13796479778852372,0.13796479778852372,False,False,94.8543545785895,182.2789135687776,IM2412,0.18082191780821918,0.1165798849069698,0.1165798849069698,False,False,50.05773259622261,90.29449377688911,0.0602686394415993,64.58737712252614,0.9287671232876712,0.06729825666521973
2024-10-16,5524.255,4,3,0.0821917808219178,0.4273972602739726,0.07044046180380313,0.07904110980052173,0.024914575546049908,IM2411,0.0821917808219178,0.07044046180380313,IM2412,0.1780821917808219,0.07501199576465897,IM2503,0.4273972602739726,0.07904110980052173,,,,0.07904110980052173,0.08068902532595287,IM2411,0.0821917808219178,0.0703360483298965,0.0703360483298965,False,False,19.487079325314706,37.205194230616144,IM2412,0.1780821917808219,0.07474340675105351,0.07474340675105351,False,False,10.240928001140416,18.368265088137118,0.06316117963836404,16.401181390751308,0.9260273972602739,0.06497355753012286
2024-10-17,5505.615,4,3,0.07945205479452055,0.4246575342465753,0.10352366871357223,0.09183523814292144,-0.03385934252609158,IM2411,0.07945205479452055,0.10352366871357223,IM2412,0.17534246575342466,0.09467084197570033,IM2503,0.4246575342465753,0.09183523814292144,,,,0.09183523814292144,0.09068784944767687,IM2411,0.07945205479452055,0.10324714389544684,0.10324714389544684,False,False,28.53523471685464,48.46151757921602,IM2412,0.17534246575342466,0.09418413689932892,0.09418413689932892,False,False,14.582989265138576,26.36980823937379,0.06773392704804389,34.365036076406554,0.9232876712328767,0.07150004672838947
2024-10-18,5749.434,3,3,0.07671232876712329,0.42191780821917807,0.05776899567046713,0.06546356881318328,0.022289834897550768,IM2411,0.07671232876712329,0.05776899567046713,IM2412,0.1726027397260274,0.04163920184125315,IM2503,0.42191780821917807,0.06546356881318328,,,,0.06546356881318328,0.07499833654336144,IM2411,0.07671232876712329,0.05771433352023375,0.05771433352023375,False,False,24.757747801244065,32.695403701759204,IM2412,0.1726027397260274,0.04159884105306927,0.04159884105306927,False,False,58.572630832987706,100.68953630294648,0.048659873296134026,58.914232338386114,0.9205479452054794,0.0584226368932098
2024-10-21,5860.571,4,4,0.0684931506849315,0.663013698630137,0.07133713721248865,0.0724692203298253,0.0019041951051976078,IM2411,0.0684931506849315,0.07133713721248865,IM2412,0.1643835616438356,0.05954252887560495,IM2503,0.4136986301369863,0.06772333558689438,IM2506,0.663013698630137,0.0724692203298253,0.0724692203298253,0.07512300077030269,IM2411,0.0684931506849315,0.0712469860018757,0.0712469860018757,False,False,12.731405601918983,19.240203495239648,IM2412,0.1643835616438356,0.05941429086005395,0.05941429086005395,False,False,46.744703358587145,86.55597073108508,0.05501608255512548,39.76843542492287,0.9123287671232877,0.06003627998414496
2024-10-22,5888.815,4,4,0.06575342465753424,0.6602739726027397,0.05882695285540607,0.07441304198431731,0.026216232866601855,IM2411,0.06575342465753424,0.05882695285540607,IM2412,0.16164383561643836,0.060277248158303404,IM2503,0.410958904109589,0.06631071716757786,IM2506,0.6602739726027397,0.07441304198431731,0.07441304198431731,0.07895024630740488,IM2411,0.06575342465753424,0.05877743230174341,0.05877743230174341,False,False,53.90356197725887,103.237861191788,IM2412,0.16164383561643836,0.06014641833857404,0.06014641833857404,False,False,48.774889366082306,94.19880270203089,0.06082454162275572,27.564879296399447,0.9095890410958904,0.06406675334186684
2024-10-23,5903.578,4,4,0.06301369863013699,0.6575342465753424,0.05330856254764238,0.07320966246610712,0.03347420032368493,IM2411,0.06301369863013699,0.05330856254764238,IM2412,0.1589041095890411,0.05997091728895336,IM2503,0.40821917808219177,0.06462814683718238,IM2506,0.6575342465753424,0.07320966246610712,0.07320966246610712,0.07802166693964989,IM2411,0.06301369863013699,0.05327363139114606,0.05327363139114606,False,False,69.72320684049465,131.0862317257721,IM2412,0.1589041095890411,0.05984424711414993,0.05984424711414993,False,False,45.0601085550382,87.88218313615623,0.056887306533922655,27.7535489024819,0.9068493150684932,0.06021693176809352
2024-10-24,5861.632,4,4,0.06027397260273973,0.6547945205479452,0.02745135133690331,0.07162455934670803,0.07430055725151485,IM2411,0.06027397260273973,0.02745135133690331,IM2412,0.15616438356164383,0.05245342047297173,IM2503,0.4054794520547945,0.061851419519435874,IM2506,0.6547945205479452,0.07162455934670803,0.07162455934670803,0.07711152341411646,IM2411,0.06027397260273973,0.027449678302436286,0.027449678302436286,False,False,161.74900391134656,289.2547005364627,IM2412,0.15616438356164383,0.05237132114909672,0.05237132114909672,False,False,66.32623335862395,126.06914874600298,0.055069236545550335,30.576125540122653,0.9041095890410958,0.0587113913043332
2024-10-25,5974.909,4,4,0.057534246575342465,0.6520547945205479,-0.04124548202200218,0.062184315371067334,0.17397177902520908,IM2411,0.057534246575342465,-0.04124548202200218,IM2412,0.15342465753424658,0.015102736961932605,IM2503,0.40273972602739727,0.046785739850247886,IM2506,0.6520547945205479,0.062184315371067334,0.062184315371067334,0.07083932083240041,IM2411,0.057534246575342465,0.0,-0.04135351461698794,True,False,224.17323600290936,405.4758098168231,IM2412,0.15342465753424658,0.015100896695067433,0.015100896695067433,False,False,167.0251233741069,307.0096889010406,0.04964185902283453,26.148140672376357,0.9013698630136986,0.05145396574878061
2024-10-28,6082.088,4,4,0.049315068493150684,0.6438356164383562,0.06301438629331742,0.07216740810275678,0.015395635762421044,IM2411,0.049315068493150684,0.06301438629331742,IM2412,0.14520547945205478,0.0632629242946438,IM2503,0.39452054794520547,0.06434804161477241,IM2506,0.6438356164383562,0.07216740810275678,0.07216740810275678,0.07657440917621959,IM2411,0.049315068493150684,0.06296879624234283,0.06296879624234283,False,False,29.737462947133604,59.22393937526803,IM2412,0.14520547945205478,0.06312731925999665,0.06312731925999665,False,False,29.20128948662021,58.20331172735924,0.056765501279351746,20.724243038932837,0.8931506849315068,0.05820707468307021
2024-10-29,5983.836,4,4,0.04657534246575343,0.6410958904109589,0.04166868839482427,0.07406079139424573,0.054484412879211214,IM2411,0.04657534246575343,0.04166868839482427,IM2412,0.14246575342465753,0.058623747002441176,IM2503,0.3917808219178082,0.06615711002174131,IM2506,0.6410958904109589,0.07406079139424573,0.07406079139424573,0.0785184058199909,IM2411,0.04657534246575343,0.04165775776412264,0.04165775776412264,False,False,115.05513500851757,207.73451697119864,IM2412,0.14246575342465753,0.058517676877919644,0.058517676877919644,False,False,52.16986547099592,99.64626840603638,0.05794790827586481,20.642576048273927,0.8904109589041096,0.05882794636406437
2024-10-30,6019.347,4,4,0.043835616438356165,0.6383561643835617,0.0706394638804379,0.07815070989393216,0.012634123478918917,IM2411,0.043835616438356165,0.0706394638804379,IM2412,0.13972602739726028,0.0729227374213317,IM2503,0.38904109589041097,0.07374284501132533,IM2506,0.6383561643835617,0.07815070989393216,0.07815070989393216,0.08063817096150953,IM2411,0.043835616438356165,0.07058330039786614,0.07058330039786614,False,False,24.976718204384614,48.30702500228332,IM2412,0.13972602739726028,0.0727275453893688,0.0727275453893688,False,False,17.428400637799815,34.61910491954182,0.0601237478575415,17.941472812467566,0.8876712328767123,0.05861048772206344
2024-10-31,6116.663,4,4,0.0410958904109589,0.6356164383561644,0.10473591882324061,0.08208134668254476,-0.038105616734350166,IM2411,0.0410958904109589,0.10473591882324061,IM2412,0.136986301369863,0.08360492389671619,IM2503,0.3863013698630137,0.07892641925280706,IM2506,0.6356164383561644,0.08208134668254476,0.08208134668254476,0.08386260075720593,IM2411,0.0410958904109589,0.10458855206943145,0.10458855206943145,False,False,88.20383564810037,143.05949725363558,IM2412,0.136986301369863,0.0833286319681163,0.0833286319681163,False,False,10.363269562042495,17.005808023524022,0.06068410326657982,26.89607550994357,0.8849315068493151,0.06102368407839298
2024-11-01,5930.232,4,4,0.038356164383561646,0.6328767123287671,0.07471290404224461,0.0789673389427865,0.007156077136856179,IM2411,0.038356164383561646,0.07471290404224461,IM2412,0.13424657534246576,0.070707719480748,IM2503,0.3835616438356164,0.07385026544955814,IM2506,0.6328767123287671,0.0789673389427865,0.0789673389427865,0.08185748793369313,IM2411,0.038356164383561646,0.07465553455581408,0.07465553455581408,False,False,13.984684622994443,27.288405846319744,IM2412,0.13424657534246576,0.07053551816164617,0.07053551816164617,False,False,27.440308232684686,53.36303014913363,0.05866031765148279,20.60056091010773,0.8821917808219178,0.05756745817021758
2024-11-04,6053.112,4,4,0.030136986301369864,0.6246575342465753,-0.04729181298153895,0.07403738718492898,0.20407906940442763,IM2411,0.030136986301369864,-0.04729181298153895,IM2412,0.12602739726027398,0.04272612298363973,IM2503,0.37534246575342467,0.0630897290176942,IM2506,0.6246575342465753,0.07403738718492898,0.07403738718492898,0.08022364628897323,IM2411,0.030136986301369864,0.0,-0.0473600921010824,True,False,261.27853495258984,462.4801172099679,IM2412,0.12602739726027398,0.04269360892739773,0.04269360892739773,False,False,105.98392852577369,195.7912724032088,0.056005108392376116,17.887423676724634,0.873972602739726,0.05311444170997989
2024-11-05,6266.542,4,4,0.0273972602739726,0.6219178082191781,-0.07805899821520842,0.07044391722321847,0.24978600983882865,IM2411,0.0273972602739726,-0.07805899821520842,IM2412,0.1232876712328767,0.02665829003285424,IM2503,0.3726027397260274,0.06010317047755177,IM2506,0.6219178082191781,0.07044391722321847,0.07044391722321847,0.07628691390913366,IM2411,0.0273972602739726,0.0,-0.07819083634961245,True,False,246.79134447521344,438.10326601837227,IM2412,0.1232876712328767,0.026655557935036468,0.026655557935036468,False,False,150.43038066887263,272.3276043402004,0.05147846772730642,21.03239361477445,0.8712328767123287,0.05074425976493656
2024-11-06,6293.193,4,4,0.024657534246575342,0.6191780821917808,0.016088466523924528,0.07773394839489847,0.10368940499034789,IM2411,0.024657534246575342,0.016088466523924528,IM2412,0.12054794520547946,0.053010442240619515,IM2503,0.3698630136986301,0.06916053758284088,IM2506,0.6191780821917808,0.07773394839489847,0.07773394839489847,0.08257754477870881,IM2411,0.024657534246575342,0.01608827788656394,0.01608827788656394,False,False,215.75729389556957,381.6964804077701,IM2412,0.12054794520547946,0.052944849372099145,0.052944849372099145,False,False,82.52040272829241,153.48866792199016,0.05654399409602316,19.159089984006837,0.8684931506849315,0.05489533780583898
2024-11-07,6403.918,4,4,0.021917808219178082,0.6164383561643836,-0.009073126490806903,0.07390976312011052,0.13957951478334038,IM2411,0.021917808219178082,-0.009073126490806903,IM2412,0.1178082191780822,0.039796827007196826,IM2503,0.36712328767123287,0.06586105434905752,IM2506,0.6164383561643836,0.07390976312011052,0.07390976312011052,0.07845571454401401,IM2411,0.021917808219178082,0.0,-0.009082391435995166,True,False,258.9613109050703,455.60812882259773,IM2412,0.1178082191780822,0.03977375957713982,0.03977375957713982,False,False,115.72240466803048,210.427419100505,0.05366720696952282,14.28364081798611,0.8657534246575342,0.050803116422861075
2024-11-08,6423.122,4,4,0.019178082191780823,0.6136986301369863,0.13802295821432312,0.0818202146567115,-0.09453456865681216,IM2411,0.019178082191780823,0.13802295821432312,IM2412,0.11506849315068493,0.07608922939296613,IM2503,0.3643835616438356,0.0776502862930826,IM2506,0.6136986301369863,0.0818202146567115,0.0818202146567115,0.08417453248308913,IM2411,0.019178082191780823,0.1378894891656375,0.1378894891656375,False,False,207.14749429827503,344.096369589025,IM2412,0.11506849315068493,0.07590861533423438,0.07590861533423438,False,False,19.354705560357658,36.279404061230274,0.05926773402781915,31.479714312118293,0.863013698630137,0.0593497564734084
2024-11-11,6579.005,4,3,0.10684931506849316,0.6054794520547945,0.14690166511673022,0.09682100104228712,-0.10043649663281172,IM2412,0.10684931506849316,0.14690166511673022,IM2503,0.3561643835616438,0.10184212418029061,IM2506,0.6054794520547945,0.09682100104228712,,,,0.09682100104228712,0.09399109211127928,IM2412,0.10684931506849316,0.14604518815184475,0.14604518815184475,False,True,171.89995000223539,298.0423383893759,IM2412,0.10684931506849316,0.14604518815184475,0.14604518815184475,False,False,171.89995000223539,298.0423383893759,0.07423861063157237,47.94276633904613,0.8547945205479452,0.07485408708248059
2024-11-12,6491.972,4,3,0.10410958904109589,0.6027397260273972,0.14535193414852635,0.09661407723529777,-0.09774350424905731,IM2412,0.10410958904109589,0.14535193414852635,IM2503,0.35342465753424657,0.1040328841641925,IM2506,0.6027397260273972,0.09661407723529777,,,,0.09661407723529777,0.09243618219977237,IM2412,0.10410958904109589,0.14453753813576392,0.14453753813576392,False,False,162.77648956326414,288.8537369343152,IM2412,0.10410958904109589,0.14453753813576392,0.14453753813576392,False,False,162.77648956326414,288.8537369343152,0.07843824184869048,27.155919286526416,0.852054794520548,0.07573028792607527
2024-11-13,6474.394,4,3,0.10136986301369863,0.6,0.1380168769367788,0.0954051329355085,-0.08545761846408607,IM2412,0.10136986301369863,0.1380168769367788,IM2503,0.3506849315068493,0.1009425342743567,IM2506,0.6,0.0954051329355085,,,,0.0954051329355085,0.09228958405035434,IM2412,0.10136986301369863,0.13731374479301248,0.13731374479301248,False,False,142.28125339111904,251.4516711450244,IM2412,0.10136986301369863,0.13731374479301248,0.13731374479301248,False,False,142.28125339111904,251.4516711450244,0.0784271336632262,27.312996554666835,0.8493150684931506,0.07778301656488203
2024-11-14,6272.191,4,3,0.09863013698630137,0.5972602739726027,0.07282013983919382,0.08815505250375485,0.030754083091015266,IM2412,0.09863013698630137,0.07282013983919382,IM2503,0.34794520547945207,0.08271763882342398,IM2506,0.5972602739726027,0.08815505250375485,,,,0.08815505250375485,0.09121123422882176,IM2412,0.09863013698630137,0.07268279103391018,0.07268279103391018,False,False,49.77399624608253,92.409671244551,IM2412,0.09863013698630137,0.07268279103391018,0.07268279103391018,False,False,49.77399624608253,92.409671244551,0.07059825959035929,18.053128906854628,0.8465753424657534,0.06933441024744304
2024-11-15,6125.513,3,3,0.0958904109589041,0.5945205479452055,0.058398567973484625,0.08429092341476892,0.05192697657180641,IM2412,0.0958904109589041,0.058398567973484625,IM2503,0.3452054794520548,0.07871806947597962,IM2506,0.5945205479452055,0.08429092341476892,,,,0.08429092341476892,0.0874197080075897,IM2412,0.0958904109589041,0.05832796184930597,0.05832796184930597,False,False,97.94548184991925,154.35514136179273,IM2412,0.0958904109589041,0.05832796184930597,0.05832796184930597,False,False,97.94548184991925,154.35514136179273,0.06741714982804733,35.122222914299755,0.8438356164383561,0.06792099411613918
2024-11-18,5974.558,4,4,0.08767123287671233,0.5863013698630137,0.05893258006294762,0.0856982650710536,0.053678434219553206,IM2412,0.08767123287671233,0.05893258006294762,IM2501,0.1643835616438356,0.06677042189623086,IM2503,0.336986301369863,0.07998499955056781,IM2506,0.5863013698630137,0.0856982650710536,0.0856982650710536,0.08889298072699166,IM2412,0.08767123287671233,0.05886621194404708,0.05886621194404708,False,False,86.57680345627945,157.3166950460104,IM2412,0.08767123287671233,0.05886621194404708,0.05886621194404708,False,False,86.57680345627945,157.3166950460104,0.07110820792691062,10.265952108209515,0.8356164383561644,0.0668069917952021
2024-11-19,6130.285,4,4,0.08493150684931507,0.5835616438356165,0.0918304724169106,0.08851931460079267,-0.006640508807049699,IM2412,0.08493150684931507,0.0918304724169106,IM2501,0.16164383561643836,0.08317704601102233,IM2503,0.33424657534246577,0.08636423242342744,IM2506,0.5835616438356165,0.08851931460079267,0.08851931460079267,0.08972250123023902,IM2412,0.08493150684931507,0.0916118102913015,0.0916118102913015,False,False,14.311313227150077,18.04661868707868,IM2412,0.08493150684931507,0.0916118102913015,0.0916118102913015,False,False,14.311313227150077,18.04661868707868,0.06979878810533101,21.804572261464777,0.8328767123287671,0.06742468081593639
2024-11-20,6250.803,4,4,0.0821917808219178,0.5808219178082191,0.13735500000776427,0.09838476926339546,-0.07815458363568471,IM2412,0.0821917808219178,0.13735500000776427,IM2501,0.1589041095890411,0.11290531599175936,IM2503,0.3315068493150685,0.10119312575053982,IM2506,0.5808219178082191,0.09838476926339546,0.09838476926339546,0.09681947937489617,IM2412,0.0821917808219178,0.1367908347135554,0.1367908347135554,False,False,127.60044262578735,223.0708459022982,IM2412,0.0821917808219178,0.1367908347135554,0.1367908347135554,False,False,127.60044262578735,223.0708459022982,0.07354749385043906,22.723006836742332,0.8301369863013699,0.07073362270043312
2024-11-21,6262.164,4,4,0.07945205479452055,0.5780821917808219,0.1715778344218487,0.1046221579382358,-0.13427924129955338,IM2412,0.07945205479452055,0.1715778344218487,IM2501,0.15616438356164383,0.1305313019968132,IM2503,0.3287671232876712,0.11029371067755667,IM2506,0.5780821917808219,0.1046221579382358,0.1046221579382358,0.10146664703585286,IM2412,0.07945205479452055,0.17066874866150147,0.17066874866150147,False,False,217.4298204787416,381.8035792495646,IM2412,0.07945205479452055,0.17066874866150147,0.17066874866150147,False,False,217.4298204787416,381.8035792495646,0.07584731292096784,20.63375704450784,0.8273972602739726,0.07065160673250007
2024-11-22,6030.488,4,4,0.07671232876712329,0.5753424657534246,0.19252841195333237,0.11570709789334764,-0.1540647232521672,IM2412,0.07671232876712329,0.19252841195333237,IM2501,0.15342465753424658,0.14426931157380024,IM2503,0.32602739726027397,0.11939473269419205,IM2506,0.5753424657534246,0.11570709789334764,0.11570709789334764,0.11365927540647196,IM2412,0.07671232876712329,0.19139172058475537,0.19139172058475537,False,False,249.96941047911142,435.4457743889215,IM2412,0.07671232876712329,0.19139172058475537,0.19139172058475537,False,False,249.96941047911142,435.4457743889215,0.0799349706438079,43.20561589900364,0.8246575342465754,0.07645039969854535
2024-11-25,6052.129,4,4,0.0684931506849315,0.5671232876712329,0.16382988980025998,0.10950114648362289,-0.10895599621193702,IM2412,0.0684931506849315,0.16382988980025998,IM2501,0.14520547945205478,0.12818342124383167,IM2503,0.3178082191780822,0.11250143045194108,IM2506,0.5671232876712329,0.10950114648362289,0.10950114648362289,0.10784559313208486,IM2412,0.0684931506849315,0.16312375033645118,0.16312375033645118,False,False,173.88064240897108,304.1062739050802,IM2412,0.0684931506849315,0.16312375033645118,0.16312375033645118,False,False,173.88064240897108,304.1062739050802,0.08382849205287102,48.34082219053998,0.8164383561643835,0.0768785428102756
2024-11-26,5981.57,4,4,0.06575342465753424,0.5643835616438356,0.19277661109479913,0.11328364331068579,-0.15942271011649103,IM2412,0.06575342465753424,0.19277661109479913,IM2501,0.14246575342465753,0.14331797388075881,IM2503,0.3150684931506849,0.11871205328407304,IM2506,0.5643835616438356,0.11328364331068579,0.11328364331068579,0.11029528033120704,IM2412,0.06575342465753424,0.19179888947773394,0.19179888947773394,False,False,252.0706703250318,443.12714275101075,IM2412,0.06575342465753424,0.19179888947773394,0.19179888947773394,False,False,252.0706703250318,443.12714275101075,0.08355039159937118,11.670211522309824,0.8136986301369863,0.07478334251201436
2024-11-27,6118.664,4,4,0.06301369863013699,0.5616438356164384,0.1028594430936062,0.09629911882474339,-0.01315669427546663,IM2412,0.06301369863013699,0.1028594430936062,IM2501,0.13972602739726028,0.09651141194341842,IM2503,0.31232876712328766,0.0935015530712403,IM2506,0.5616438356164384,0.09629911882474339,0.09629911882474339,0.09783540060538153,IM2412,0.06301369863013699,0.1026435029096139,0.1026435029096139,False,False,23.229297736789125,35.632842120505224,IM2412,0.06301369863013699,0.1026435029096139,0.1026435029096139,False,False,23.229297736789125,35.632842120505224,0.07223533501678744,11.2792426933648,0.810958904109589,0.06488576776860933
2024-11-28,6086.085,4,4,0.06027397260273973,0.5589041095890411,0.15489981294873664,0.10707124292910061,-0.09591993438003928,IM2412,0.06027397260273973,0.15489981294873664,IM2501,0.136986301369863,0.11912745983130678,IM2503,0.3095890410958904,0.10609984582130692,IM2506,0.5589041095890411,0.10707124292910061,0.10707124292910061,0.1076033105967836,IM2412,0.06027397260273973,0.15435286469798765,0.15435286469798765,False,False,153.68598686033198,264.25892714665747,IM2412,0.06027397260273973,0.15435286469798765,0.15435286469798765,False,False,153.68598686033198,264.25892714665747,0.07807182568059663,17.881240252338547,0.8082191780821918,0.07125043443912785
2024-11-29,6189.128,4,4,0.057534246575342465,0.5561643835616439,0.11328337018545463,0.09829701144904701,-0.03005506010323506,IM2412,0.057534246575342465,0.11328337018545463,IM2501,0.13424657534246576,0.10074714648797806,IM2503,0.30684931506849317,0.09463348995376636,IM2506,0.5561643835616439,0.09829701144904701,0.09829701144904701,0.10029824384436155,IM2412,0.057534246575342465,0.11303349203251013,0.11303349203251013,False,False,50.440863457591085,81.95905639570053,IM2412,0.057534246575342465,0.11303349203251013,0.11303349203251013,False,False,50.440863457591085,81.95905639570053,0.07151951349197644,19.531489523975097,0.8054794520547945,0.06626251934816237
2024-12-02,6313.608,4,4,0.049315068493150684,0.547945205479452,0.17089599673018754,0.1036354284523046,-0.1348907001177323,IM2412,0.049315068493150684,0.17089599673018754,IM2501,0.12602739726027398,0.12272220859634277,IM2503,0.29863013698630136,0.10269581840729797,IM2506,0.547945205479452,0.1036354284523046,0.1036354284523046,0.10414420119532565,IM2412,0.049315068493150684,0.17033594455376735,0.17033594455376735,False,False,210.9381611826745,365.4822800080152,IM2412,0.049315068493150684,0.17033594455376735,0.17033594455376735,False,False,210.9381611826745,365.4822800080152,0.07250260340072186,20.322012040880974,0.7972602739726027,0.06565491908527943
2024-12-03,6303.276,4,4,0.04657534246575343,0.5452054794520548,0.14940463446079505,0.10068676709356453,-0.09770341532439089,IM2412,0.04657534246575343,0.14940463446079505,IM2501,0.1232876712328767,0.11198079297997444,IM2503,0.2958904109589041,0.09990215766400383,IM2506,0.5452054794520548,0.10068676709356453,0.10068676709356453,0.10111026484618124,IM2412,0.04657534246575343,0.14901545164768357,0.14901545164768357,False,False,152.17625821948886,263.49063633615657,IM2412,0.04657534246575343,0.14901545164768357,0.14901545164768357,False,False,152.17625821948886,263.49063633615657,0.07126454808723491,32.429358955016866,0.7945205479452054,0.06744265006661791
2024-12-04,6204.945,4,4,0.043835616438356165,0.5424657534246575,0.14218432553440166,0.10131188512979489,-0.08196945465759051,IM2412,0.043835616438356165,0.14218432553440166,IM2501,0.12054794520547946,0.11350038332966847,IM2503,0.29315068493150687,0.09961696942183458,IM2506,0.5424657534246575,0.10131188512979489,0.10131188512979489,0.10222371559150024,IM2412,0.043835616438356165,0.14185769777169485,0.14185769777169485,False,False,127.35672598061748,219.94714803003316,IM2412,0.043835616438356165,0.14185769777169485,0.14185769777169485,False,False,127.35672598061748,219.94714803003316,0.07453235366535296,17.730899903274054,0.7917808219178082,0.0677448149465532
2024-12-05,6285.601,4,4,0.0410958904109589,0.5397260273972603,0.13642038523794456,0.10307309847991815,-0.06687780036637164,IM2412,0.0410958904109589,0.13642038523794456,IM2501,0.1178082191780822,0.11069401060773257,IM2503,0.29041095890410956,0.101374954800738,IM2506,0.5397260273972603,0.10307309847991815,0.10307309847991815,0.10398354685079998,IM2412,0.0410958904109589,0.1361423280499854,0.1361423280499854,False,False,103.62152597965101,178.48323904940406,IM2412,0.0410958904109589,0.1361423280499854,0.1361423280499854,False,False,103.62152597965101,178.48323904940406,0.07499963621536476,15.323007690532487,0.7890410958904109,0.06747177248828755
2024-12-06,6349.621,4,4,0.038356164383561646,0.536986301369863,0.08586506366113773,0.09774322036838591,0.023821578011788927,IM2412,0.038356164383561646,0.08586506366113773,IM2501,0.11506849315068493,0.09701397496799401,IM2503,0.2876712328767123,0.09169719101443395,IM2506,0.536986301369863,0.09774322036838591,0.09774322036838591,0.10097329084515479,IM2412,0.038356164383561646,0.08578193519626606,0.08578193519626606,False,False,33.84581949511888,64.23046284206765,IM2412,0.038356164383561646,0.08578193519626606,0.08578193519626606,False,False,33.84581949511888,64.23046284206765,0.07381585195853074,17.148648647542615,0.7863013698630137,0.06909519575569358
2024-12-09,6303.272,4,4,0.030136986301369864,0.5287671232876713,0.22738321020183871,0.10746273804253463,-0.24049984801179114,IM2412,0.030136986301369864,0.22738321020183871,IM2501,0.10684931506849316,0.1342385093073091,IM2503,0.27945205479452057,0.10960261706111699,IM2506,0.5287671232876713,0.10746273804253463,0.10746273804253463,0.1063324644462074,IM2412,0.030136986301369864,0.2267364955274596,0.2267364955274596,False,False,358.7034959095412,630.6804162901515,IM2412,0.030136986301369864,0.2267364955274596,0.2267364955274596,False,False,358.7034959095412,630.6804162901515,0.08249208234651838,17.408150113218714,0.7780821917808219,0.07509825109125721
2024-12-10,6362.02,4,4,0.0273972602739726,0.5260273972602739,0.0419225774698148,0.0946618083614089,0.10576823777709807,IM2412,0.0273972602739726,0.0419225774698148,IM2501,0.10410958904109589,0.08699566063158942,IM2503,0.27671232876712326,0.08651195560616794,IM2506,0.5260273972602739,0.0946618083614089,0.0946618083614089,0.09894909956093699,IM2412,0.0273972602739726,0.04191599523422161,0.04191599523422161,False,False,153.63385279172562,277.45742795671225,IM2412,0.0273972602739726,0.04191599523422161,0.04191599523422161,False,False,153.63385279172562,277.45742795671225,0.07332951621821877,21.81054856610688,0.7753424657534247,0.07086315925686625
2024-12-11,6447.374,4,4,0.024657534246575342,0.5232876712328767,0.1281727853461435,0.09834379924282285,-0.05982186773468149,IM2412,0.024657534246575342,0.1281727853461435,IM2501,0.10136986301369863,0.10138818135033034,IM2503,0.273972602739726,0.09410182488846311,IM2506,0.5232876712328767,0.09834379924282285,0.09834379924282285,0.1005659986637429,IM2412,0.024657534246575342,0.1280286502863197,0.1280286502863197,False,False,91.5132083675045,155.33716573446296,IM2412,0.024657534246575342,0.1280286502863197,0.1280286502863197,False,False,91.5132083675045,155.33716573446296,0.07520235580859855,18.11549002284824,0.7726027397260274,0.07079067227851724
2024-12-12,6490.146,4,4,0.021917808219178082,0.5205479452054794,0.10687365295688472,0.09852608385945368,-0.016741003959133697,IM2412,0.021917808219178082,0.10687365295688472,IM2501,0.09863013698630137,0.09108803377010681,IM2503,0.27123287671232876,0.09201796658792644,IM2506,0.5205479452054794,0.09852608385945368,0.09852608385945368,0.10192072880087198,IM2412,0.021917808219178082,0.10679099823023695,0.10679099823023695,False,False,30.39896881759173,43.022841930104384,IM2412,0.021917808219178082,0.10679099823023695,0.10679099823023695,False,False,30.39896881759173,43.022841930104384,0.07454570634285944,20.892166817978698,0.7698630136986301,0.07045348385275516
2024-12-13,6354.988,4,4,0.019178082191780823,0.5178082191780822,-0.012908187391852299,0.09940235694526109,0.22523817957717795,IM2412,0.019178082191780823,-0.012908187391852299,IM2501,0.0958904109589041,0.0759241828134821,IM2503,0.2684931506849315,0.09027737501827875,IM2506,0.5178082191780822,0.09940235694526109,0.09940235694526109,0.10414080909870356,IM2412,0.019178082191780823,0.0,-0.012918574017311762,True,False,286.78774122432236,514.7135743192961,IM2412,0.019178082191780823,0.0,-0.012918574017311762,True,False,286.78774122432236,514.7135743192961,0.07876749381515696,13.721761313549464,0.7671232876712328,0.07252985438696348
2024-12-16,6277.516,4,3,0.08767123287671233,0.5095890410958904,0.11215890636266561,0.10859732748963392,-0.008441404471795875,IM2501,0.08767123287671233,0.11215890636266561,IM2503,0.2602739726027397,0.10384987017652715,IM2506,0.5095890410958904,0.10859732748963392,,,,0.10859732748963392,0.1110278712683297,IM2501,0.08767123287671233,0.11178759958556787,0.11178759958556787,False,True,14.545717068826953,20.659843667366093,IM2506,0.5095890410958904,0.10662708358302973,0.10662708358302973,False,True,9.301303331110452,13.018542692487822,0.07883317509621653,24.77051903076132,0.7589041095890411,0.07232289876700383
2024-12-17,6143.944,4,3,0.08493150684931507,0.5068493150684932,0.09409801111645015,0.10421907127265063,0.023988226993592054,IM2501,0.08493150684931507,0.09409801111645015,IM2503,0.25753424657534246,0.09784382631648435,IM2506,0.5068493150684932,0.10421907127265063,,,,0.10421907127265063,0.10746667460422775,IM2501,0.08493150684931507,0.09386534059051342,0.09386534059051342,False,False,26.876165464898456,52.47781304644895,IM2506,0.5068493150684932,0.10244687337205126,0.10244687337205126,False,False,8.80533022870288,11.854422554062852,0.07476082269345044,27.88623727286974,0.7561643835616438,0.0690131873630589
2024-12-18,6195.868,4,3,0.0821917808219178,0.5041095890410959,0.1084267010841795,0.10666723735024224,-0.004170157551214936,IM2501,0.0821917808219178,0.1084267010841795,IM2503,0.2547945205479452,0.10275021720221188,IM2506,0.5041095890410959,0.10666723735024224,,,,0.10666723735024224,0.10865234047087433,IM2501,0.0821917808219178,0.10810613783250463,0.10810613783250463,False,False,8.11821833873409,13.64659229088401,IM2506,0.5041095890410959,0.1048012740103567,0.1048012740103567,False,False,6.14843786960916,9.406500124355357,0.08602374721060922,17.14337173252107,0.7534246575342466,0.08173938659107344
2024-12-19,6207.186,4,3,0.07945205479452055,0.5013698630136987,0.07402376345463424,0.10004857485361898,0.06168218286123007,IM2501,0.07945205479452055,0.07402376345463424,IM2503,0.25205479452054796,0.09118932140977792,IM2506,0.5013698630136987,0.10004857485361898,,,,0.10004857485361898,0.1045146094664046,IM2501,0.07945205479452055,0.07390798609091392,0.07390798609091392,False,False,69.69743087455309,131.06103407054871,IM2506,0.5013698630136987,0.09846351797307562,0.09846351797307562,False,False,17.02077863102167,19.556270291843976,0.08258964032814456,20.37200286137141,0.7506849315068493,0.08042212471352088
2024-12-20,6271.753,3,3,0.07671232876712329,0.4986301369863014,0.11502652513740906,0.10689854204078941,-0.019264375521208906,IM2501,0.07671232876712329,0.11502652513740906,IM2503,0.2493150684931507,0.1043741143269879,IM2506,0.4986301369863014,0.10689854204078941,,,,0.10689854204078941,0.10816421401784607,IM2501,0.07671232876712329,0.11468100750414459,0.11468100750414459,False,False,26.87173987944442,38.80571820084009,IM2506,0.4986301369863014,0.10504277515708595,0.10504277515708595,False,False,7.001464005555379,9.253412954358408,0.083916968669694,27.509150838644764,0.7479452054794521,0.08078385713410079
2024-12-23,6096.381,4,4,0.0684931506849315,0.4904109589041096,0.10016260438893526,0.10300547827506165,0.0067379803145203405,IM2501,0.0684931506849315,0.10016260438893526,IM2502,0.1643835616438356,0.0892257547423778,IM2503,0.2410958904109589,0.09509404020626841,IM2506,0.4904109589041096,0.10300547827506165,0.10300547827506165,0.10690415111293634,IM2501,0.0684931506849315,0.09994293663732706,0.09994293663732706,False,False,12.96756041941138,17.617285306766277,IM2506,0.4904109589041096,0.10133872727252134,0.10133872727252134,False,False,13.139757341049712,19.911735665989728,0.06839976795926338,25.346763663023907,0.989041095890411,0.07260853406735389
2024-12-24,6164.361,4,4,0.06575342465753424,0.4876712328767123,0.10451431685762065,0.10321831234677764,-0.0030716990029720694,IM2501,0.06575342465753424,0.10451431685762065,IM2502,0.16164383561643836,0.09386223494171116,IM2503,0.23835616438356164,0.0962068981769438,IM2506,0.4876712328767123,0.10321831234677764,0.10321831234677764,0.10665256485705994,IM2501,0.06575342465753424,0.10427992374229884,0.10427992374229884,False,False,13.04485788469619,19.242554087284216,IM2506,0.4876712328767123,0.10155229404943619,0.10155229404943619,False,False,9.831791722603715,12.741080572789798,0.07756536095658287,11.314005644395147,0.9863013698630136,0.07927915335043242
2024-12-25,6094.687,4,4,0.06301369863013699,0.4849315068493151,0.058288691514243166,0.09696819295906746,0.09167544173610953,IM2501,0.06301369863013699,0.058288691514243166,IM2502,0.1589041095890411,0.07547207280443385,IM2503,0.2356164383561644,0.08518214058489375,IM2506,0.4849315068493151,0.09696819295906746,0.09696819295906746,0.10270526641339957,IM2501,0.06301369863013699,0.05824253884536228,0.05824253884536228,False,False,100.05588117787646,187.79289803084404,IM2506,0.4849315068493151,0.09554950618798629,0.09554950618798629,False,False,23.522108890890276,31.903866746468395,0.07299180072786951,16.05417233444941,0.9835616438356164,0.07566054344164097
2024-12-26,6160.452,4,4,0.06027397260273973,0.4821917808219178,0.0995083265526063,0.10144748550646784,0.00459605855947703,IM2501,0.06027397260273973,0.0995083265526063,IM2502,0.15616438356164383,0.08902876628341248,IM2503,0.2328767123287671,0.09570175825634439,IM2506,0.4821917808219178,0.10144748550646784,0.10144748550646784,0.10422650427127993,IM2501,0.06027397260273973,0.09931811733058846,0.09931811733058846,False,False,10.422957636655104,16.068301635317553,IM2506,0.4821917808219178,0.09986886278061193,0.09986886278061193,False,False,10.472954639072872,16.92836987233869,0.07360157738727333,18.875425138914867,0.9808219178082191,0.07657799852411162
2024-12-27,6171.565,4,4,0.057534246575342465,0.4794520547945205,0.09893668802292532,0.10109935920222127,0.00512581156131831,IM2501,0.057534246575342465,0.09893668802292532,IM2502,0.15342465753424658,0.08747979915282568,IM2503,0.23013698630136986,0.09396583867388536,IM2506,0.4794520547945205,0.10109935920222127,0.10109935920222127,0.10452705715893484,IM2501,0.057534246575342465,0.09875771110460962,0.09875771110460962,False,False,11.694753678908727,17.30309778903797,IM2506,0.4794520547945205,0.09954289436425648,0.09954289436425648,False,False,11.864671273937489,18.507762516167542,0.07223534447175141,21.93932977976905,0.9780821917808219,0.07593296272366663
2024-12-30,6145.928,4,4,0.049315068493150684,0.4712328767123288,0.06071565754510953,0.09711485708764522,0.08627083008458135,IM2501,0.049315068493150684,0.06071565754510953,IM2502,0.14520547945205478,0.07640103449845878,IM2503,0.2219178082191781,0.0850828834110641,IM2506,0.4712328767123288,0.09711485708764522,0.09711485708764522,0.10277783599735446,IM2501,0.049315068493150684,0.06067480849831543,0.06067480849831543,False,False,90.75005547289963,171.71748924286808,IM2506,0.4712328767123288,0.09573053550328774,0.09573053550328774,False,False,20.535581684087,28.067494609751268,0.07091194770458151,15.175411284162756,0.9698630136986301,0.07341877515234772
2024-12-31,5957.717,4,4,0.04657534246575343,0.4684931506849315,0.13315875940975194,0.1058692551498798,-0.06467966918735929,IM2501,0.04657534246575343,0.13315875940975194,IM2502,0.14246575342465753,0.10453083175651286,IM2503,0.2191780821917808,0.10433798422533333,IM2506,0.4684931506849315,0.1058692551498798,0.1058692551498798,0.10658475491652021,IM2501,0.04657534246575343,0.1328610861785993,0.1328610861785993,False,False,73.36238415884881,126.45487961400059,IM2506,0.4684931506849315,0.1041649617448784,0.1041649617448784,False,False,7.850551905927652,13.503960556241342,0.0798181071197844,30.363207492735103,0.9671232876712329,0.08322837478423921
2025-01-02,5797.089,4,4,0.0410958904109589,0.46301369863013697,0.10025846213308083,0.10622841006485206,0.014149551916211039,IM2501,0.0410958904109589,0.10025846213308083,IM2502,0.136986301369863,0.09122844743275928,IM2503,0.2136986301369863,0.09952783251566848,IM2506,0.46301369863013697,0.10622841006485206,0.10622841006485206,0.10931251151214753,IM2501,0.0410958904109589,0.10012624957112072,0.10012624957112072,False,False,15.398732401582755,28.253838998372977,IM2506,0.46301369863013697,0.10452975941227378,0.10452975941227378,False,False,11.304853858183812,18.220975314404036,0.08204153081976825,13.527138988457494,0.9616438356164384,0.08369368916189526
2025-01-03,5625.209,4,4,0.038356164383561646,0.4602739726027397,0.020968680416880655,0.0954546771202405,0.1765414856930282,IM2501,0.038356164383561646,0.020968680416880655,IM2502,0.13424657534246576,0.06677077067153224,IM2503,0.21095890410958903,0.08090167281426582,IM2506,0.4602739726027397,0.0954546771202405,0.0954546771202405,0.10210090690549807,IM2501,0.038356164383561646,0.02096866242150722,0.02096866242150722,False,False,185.27371191470354,342.8397388873202,IM2506,0.4602739726027397,0.09415945091360797,0.09415945091360797,False,False,27.192789359487985,36.76836525648597,0.07516410290247273,8.924619821566809,0.958904109589041,0.07593675581725708
2025-01-06,5608.034,4,4,0.030136986301369864,0.4520547945205479,0.08416500185608708,0.10173736929029821,0.04164879294472119,IM2501,0.030136986301369864,0.08416500185608708,IM2502,0.12602739726027398,0.08426089909911624,IM2503,0.20273972602739726,0.09161326777651566,IM2506,0.4520547945205479,0.10173736929029821,0.10173736929029821,0.10624848482255718,IM2501,0.030136986301369864,0.08410300261763974,0.08410300261763974,False,False,40.57918178824113,79.7170000270874,IM2506,0.4520547945205479,0.10024570939952668,0.10024570939952668,False,False,13.973949204704173,20.145240378599016,0.0728982094851387,15.254025397594656,0.9506849315068493,0.07428521732856185
2025-01-07,5692.041,4,4,0.0273972602739726,0.44931506849315067,0.14359120044166412,0.10668676470494944,-0.08746830547987572,IM2501,0.0273972602739726,0.14359120044166412,IM2502,0.1232876712328767,0.10169296817164175,IM2503,0.2,0.1024043646348333,IM2506,0.44931506849315067,0.10668676470494944,0.10668676470494944,0.10857855023042932,IM2501,0.0273972602739726,0.14338219278462672,0.14338219278462672,False,False,95.5814281509882,164.878087810058,IM2506,0.44931506849315067,0.10502026091793952,0.10502026091793952,False,False,7.2790228060548685,10.567380691431511,0.08940910420065579,15.473894579158822,0.6986301369863014,0.08570527870900012
2025-01-08,5661.779,4,4,0.024657534246575342,0.4465753424657534,0.17918107364248542,0.1086558429405378,-0.16715395588448625,IM2501,0.024657534246575342,0.17918107364248542,IM2502,0.12054794520547946,0.1068673537587989,IM2503,0.19726027397260273,0.10703878122997454,IM2506,0.4465753424657534,0.1086558429405378,0.1086558429405378,0.10936391295464083,IM2501,0.024657534246575342,0.17886908808462323,0.17886908808462323,False,False,177.43113498603248,313.55503995851853,IM2506,0.4465753424657534,0.10692376716032248,0.10692376716032248,False,False,9.712460346778302,17.816870091492746,0.07645246096773244,24.831540033601915,0.9452054794520548,0.07836611257446126
2025-01-09,5672.78,4,4,0.021917808219178082,0.4438356164383562,0.28278957612286276,0.11506762387500984,-0.39752280889913194,IM2501,0.021917808219178082,0.28278957612286276,IM2502,0.1178082191780822,0.12657677923738878,IM2503,0.19452054794520549,0.12212486702409439,IM2506,0.4438356164383562,0.11506762387500984,0.11506762387500984,0.11200527115763047,IM2501,0.021917808219178082,0.2820342230793362,0.2820342230793362,False,False,412.1476968416622,741.0572348246804,IM2506,0.4438356164383562,0.1130898774607386,0.1130898774607386,False,False,22.482256041331286,37.19445450128745,0.07645246096773244,49.706342158240375,0.9452054794520548,0.08119463778084943
2025-01-10,5544.916,4,4,0.019178082191780823,0.4410958904109589,0.15668344049044686,0.10825754102914631,-0.1147756708011344,IM2501,0.019178082191780823,0.15668344049044686,IM2502,0.11506849315068493,0.10428232194357234,IM2503,0.1917808219178082,0.104291803539493,IM2506,0.4410958904109589,0.10825754102914631,0.10825754102914631,0.1099625156295452,IM2501,0.019178082191780823,0.1565044509755859,0.1565044509755859,False,False,121.37547618396366,212.81513702402097,IM2506,0.4410958904109589,0.10656168408696293,0.10656168408696293,False,False,6.598926518693851,9.612391639024308,0.07730145471050076,24.394240677556287,0.9397260273972603,0.07929085914599705
2025-01-13,5559.473,4,3,0.10684931506849316,0.4328767123287671,0.09347131482722079,0.10320404361438995,0.02985248745644322,IM2502,0.10684931506849316,0.09347131482722079,IM2503,0.18356164383561643,0.09764282119709299,IM2506,0.4328767123287671,0.10320404361438995,,,,0.10320404361438995,0.10552614488506559,IM2502,0.10684931506849316,0.09318367987535724,0.09318367987535724,False,True,22.19336897572932,43.37582111690725,IM2506,0.4328767123287671,0.10172348805659372,0.10172348805659372,False,False,7.178745026893476,8.81739057385067,0.07699709460162708,5.494727483314272,0.9315068493150684,0.07543523449328514
2025-01-14,5811.055,4,3,0.10410958904109589,0.4301369863013699,0.06482443013000819,0.09581841237570975,0.09506557579563923,IM2502,0.10410958904109589,0.06482443013000819,IM2503,0.18082191780821918,0.0807214082035712,IM2506,0.4301369863013699,0.09581841237570975,,,,0.09581841237570975,0.10205811351300066,IM2502,0.10410958904109589,0.06472000260483593,0.06472000260483593,False,False,68.976614917613,133.76576257608642,IM2506,0.4301369863013699,0.09459543657965302,0.09459543657965302,False,False,22.413748789389093,30.99447246812289,0.07426093953636025,11.929958575854661,0.9287671232876712,0.07380805465079815
2025-01-15,5775.571,4,3,0.10136986301369863,0.4273972602739726,0.08610150354385974,0.10143907322046289,0.04704380615092561,IM2502,0.10136986301369863,0.08610150354385974,IM2503,0.1780821917808219,0.09159608154625853,IM2506,0.4273972602739726,0.10143907322046289,,,,0.10143907322046289,0.10546487607742709,IM2502,0.10136986301369863,0.08588053418488005,0.08588053418488005,False,False,33.67659110492438,66.49676957673935,IM2506,0.4273972602739726,0.10003805697639775,0.10003805697639775,False,False,10.933613567523935,15.033654875589942,0.07498551681931076,17.916069444515998,0.9260273972602739,0.07619036774881484
2025-01-16,5801.305,4,3,0.09863013698630137,0.4246575342465753,0.10477565395326205,0.10493096903899173,0.00047638660749018405,IM2502,0.09863013698630137,0.10477565395326205,IM2503,0.17534246575342466,0.1000955955916367,IM2506,0.4246575342465753,0.10493096903899173,,,,0.10493096903899173,0.10688753743075603,IM2502,0.09863013698630137,0.10442221668706968,0.10442221668706968,False,False,4.702670808534149,7.586404112539072,IM2506,0.4246575342465753,0.10341763258995318,0.10341763258995318,False,False,5.084873715249197,6.426497249340712,0.07599701577180068,18.23446649956042,0.9232876712328767,0.07694911466543447
2025-01-17,5841.572,3,3,0.0958904109589041,0.42191780821917807,0.07328588224465052,0.09676636809125323,0.07201997759672261,IM2502,0.0958904109589041,0.07328588224465052,IM2503,0.1726027397260274,0.0833960774535372,IM2506,0.42191780821917807,0.09676636809125323,,,,0.09676636809125323,0.10211730211043608,IM2502,0.0958904109589041,0.07314997890489544,0.07314997890489544,False,False,58.42732389482464,99.64175163559253,IM2506,0.42191780821917807,0.09553648541553872,0.09553648541553872,False,False,17.52387309036136,21.336194821399765,0.07201756604635716,18.516310202411816,0.9205479452054794,0.07281160489841562
2025-01-20,5879.15,4,4,0.08767123287671233,0.663013698630137,0.07942516265848906,0.09882078498367135,0.03371143880329301,IM2502,0.08767123287671233,0.07942516265848906,IM2503,0.1643835616438356,0.08527830321606834,IM2506,0.4136986301369863,0.0966699341081012,IM2509,0.663013698630137,0.09882078498367135,0.09882078498367135,0.10002348717581239,IM2502,0.08767123287671233,0.07927063223425014,0.07927063223425014,False,False,74.29696750911567,129.62019083178004,IM2506,0.4136986301369863,0.09546677046446463,0.09546677046446463,False,False,15.792234073531318,22.2375757163843,0.07935334606704032,19.857799364613854,0.9123287671232877,0.07956460163141621
2025-01-21,5908.023,4,4,0.08493150684931507,0.6602739726027397,0.07277692713891061,0.09817655695424111,0.044146975631407785,IM2502,0.08493150684931507,0.07277692713891061,IM2503,0.16164383561643836,0.08571247305894275,IM2506,0.410958904109589,0.09827459651048409,IM2509,0.6602739726027397,0.09817655695424111,0.09817655695424111,0.09812165598341108,IM2502,0.08493150684931507,0.072658819393396,0.072658819393396,False,False,99.89361835069009,168.48697951133494,IM2506,0.410958904109589,0.0970290332315904,0.0970290332315904,False,False,14.51284159156363,20.59767914720712,0.08212402705251491,18.956258548479973,0.9095890410958904,0.08301988386550337
2025-01-22,5855.739,4,4,0.0821917808219178,0.6575342465753424,0.04649708279274903,0.09395473745986414,0.08248592358808103,IM2502,0.0821917808219178,0.04649708279274903,IM2503,0.1589041095890411,0.07303201019365559,IM2506,0.40821917808219177,0.09248821314603844,IM2509,0.6575342465753424,0.09395473745986414,0.09395473745986414,0.09477707722638541,IM2502,0.0821917808219178,0.046468250491810095,0.046468250491810095,False,False,183.41740237756278,312.2399143104929,IM2506,0.40821917808219177,0.09142621196633868,0.09142621196633868,False,False,25.0661114056774,36.92805137555265,0.07805887698699165,18.775661952782002,0.9068493150684932,0.07895589247883768
2025-01-23,5829.033,4,4,0.07945205479452055,0.6547945205479452,0.06333030019583152,0.09744754138651031,0.05929901445046551,IM2502,0.07945205479452055,0.06333030019583152,IM2503,0.15616438356164383,0.07830454523828598,IM2506,0.4054794520547945,0.09388143562636252,IM2509,0.6547945205479452,0.09744754138651031,0.09744754138651031,0.09944967115364071,IM2502,0.07945205479452055,0.06325579950544544,0.06325579950544544,False,False,128.54757117845836,223.88565231710987,IM2506,0.4054794520547945,0.09278575611500658,0.09278575611500658,False,False,22.420051213684445,30.525114517516187,0.07700454831156564,33.114619075961905,0.9041095890410958,0.07944854751437834
2025-01-24,5938.13,4,4,0.07671232876712329,0.6520547945205479,0.00492731004030629,0.08788845936285403,0.1441943785844282,IM2502,0.07671232876712329,0.00492731004030629,IM2503,0.15342465753424658,0.03993043457539002,IM2506,0.40273972602739727,0.0804106523187361,IM2509,0.6520547945205479,0.08788845936285403,0.08788845936285403,0.09209147546120229,IM2502,0.07671232876712329,0.004918592697893831,0.004918592697893831,False,False,311.4540204978416,541.008993596178,IM2506,0.40273972602739727,0.07968168750896666,0.07968168750896666,False,False,49.69992374086137,60.9882236789115,0.07301214633034814,20.479209975456683,0.9013698630136986,0.0744992958943394
2025-01-27,5846.069,4,4,0.0684931506849315,0.6438356164383562,0.07070785106887005,0.09703206536550998,0.04575399151558845,IM2502,0.0684931506849315,0.07070785106887005,IM2503,0.14520547945205478,0.08565562428188005,IM2506,0.39452054794520547,0.09474255765991312,IM2509,0.6438356164383562,0.09703206536550998,0.09703206536550998,0.09832243370056262,IM2502,0.0684931506849315,0.07061989518084774,0.07061989518084774,False,False,98.04477426395623,170.05095872316662,IM2506,0.39452054794520547,0.09365132521813686,0.09365132521813686,False,False,14.782248406828302,21.766409168018605,0.07637430963725811,36.60194362736095,0.8931506849315068,0.07841824829488155
2025-02-05,5881.437,4,4,0.043835616438356165,0.6191780821917808,0.07995465482391784,0.10005835691586784,0.03494214887410358,IM2502,0.043835616438356165,0.07995465482391784,IM2503,0.12054794520547946,0.08973849386089673,IM2506,0.3698630136986301,0.09903438215736261,IM2509,0.6191780821917808,0.10005835691586784,0.10005835691586784,0.10063685718211353,IM2502,0.043835616438356165,0.07987593890744689,0.07987593890744689,False,False,72.07421426277581,124.96510876446928,IM2506,0.3698630136986301,0.09789039386878483,0.09789039386878483,False,False,9.440318660776448,13.423552017553849,0.08141389239865046,18.109934020204026,0.8684931506849315,0.0803089932604733
2025-02-06,6041.834,4,4,0.0410958904109589,0.6164383561643836,0.09193219841830465,0.10087692715009643,0.015546790414780947,IM2502,0.0410958904109589,0.09193219841830465,IM2503,0.1178082191780822,0.09512163721763735,IM2506,0.36712328767123287,0.10109899495496541,IM2509,0.6164383561643836,0.10087692715009643,0.10087692715009643,0.10075150213069729,IM2502,0.0410958904109589,0.09182598308173688,0.09182598308173688,False,False,32.73737109344019,55.793490832353285,IM2506,0.36712328767123287,0.09990359446011622,0.09990359446011622,False,False,4.942875957882431,5.999996034125329,0.08102805954122139,27.907744852995094,0.8657534246575342,0.08164623599981971
2025-02-07,6134.055,4,4,0.038356164383561646,0.6136986301369863,0.04659904229166484,0.09642461536699645,0.08660159129760017,IM2502,0.038356164383561646,0.04659904229166484,IM2503,0.11506849315068493,0.07493809427798868,IM2506,0.3643835616438356,0.09356984615245262,IM2509,0.6136986301369863,0.09642461536699645,0.09642461536699645,0.09803640182131952,IM2502,0.038356164383561646,0.04658547823817826,0.04658547823817826,False,False,176.0160402861659,305.8621018316509,IM2506,0.3643835616438356,0.09259248216644439,0.09259248216644439,False,False,17.955976918415498,23.517748956810927,0.0766296777827711,20.562915196433774,0.863013698630137,0.07527904082676443
2025-02-10,6210.547,4,4,0.030136986301369864,0.6054794520547945,0.17394653462750032,0.10472067006798554,-0.12032114554391855,IM2502,0.030136986301369864,0.17394653462750032,IM2503,0.10684931506849316,0.12143337124687262,IM2506,0.3561643835616438,0.1087987188509745,IM2509,0.6054794520547945,0.10472067006798554,0.10472067006798554,0.10242227858168255,IM2502,0.030136986301369864,0.17358996997731552,0.17358996997731552,False,False,239.9154368727875,416.9894597249838,IM2506,0.3561643835616438,0.10740919030407209,0.10740919030407209,False,False,15.133732308413183,20.052350344046776,0.0813072972922077,21.206803752291705,0.8547945205479452,0.07874333450846051
2025-02-11,6190.174,4,4,0.0273972602739726,0.6027397260273972,0.08122099994250179,0.10280681069859746,0.03751819488559485,IM2502,0.0273972602739726,0.08122099994250179,IM2503,0.10410958904109589,0.10881563803202919,IM2506,0.35342465753424657,0.10565001969746686,IM2509,0.6027397260273972,0.10280681069859746,0.10280681069859746,0.10120565988348824,IM2502,0.0273972602739726,0.08116968602174876,0.08116968602174876,False,False,79.5648373726892,130.4155459974437,IM2506,0.35342465753424657,0.10436665327434906,0.10436665327434906,False,False,6.531310554021432,9.40179086754351,0.08259150890845393,22.979871748861584,0.852054794520548,0.08159326892874312
2025-02-12,6284.611,4,4,0.024657534246575342,0.6,0.12733523512602002,0.10559503220874633,-0.0377865431657376,IM2502,0.024657534246575342,0.12733523512602002,IM2503,0.10136986301369863,0.11718708154263048,IM2506,0.3506849315068493,0.1068903269224678,IM2509,0.6,0.10559503220874633,0.10559503220874633,0.10486625100717997,IM2502,0.024657534246575342,0.12719332244005688,0.12719332244005688,False,False,74.10425836219889,129.5897413878629,IM2506,0.3506849315068493,0.10557984809043865,0.10557984809043865,False,False,6.862011468574103,11.766236650166125,0.08550842909461459,16.638460895282787,0.8493150684931506,0.08335773645672293
2025-02-13,6212.497,4,4,0.021917808219178082,0.5972602739726027,-0.0027829534870598485,0.10125529527419748,0.18082838475170918,IM2502,0.021917808219178082,-0.0027829534870598485,IM2503,0.09863013698630137,0.08138109705805424,IM2506,0.34794520547945207,0.09817061999683918,IM2509,0.5972602739726027,0.10125529527419748,0.10125529527419748,0.10298908430785703,IM2502,0.021917808219178082,0.0,-0.002788642795320942,True,False,349.58966725472857,604.7576539664386,IM2506,0.34794520547945207,0.09711710816916397,0.09711710816916397,False,False,18.334530824568066,24.715747641021075,0.08358637817934023,20.87249415045391,0.8465753424657534,0.08283470688907214
2025-02-14,6248.835,4,4,0.019178082191780823,0.5945205479452055,0.09210383238984353,0.10395303088937581,0.0205950354872823,IM2502,0.019178082191780823,0.09210383238984353,IM2503,0.0958904109589041,0.09307713144159041,IM2506,0.3452054794520548,0.10325460228744866,IM2509,0.5945205479452055,0.10395303088937581,0.10395303088937581,0.10434515181572648,IM2502,0.019178082191780823,0.09205400229460096,0.09205400229460096,False,False,40.31254774289318,70.74217000181012,IM2506,0.3452054794520548,0.1020696152365975,0.1020696152365975,False,False,7.4182290127916355,11.19729305898392,0.08481491711096804,23.63716284338814,0.8438356164383561,0.08447590054226448
2025-02-17,6281.566,4,3,0.08767123287671233,0.5863013698630137,0.133811919924094,0.11277852149411378,-0.04218236498320207,IM2503,0.08767123287671233,0.133811919924094,IM2506,0.336986301369863,0.11600239851672063,IM2509,0.5863013698630137,0.11277852149411378,,,,0.11277852149411378,0.11097580982947801,IM2503,0.08767123287671233,0.13324599431097275,0.13324599431097275,False,True,67.23776837734512,120.00107350158292,IM2506,0.336986301369863,0.11446609979906362,0.11446609979906362,False,False,14.099931936534505,19.56698067096959,0.08915849840581357,20.78958389415318,0.8356164383561644,0.08586643445080286
2025-02-18,6142.138,4,3,0.08493150684931507,0.5835616438356165,0.08138339397239834,0.1054409664021387,0.04824732932338038,IM2503,0.08493150684931507,0.08138339397239834,IM2506,0.33424657534246577,0.10334149858793754,IM2509,0.5835616438356165,0.1054409664021387,,,,0.1054409664021387,0.106613103422959,IM2503,0.08493150684931507,0.08122366406427017,0.08122366406427017,False,False,80.3970365877837,141.32288761550726,IM2506,0.33424657534246577,0.10219139681318544,0.10219139681318544,False,False,17.155644330527753,22.148662932560814,0.08767738849509918,16.584595345765692,0.8328767123287671,0.08477637425452214
2025-02-19,6288.529,4,3,0.0821917808219178,0.5808219178082191,0.11425513875260178,0.11012888151500458,-0.008275186218258122,IM2503,0.0821917808219178,0.11425513875260178,IM2506,0.3315068493150685,0.11102722396682038,IM2509,0.5808219178082191,0.11012888151500458,,,,0.11012888151500458,0.10962817358754813,IM2503,0.0821917808219178,0.11389098255993925,0.11389098255993925,False,False,12.690315414707916,21.85110743907157,IM2506,0.3315068493150685,0.10966750976853097,0.10966750976853097,False,False,5.5296176971744995,8.977184271612943,0.09022483827285457,15.16015141418526,0.8301369863013699,0.08706521607379193
2025-02-20,6334.414,4,3,0.07945205479452055,0.5780821917808219,0.17999701326402193,0.11873196912993846,-0.1228667093897828,IM2503,0.07945205479452055,0.17999701326402193,IM2506,0.3287671232876712,0.1280224322312591,IM2509,0.5780821917808219,0.11873196912993846,,,,0.11873196912993846,0.1135629864982237,IM2503,0.07945205479452055,0.17898436045081537,0.17898436045081537,False,False,194.01341514234736,348.30834434808366,IM2506,0.3287671232876712,0.12612677300010183,0.12612677300010183,False,False,35.26073162737787,42.801012812431544,0.09442872066090163,28.50154916373524,0.8273972602739726,0.09206205801678712
2025-02-21,6449.228,3,3,0.07671232876712329,0.5753424657534246,0.12192241182251502,0.11107330036717974,-0.0217578334131724,IM2503,0.07671232876712329,0.12192241182251502,IM2506,0.32602739726027397,0.11448020643864994,IM2509,0.5753424657534246,0.11107330036717974,,,,0.11107330036717974,0.10918137254877637,IM2503,0.07671232876712329,0.12152499758775127,0.12152499758775127,False,False,37.16451550400809,60.133052501919124,IM2506,0.32602739726027397,0.1130398897643056,0.1130398897643056,False,False,8.093247365826302,11.314623928669189,0.08992988934939435,22.48984998864586,0.8246575342465754,0.08766474776417367
2025-02-24,6464.024,4,4,0.0684931506849315,0.5671232876712329,0.24172230078280205,0.12776451812524497,-0.22854170697806775,IM2503,0.0684931506849315,0.24172230078280205,IM2504,0.14520547945205478,0.17539683543571113,IM2506,0.3178082191780822,0.14331264828234955,IM2509,0.5671232876712329,0.12776451812524497,0.12776451812524497,0.11918507722446482,IM2503,0.0684931506849315,0.24004720279503905,0.24004720279503905,False,False,356.6573249188993,636.7812527848607,IM2506,0.3178082191780822,0.14092760879558017,0.14092760879558017,False,False,56.79241364612265,74.65095256874956,0.10324637560201182,16.739159944486122,0.8164383561643835,0.09868087704696465
2025-02-25,6435.428,4,4,0.06575342465753424,0.5643835616438356,0.2103095533422458,0.1282581840713778,-0.1645535702410265,IM2503,0.06575342465753424,0.2103095533422458,IM2504,0.14246575342465753,0.15748982078929408,IM2506,0.3150684931506849,0.14043954817353055,IM2509,0.5643835616438356,0.1282581840713778,0.1282581840713778,0.12155229087228513,IM2503,0.06575342465753424,0.20912378477391153,0.20912378477391153,False,False,255.21343138341987,456.39215738964197,IM2506,0.3150684931506849,0.1381830384525486,0.1381830384525486,False,False,39.35063407448133,56.01424664441725,0.10833881625188686,14.103632511430725,0.8136986301369863,0.10452048089298925
2025-02-26,6524.406,4,4,0.06301369863013699,0.5616438356164384,0.2740272099491957,0.14162667899789497,-0.26552853734738885,IM2503,0.06301369863013699,0.2740272099491957,IM2504,0.13972602739726028,0.19523105689560236,IM2506,0.31232876712328766,0.15849666398704743,IM2509,0.5616438356164384,0.14162667899789497,0.14162667899789497,0.13236253550242183,IM2503,0.06301369863013699,0.2720048834963734,0.2720048834963734,False,False,410.30449351053625,732.2611485530965,IM2506,0.31232876712328766,0.1555439517298318,0.1555439517298318,False,False,60.91832897157863,78.16550438484997,0.11477571561843845,18.008584345040646,0.810958904109589,0.10935418885415181
2025-02-27,6499.53,4,4,0.06027397260273973,0.5589041095890411,0.23718940965841862,0.13556418036734652,-0.20380883896286434,IM2503,0.06027397260273973,0.23718940965841862,IM2504,0.136986301369863,0.17635512604618783,IM2506,0.3095890410958904,0.1523498668272558,IM2509,0.5589041095890411,0.13556418036734652,0.13556418036734652,0.1263700815034257,IM2503,0.06027397260273973,0.23577399372793742,0.23577399372793742,False,False,311.05320066284844,560.0767650838501,IM2506,0.3095890410958904,0.14967506745109882,0.14967506745109882,False,False,51.006419945607426,78.86632781056075,0.11154695031709716,16.235411658781544,0.8082191780821918,0.10567912129094802
2025-02-28,6270.419,4,4,0.057534246575342465,0.5561643835616439,0.13128402219073362,0.12431019423122398,-0.013985973655060541,IM2503,0.057534246575342465,0.13128402219073362,IM2504,0.13424657534246576,0.12867788675714745,IM2506,0.30684931506849317,0.13123824239111911,IM2509,0.5561643835616439,0.12431019423122398,0.12431019423122398,0.12052568404567117,IM2503,0.057534246575342465,0.1309285254036991,0.1309285254036991,False,False,18.47269424084035,36.80880076746428,IM2506,0.30684931506849317,0.1293611911853782,0.1293611911853782,False,False,14.356109399255827,28.091846073789572,0.10046957282016306,13.069040237342076,0.8054794520547945,0.09433981174765757
2025-03-03,6273.67,4,4,0.049315068493150684,0.547945205479452,0.20922060410185375,0.13021672684771082,-0.158441841745946,IM2503,0.049315068493150684,0.20922060410185375,IM2504,0.12602739726027398,0.1537580652415194,IM2506,0.29863013698630136,0.1421194270773419,IM2509,0.547945205479452,0.13021672684771082,0.13021672684771082,0.12377174525415625,IM2503,0.049315068493150684,0.2083404946564164,0.2083404946564164,False,False,238.26882560272108,428.07544004770176,IM2506,0.29863013698630136,0.13991949227500294,0.13991949227500294,False,False,32.946645111590946,53.165837957764765,0.10578464055582854,13.310593942675398,0.7972602739726027,0.09898656577921251
2025-03-04,6357.628,4,4,0.04657534246575343,0.5452054794520548,0.2865094301876896,0.13889058364146653,-0.29604878565588694,IM2503,0.04657534246575343,0.2865094301876896,IM2504,0.1232876712328767,0.1883921491410265,IM2506,0.2958904109589041,0.15581700289897077,IM2509,0.5452054794520548,0.13889058364146653,0.13889058364146653,0.12975444501588962,IM2503,0.04657534246575343,0.2848621929621621,0.2848621929621621,False,False,445.34026957633915,795.845212460777,IM2506,0.2958904109589041,0.15312416028255954,0.15312416028255954,False,False,54.39593421667379,77.6022397692461,0.11216935826956993,15.707185039780478,0.7945205479452054,0.10456613963854319
2025-03-05,6398.237,4,4,0.043835616438356165,0.5424657534246575,0.32594948517519257,0.1456680976443814,-0.3615533321359674,IM2503,0.043835616438356165,0.32594948517519257,IM2504,0.12054794520547946,0.20145682956282304,IM2506,0.29315068493150687,0.16631720445379503,IM2509,0.5424657534246575,0.1456680976443814,0.1456680976443814,0.13455929470663003,IM2503,0.043835616438356165,0.32390700789920757,0.32390700789920757,False,False,540.850718603812,966.8850474097403,IM2506,0.29315068493150687,0.16322360228323335,0.16322360228323335,False,False,63.960852351421664,95.23260050664865,0.11745663539827342,14.532476296307564,0.7917808219178082,0.10958246639525107
2025-03-06,6534.971,4,4,0.0410958904109589,0.5397260273972603,0.2413300954111067,0.13852895029587609,-0.20616713168713832,IM2503,0.0410958904109589,0.2413300954111067,IM2504,0.1178082191780822,0.16987356796657088,IM2506,0.29041095890410956,0.15276586242850185,IM2509,0.5397260273972603,0.13852895029587609,0.13852895029587609,0.13089592511876333,IM2503,0.0410958904109589,0.24032655793983654,0.24032655793983654,False,False,305.5411993377142,549.428183722197,IM2506,0.29041095890410956,0.15023893888423426,0.15023893888423426,False,False,38.680546785984085,63.20185621661922,0.11200300799317824,10.597496136881434,0.7890410958904109,0.10366633848332774
2025-03-07,6507.765,4,4,0.038356164383561646,0.536986301369863,0.24113614070568898,0.143005884096902,-0.1967996904516882,IM2503,0.038356164383561646,0.24113614070568898,IM2504,0.11506849315068493,0.17190643234829261,IM2506,0.2876712328767123,0.15782021204321744,IM2509,0.536986301369863,0.143005884096902,0.143005884096902,0.13509138012558275,IM2503,0.038356164383561646,0.24020095553981666,0.24020095553981666,False,False,289.2848591819195,521.9242192551034,IM2506,0.2876712328767123,0.15512389027715726,0.15512389027715726,False,False,37.933726469739646,65.07203318712378,0.1169161236743683,8.822095411275727,0.7863013698630137,0.1077300880338717
2025-03-10,6520.973,4,4,0.030136986301369864,0.5287671232876713,0.4995932778549073,0.16021147999371713,-0.6806283308754637,IM2503,0.030136986301369864,0.4995932778549073,IM2504,0.10684931506849316,0.2498102320584035,IM2506,0.27945205479452057,0.1886338721823419,IM2509,0.5287671232876713,0.16021147999371713,0.16021147999371713,0.14519891192033965,IM2503,0.030136986301369864,0.4961440160428947,0.4961440160428947,False,False,995.3635167291225,1776.3008070545566,IM2506,0.27945205479452057,0.18472211744967446,0.18472211744967446,False,False,87.68984972024262,129.6041925753361,0.12854035250471837,13.71725380837582,0.7780821917808219,0.11847999451384889
2025-03-11,6551.734,4,4,0.0273972602739726,0.5260273972602739,0.36555341028140675,0.15506446885107894,-0.42213441550587727,IM2503,0.0273972602739726,0.36555341028140675,IM2504,0.10410958904109589,0.22258219788104308,IM2506,0.27671232876712326,0.1791873096016807,IM2509,0.5260273972602739,0.15506446885107894,0.15506446885107894,0.142374467453058,IM2503,0.0273972602739726,0.36392284546350845,0.36392284546350845,False,False,610.3279947649532,1098.6522824544234,IM2506,0.27671232876712326,0.17573219862009998,0.17573219862009998,False,False,65.18173066461037,108.71792097676986,0.12653484359724104,11.51632902344085,0.7753424657534247,0.1157321704942544
2025-03-12,6566.968,4,4,0.024657534246575342,0.5232876712328767,0.3496854821288384,0.15595570886169877,-0.38852399583794484,IM2503,0.024657534246575342,0.3496854821288384,IM2504,0.10136986301369863,0.22271374404199473,IM2506,0.273972602739726,0.18076612593390495,IM2509,0.5232876712328767,0.15595570886169877,0.15595570886169877,0.1429585311691988,IM2503,0.024657534246575342,0.3483490612072062,0.3483490612072062,False,False,556.913044023781,1006.7706930956687,IM2506,0.273972602739726,0.17727702647553628,0.17727702647553628,False,False,64.16450919201777,111.57182641761548,0.1289649383351052,19.693057189707925,0.7726027397260274,0.11990754997850034
2025-03-13,6466.851,4,4,0.021917808219178082,0.5205479452054794,0.30912660392456864,0.14787466976474076,-0.3233898679578966,IM2503,0.021917808219178082,0.30912660392456864,IM2504,0.09863013698630137,0.19689702195743186,IM2506,0.27123287671232876,0.1689479096869147,IM2509,0.5205479452054794,0.14787466976474076,0.14787466976474076,0.13688283229216322,IM2503,0.021917808219178082,0.3082124352331582,0.3082124352331582,False,False,461.3432388947909,834.634943534228,IM2506,0.27123287671232876,0.16597930494168062,0.16597930494168062,False,False,52.107828553814976,94.24330640050943,0.12227107856741612,16.5239353955524,0.7698630136986301,0.11458278512219179
2025-03-14,6571.171,4,4,0.019178082191780823,0.5178082191780822,0.08646701385992092,0.1291739238086695,0.08564847324886388,IM2503,0.019178082191780823,0.08646701385992092,IM2504,0.0958904109589041,0.13196155782153887,IM2506,0.2684931506849315,0.1368565970838819,IM2509,0.5178082191780822,0.1291739238086695,0.1291739238086695,0.12518443867692589,IM2503,0.019178082191780823,0.08642466877560515,0.08642466877560515,False,False,131.56881441485174,221.35915619860648,IM2506,0.2684931506849315,0.13504242065338865,0.13504242065338865,False,False,16.144984622962625,30.387559004162057,0.1120986744158651,8.286410131227845,0.7671232876712328,0.10505331431521399
2025-03-17,6589.566,4,3,0.08767123287671233,0.5095890410958904,0.22604382126628594,0.1502466976241141,-0.17964902681423842,IM2504,0.08767123287671233,0.22604382126628594,IM2506,0.2602739726027397,0.16979346843904625,IM2509,0.5095890410958904,0.1502466976241141,,,,0.1502466976241141,0.14023938653852264,IM2504,0.08767123287671233,0.22419397688709597,0.22419397688709597,False,True,202.6982696261451,376.82723131272894,IM2506,0.2602739726027397,0.16691102490465076,0.16691102490465076,False,False,56.77487748381017,84.91958559396653,0.12078735841010059,30.717002731558065,0.7589041095890411,0.11272497936808176
2025-03-18,6611.926,4,3,0.08493150684931507,0.5068493150684932,0.21160299463814503,0.14824984279753622,-0.15015519754430007,IM2504,0.08493150684931507,0.21160299463814503,IM2506,0.25753424657534246,0.1651058062977777,IM2509,0.5068493150684932,0.14824984279753622,,,,0.14824984279753622,0.1396632734034647,IM2504,0.08493150684931507,0.21005242657663864,0.21005242657663864,False,False,168.01632433937237,313.2459725790107,IM2506,0.25753424657534246,0.16242798510938314,0.16242798510938314,False,False,46.524418490901105,71.86181719703103,0.11926855242926669,25.70566338040239,0.7561643835616438,0.11147351487461855
2025-03-19,6564.677,4,3,0.0821917808219178,0.5041095890410959,0.17908394518713466,0.14460617887256746,-0.08171678379751315,IM2504,0.0821917808219178,0.17908394518713466,IM2506,0.2547945205479452,0.15717221485957156,IM2509,0.5041095890410959,0.14460617887256746,,,,0.14460617887256746,0.1382378487876889,IM2504,0.0821917808219178,0.17804842086416955,0.17804842086416955,False,False,88.65585627672692,168.5855486699933,IM2506,0.2547945205479452,0.15480276530029202,0.15480276530029202,False,False,28.73056404225679,51.40196993702146,0.11724334886512928,12.545026748542025,0.7534246575342466,0.10748887795045174
2025-03-20,6535.062,4,3,0.07945205479452055,0.5013698630136987,0.1802183835053211,0.14502322702948903,-0.08341709164726432,IM2504,0.07945205479452055,0.1802183835053211,IM2506,0.25205479452054796,0.16080270323004192,IM2509,0.5013698630136987,0.14502322702948903,,,,0.14502322702948903,0.13706864176674458,IM2504,0.07945205479452055,0.17920293250205763,0.17920293250205763,False,False,88.77985254887766,171.36674250630364,IM2506,0.25205479452054796,0.15833345688094536,0.15833345688094536,False,False,34.64297277695105,66.73348117305522,0.11486558739779498,14.816053557247443,0.7506849315068493,0.1053879399861967
2025-03-21,6405.611,3,3,0.07671232876712329,0.4986301369863014,0.19911029135687672,0.1475824887706986,-0.12212758405165593,IM2504,0.07671232876712329,0.19911029135687672,IM2506,0.2493150684931507,0.16550606295118708,IM2509,0.4986301369863014,0.1475824887706986,,,,0.1475824887706986,0.13859614883911126,IM2504,0.07671232876712329,0.19788542286263902,0.19788542286263902,False,False,152.1305873192515,250.825589170773,IM2506,0.2493150684931507,0.1628984390695617,0.1628984390695617,False,False,47.06840512345193,76.36994395597685,0.11677408268257283,23.40536360001286,0.7479452054794521,0.10841333585323604
2025-03-24,6360.341,4,4,0.0684931506849315,0.4904109589041096,0.20559537208756493,0.14641627859156964,-0.14026213718206676,IM2504,0.0684931506849315,0.20559537208756493,IM2505,0.14520547945205478,0.16901002574192572,IM2506,0.2410958904109589,0.16434641726246554,IM2509,0.4904109589041096,0.14641627859156964,0.14641627859156964,0.13758049627137622,IM2504,0.0684931506849315,0.20442070951856275,0.20442070951856275,False,False,152.39501337368944,284.46008591593994,IM2506,0.2410958904109589,0.16186357911256083,0.16186357911256083,False,False,41.169081221403275,75.7552546097926,0.1172552068925633,25.646507430607095,0.7397260273972602,0.11046396645475907
2025-03-25,6310.764,4,4,0.06575342465753424,0.4876712328767123,0.16519838884510163,0.13967376538249102,-0.060496672492551126,IM2504,0.06575342465753424,0.16519838884510163,IM2505,0.14246575342465753,0.15267550696330215,IM2506,0.23835616438356164,0.1517937937760156,IM2509,0.4876712328767123,0.13967376538249102,0.13967376538249102,0.13373726856074628,IM2504,0.06575342465753424,0.16450746375557684,0.16450746375557684,False,False,62.98715452025956,121.10680302491235,IM2506,0.23835616438356164,0.1497452248654636,0.1497452248654636,False,False,25.282697252855193,49.11561062928977,0.11243360545353924,18.72604145940448,0.736986301369863,0.10552486897808214
2025-03-26,6334.908,4,4,0.06301369863013699,0.4849315068493151,0.2042076835590359,0.14317297144723076,-0.14466019429096674,IM2504,0.06301369863013699,0.2042076835590359,IM2505,0.13972602739726028,0.16782793755507824,IM2506,0.2356164383561644,0.15996657248636661,IM2509,0.4849315068493151,0.14317297144723076,0.14317297144723076,0.1349983834116821,IM2504,0.06301369863013699,0.20314270292686903,0.20314270292686903,False,False,156.00958987838035,290.8121225176975,IM2506,0.2356164383561644,0.15768379683596268,0.15768379683596268,False,False,38.86154388598561,70.36756421384995,0.1058551827806561,19.491919424484287,0.9835616438356164,0.10893581136167307
2025-03-27,6328.767,4,4,0.06027397260273973,0.4821917808219178,0.1446399491720151,0.13852794228534324,-0.014486250088540422,IM2504,0.06027397260273973,0.1446399491720151,IM2505,0.136986301369863,0.1427946617595259,IM2506,0.2328767123287671,0.14765164592400887,IM2509,0.4821917808219178,0.13852794228534324,0.13852794228534324,0.13411510775410243,IM2504,0.06027397260273973,0.14417293777904827,0.14417293777904827,False,False,14.2318665936201,27.219704298413554,IM2506,0.2328767123287671,0.1457729516479835,0.1457729516479835,False,False,17.72495091379132,34.934839666430385,0.10727395440744027,14.862125816560646,0.9808219178082191,0.10991448639754436
2025-03-28,6268.321,4,4,0.057534246575342465,0.4794520547945205,0.17519535492773697,0.14100696551389288,-0.0810309229613837,IM2504,0.057534246575342465,0.17519535492773697,IM2505,0.13424657534246576,0.14743070333316757,IM2506,0.23013698630136986,0.1536900805632411,IM2509,0.4794520547945205,0.14100696551389288,0.14100696551389288,0.1349126552267456,IM2504,0.057534246575342465,0.17450453919303746,0.17450453919303746,False,False,85.74621061946456,160.60480531096763,IM2506,0.23013698630136986,0.15165438787926072,0.15165438787926072,False,False,26.662573973899917,51.049285313408525,0.10444686995859255,25.20729286491841,0.9780821917808219,0.10824012661619457
2025-03-31,6226.649,4,4,0.049315068493150684,0.4712328767123288,0.1593690771269037,0.14220648668386962,-0.04067756825784053,IM2504,0.049315068493150684,0.1593690771269037,IM2505,0.12602739726027398,0.1490485371782506,IM2506,0.2219178082191781,0.1504326947754284,IM2509,0.4712328767123288,0.14220648668386962,0.14220648668386962,0.13833473262409726,IM2504,0.049315068493150684,0.1588912309726229,0.1588912309726229,False,False,40.89012945190223,78.62400048398892,IM2506,0.2219178082191781,0.14856306799458802,0.14856306799458802,False,False,15.356164137265536,29.954300971057435,0.10405287974463533,15.69156932372376,0.9698630136986301,0.10621303853687697
2025-04-01,6259.484,4,4,0.04657534246575343,0.4684931506849315,0.21116356024352909,0.1495045423211746,-0.14613988014064536,IM2504,0.04657534246575343,0.21116356024352909,IM2505,0.1232876712328767,0.17236342150007242,IM2506,0.2191780821917808,0.16460900449589436,IM2509,0.4684931506849315,0.1495045423211746,0.1495045423211746,0.1424468499246173,IM2504,0.04657534246575343,0.21031506712806786,0.21031506712806786,False,False,152.79815227896725,284.8931436158557,IM2506,0.2191780821917808,0.16234132557891393,0.16234132557891393,False,False,32.829847651405565,60.139450330778864,0.11964929586215879,18.872772388541787,0.7178082191780822,0.1111933256183362
2025-04-02,6277.253,4,4,0.043835616438356165,0.4657534246575342,0.159442575917359,0.14269231728552872,-0.039700288315701625,IM2504,0.043835616438356165,0.159442575917359,IM2505,0.12054794520547946,0.15677845180745162,IM2506,0.21643835616438356,0.15234111425573132,IM2509,0.4657534246575342,0.14269231728552872,0.14269231728552872,0.13821723923868326,IM2504,0.043835616438356165,0.15901726798330307,0.15901726798330307,False,False,38.721072282558396,76.03401694853838,IM2506,0.21643835616438356,0.1504637130568441,0.1504637130568441,False,False,18.70873564263226,36.19554194859107,0.1160635950625036,10.784281026429186,0.7150684931506849,0.1063521151016836
2025-04-03,6203.257,4,4,0.0410958904109589,0.46301369863013697,0.15711813128695323,0.1419862083324473,-0.03586462258697836,IM2504,0.0410958904109589,0.15711813128695323,IM2505,0.1178082191780822,0.1530261369433698,IM2506,0.2136986301369863,0.15116136038321223,IM2509,0.46301369863013697,0.1419862083324473,0.1419862083324473,0.13776312464880752,IM2504,0.0410958904109589,0.15673252615521158,0.15673252615521158,False,False,34.722633121950516,68.27747156293476,IM2506,0.2136986301369863,0.1493402535689446,0.1493402535689446,False,False,17.346729098933302,34.050236848439255,0.11422634610989442,20.32009951904772,0.7123287671232876,0.10681489373169577
2025-04-07,5496.443,4,4,0.030136986301369864,0.4520547945205479,-0.32566273591625006,0.10987783630073798,1.0322877198649392,IM2504,0.030136986301369864,-0.32566273591625006,IM2505,0.10684931506849316,0.01939214409299757,IM2506,0.20273972602739726,0.07762716200747084,IM2509,0.4520547945205479,0.10987783630073798,0.10987783630073798,0.12424815030165183,IM2504,0.030136986301369864,0.0,-0.32746942869977946,True,False,265.3061605948141,496.7080271129254,IM2506,0.20273972602739726,0.07729183105942936,0.07729183105942936,False,False,100.34229205495537,147.30659903605113,0.11422634610989442,130.05009890061737,0.7123287671232876,0.09213892290008875
2025-04-08,5530.019,4,4,0.0273972602739726,0.44931506849315067,0.46905941659962996,0.17525558720001488,-0.6963532320185682,IM2504,0.0273972602739726,0.46905941659962996,IM2505,0.10410958904109589,0.25920972933313524,IM2506,0.2,0.21960839846348795,IM2509,0.44931506849315067,0.17525558720001488,0.17525558720001488,0.15566236727922786,IM2504,0.0273972602739726,0.4663083219063121,0.4663083219063121,False,False,707.1289242910431,1307.7437942967865,IM2506,0.2,0.21567654288348723,0.21567654288348723,False,False,99.89991183283892,181.61744471477996,0.11422634610989442,140.35038460287265,0.7123287671232876,0.12156179283827233
2025-04-09,5652.33,4,4,0.024657534246575342,0.4465753424657534,0.43924316899058863,0.17496359546117254,-0.6263769112872525,IM2504,0.024657534246575342,0.43924316899058863,IM2505,0.10136986301369863,0.2644270534803529,IM2506,0.19726027397260273,0.22380374777296763,IM2509,0.4465753424657534,0.17496359546117254,0.17496359546117254,0.1535777404190907,IM2504,0.024657534246575342,0.437083653014677,0.437083653014677,False,False,628.0633539648662,1170.5635446909926,IM2506,0.19726027397260273,0.2197614012471156,0.2197614012471156,False,False,106.14243421169002,200.05595460571874,0.11115206202347301,39.343363090792394,0.9452054794520548,0.11487148807656716
2025-04-10,5784.585,4,4,0.021917808219178082,0.4438356164383562,0.33488198719058415,0.16709347744736006,-0.3976805588069922,IM2504,0.021917808219178082,0.33488198719058415,IM2505,0.09863013698630137,0.22965115122996654,IM2506,0.19452054794520549,0.2067693541732744,IM2509,0.4438356164383562,0.16709347744736006,0.16709347744736006,0.14987690628220565,IM2504,0.021917808219178082,0.33379789993577647,0.33379789993577647,False,False,393.39889227686524,739.8936011814644,IM2506,0.19452054794520549,0.20341736008013642,0.20341736008013642,False,False,82.96626704487394,161.2183283975271,0.11115206202347301,18.479459784463543,0.9452054794520548,0.11123078844333935
2025-04-11,5862.188,4,4,0.019178082191780823,0.4410958904109589,0.2623937365046879,0.160053034231003,-0.24256075538892843,IM2504,0.019178082191780823,0.2623937365046879,IM2505,0.0958904109589041,0.19759895457928267,IM2506,0.1917808219178082,0.19178914383334827,IM2509,0.4410958904109589,0.160053034231003,0.160053034231003,0.14640884801629608,IM2504,0.019178082191780823,0.2618312070510201,0.2618312070510201,False,False,236.31757971585068,448.9393376444601,IM2506,0.1917808219178082,0.1889900962380797,0.1889900962380797,False,False,64.3955625717581,127.6401913188865,0.12252237469087483,17.06007507941756,0.6904109589041096,0.10871232829695167
2025-04-14,5938.526,4,3,0.08767123287671233,0.4328767123287671,0.30102781581785093,0.18765969225338683,-0.3284076595319793,IM2505,0.08767123287671233,0.30102781581785093,IM2506,0.18356164383561643,0.2500241138689441,IM2509,0.4328767123287671,0.18765969225338683,,,,0.18765969225338683,0.16161928390215505,IM2505,0.08767123287671233,0.29759408437379886,0.29759408437379886,False,True,244.36223785127967,475.8803823294554,IM2506,0.18356164383561643,0.2452355239204766,0.2452355239204766,False,False,132.44479524852187,249.23236721644471,0.1368872685990687,44.91953486393856,0.6821917808219178,0.12086277846255394
2025-04-15,5914.029,4,3,0.08493150684931507,0.4301369863013699,0.2634553876336277,0.1850183864564051,-0.22721829706100197,IM2505,0.08493150684931507,0.2634553876336277,IM2506,0.18082191780821918,0.24290258137192564,IM2509,0.4301369863013699,0.1850183864564051,,,,0.1850183864564051,0.16109442957546977,IM2505,0.08493150684931507,0.260955678602142,0.260955678602142,False,False,164.5834739250897,326.63437991453924,IM2506,0.18082191780821918,0.23847021153712147,0.23847021153712147,False,False,116.25393899026471,229.91606952527331,0.1414254228579503,19.338347670315432,0.6794520547945205,0.12391245270089377
2025-04-16,5835.348,4,3,0.0821917808219178,0.4273972602739726,0.2761034985071802,0.1865541447840833,-0.25940884213436793,IM2505,0.0821917808219178,0.2761034985071802,IM2506,0.1780821917808219,0.24816282230964246,IM2509,0.4273972602739726,0.1865541447840833,,,,0.1865541447840833,0.16135607511120295,IM2505,0.0821917808219178,0.2734268735986264,0.2734268735986264,False,False,187.11639870280843,371.2916628785942,IM2506,0.1780821917808219,0.24358964445914527,0.24358964445914527,False,False,122.89383965493069,243.76816299478503,0.14160972276030637,19.090342877012205,0.6767123287671233,0.12476668289181223
2025-04-17,5839.564,4,3,0.07945205479452055,0.4246575342465753,0.21497374817184184,0.16621722467601183,-0.14123913552363457,IM2505,0.07945205479452055,0.21497374817184184,IM2506,0.17534246575342466,0.20437205682797824,IM2509,0.4246575342465753,0.16621722467601183,,,,0.16621722467601183,0.15077838848385683,IM2505,0.07945205479452055,0.21347134064496429,0.21347134064496429,False,False,100.96887781147333,200.66816370376992,IM2506,0.17534246575342466,0.20142370089616288,0.20142370089616288,False,False,75.39841287842506,149.5069538116006,0.11574491168219173,26.460135367162597,0.9232876712328767,0.11745329627401582
2025-04-18,5831.687,3,3,0.07671232876712329,0.42191780821917807,0.23066693989926296,0.1687228479860009,-0.17944121863762422,IM2505,0.07671232876712329,0.23066693989926296,IM2506,0.1726027397260274,0.211582771679266,IM2509,0.42191780821917807,0.1687228479860009,,,,0.1687228479860009,0.1515698458588122,IM2505,0.07671232876712329,0.22897380490903788,0.22897380490903788,False,False,147.78950093364057,254.20951688075803,IM2506,0.1726027397260274,0.20844979816221917,0.20844979816221917,False,False,97.32168297860153,167.61507745582438,0.1175889428265647,27.714308469205687,0.9205479452054794,0.11813718967113716
2025-04-21,5952.637,4,4,0.0684931506849315,0.663013698630137,0.2305715527077096,0.14736692348262156,-0.13995248694542456,IM2505,0.0684931506849315,0.2305715527077096,IM2506,0.1643835616438356,0.20957025764672524,IM2509,0.4136986301369863,0.16709609779002985,IM2512,0.663013698630137,0.14736692348262156,0.14736692348262156,0.13633486102856485,IM2505,0.0684931506849315,0.22906032066124662,0.22906032066124662,False,False,300.04688693353086,541.6384141706098,IM2506,0.1643835616438356,0.20664698519328464,0.20664698519328464,False,False,213.03759044158605,393.03492969809383,0.1224026134748466,24.417758533977914,0.9123287671232877,0.12235584249854595
2025-04-22,5949.312,4,4,0.06575342465753424,0.6602739726027397,0.22411026269187168,0.14843407580251125,-0.1272894387770348,IM2505,0.06575342465753424,0.22411026269187168,IM2506,0.16164383561643836,0.20975563451529594,IM2509,0.410958904109589,0.16741234560294777,IM2512,0.6602739726027397,0.14843407580251125,0.14843407580251125,0.137806473264859,IM2505,0.06575342465753424,0.22274669295093816,0.22274669295093816,False,False,270.60448910940954,490.6668693909833,IM2506,0.16164383561643836,0.20687499111134885,0.20687499111134885,False,False,209.37209843462665,385.8701531350659,0.12798899057187285,30.761560096306745,0.9095890410958904,0.12955931661308137
2025-04-23,5984.583,4,4,0.06301369863013699,0.6575342465753424,0.20345097966662481,0.14151977696897308,-0.10416999532093495,IM2505,0.06301369863013699,0.20345097966662481,IM2506,0.1589041095890411,0.1954920041142262,IM2509,0.40821917808219177,0.15997826551209138,IM2512,0.6575342465753424,0.14151977696897308,0.14151977696897308,0.1311693524886004,IM2505,0.06301369863013699,0.20239471394211045,0.20239471394211045,False,False,218.12915804870408,400.27355817953185,IM2506,0.1589041095890411,0.193067671519901,0.193067671519901,False,False,182.47416350273878,338.9450600608952,0.12161416266229753,30.314109917118692,0.9068493150684932,0.12397259544487399
2025-04-24,5920.478,4,4,0.06027397260273973,0.6547945205479452,0.17336998583560864,0.13968799389049874,-0.056654041750991306,IM2505,0.06027397260273973,0.17336998583560864,IM2506,0.15616438356164383,0.1877451407394261,IM2509,0.4054794520547945,0.1554854361335501,IM2512,0.6547945205479452,0.13968799389049874,0.13968799389049874,0.1308187871180037,IM2505,0.06027397260273973,0.17266327236661405,0.17266327236661405,False,False,114.04820176379906,215.92031659702917,IM2506,0.15616438356164383,0.1855670903243752,0.1855670903243752,False,False,162.16654707880332,300.41380952593187,0.1188921426794774,29.9059402016351,0.9041095890410958,0.12104798207095747
2025-04-25,5939.502,4,4,0.057534246575342465,0.6520547945205479,0.18022719184772082,0.13789990639388458,-0.07119566447304253,IM2505,0.057534246575342465,0.18022719184772082,IM2506,0.15342465753424658,0.18998826743254696,IM2509,0.40273972602739727,0.1551739003009689,IM2512,0.6520547945205479,0.13789990639388458,0.13789990639388458,0.128190793274771,IM2505,0.057534246575342465,0.17949092477225762,0.17949092477225762,False,False,144.39363940660922,271.1962294261043,IM2506,0.15342465753424658,0.18779073276802383,0.18779073276802383,False,False,175.43958514424884,325.31552539849724,0.11730912420634312,29.947978118170514,0.9013698630136986,0.11910132710726413
2025-04-28,5877.057,4,4,0.049315068493150684,0.6438356164383562,0.18927729861147433,0.13837098645619764,-0.08562582459297692,IM2505,0.049315068493150684,0.18927729861147433,IM2506,0.14520547945205478,0.19571741148649802,IM2509,0.39452054794520547,0.155378899353993,IM2512,0.6438356164383562,0.13837098645619764,0.13837098645619764,0.12878531343356542,IM2505,0.049315068493150684,0.18857270380207106,0.18857270380207106,False,False,174.44644862063123,323.21653633644587,IM2506,0.14520547945205478,0.1934946300824848,0.1934946300824848,False,False,192.7337677366568,354.90565074458834,0.11922787950996926,35.86704074394098,0.8931506849315068,0.12261855426470734
2025-04-29,5903.381,4,4,0.04657534246575343,0.6410958904109589,0.14906780775428646,0.13659512858644446,-0.020979391227015354,IM2505,0.04657534246575343,0.14906780775428646,IM2506,0.14246575342465753,0.17603353309765524,IM2509,0.3917808219178082,0.15010978394517763,IM2512,0.6410958904109589,0.13659512858644446,0.13659512858644446,0.12897296875398476,IM2505,0.04657534246575343,0.14868064628607702,0.14868064628607702,False,False,43.45411024530248,77.47975730723432,IM2506,0.14246575342465753,0.174312043973028,0.174312043973028,False,False,130.00294605413353,241.8015945331653,0.11552088097316604,27.91789763620983,0.8904109589041096,0.11709867868900736
2025-04-30,5950.117,4,4,0.043835616438356165,0.6383561643835617,0.19209058029714435,0.14305623477149984,-0.08247712496248961,IM2505,0.043835616438356165,0.19209058029714435,IM2506,0.13972602739726028,0.2011517579496428,IM2509,0.38904109589041097,0.16324404361777284,IM2512,0.6383561643835617,0.14305623477149984,0.14305623477149984,0.1316637828969088,IM2505,0.043835616438356165,0.191443109858178,0.191443109858178,False,False,164.03256185923556,308.8805998683845,IM2506,0.13972602739726028,0.1988783576630088,0.1988783576630088,False,False,191.19285402719174,356.34396256771436,0.11914182508015311,33.427908831783924,0.8876712328767123,0.12037723309068533
2025-05-06,6102.922,4,4,0.0273972602739726,0.6219178082191781,0.28002167763162716,0.14683928057453585,-0.22401647431261903,IM2505,0.0273972602739726,0.28002167763162716,IM2506,0.1232876712328767,0.2214701268969231,IM2509,0.3726027397260274,0.16869077903445934,IM2512,0.6219178082191781,0.14683928057453585,0.14683928057453585,0.13449218067702437,IM2505,0.0273972602739726,0.27909769123707817,0.27909769123707817,False,False,461.2077703276597,822.5386087780042,IM2506,0.1232876712328767,0.21898857920480974,0.21898857920480974,False,False,243.28579392353805,448.7093366869075,0.12488590968714688,23.92726477901367,0.8712328767123287,0.1245476563286209
2025-05-07,6111.495,4,4,0.024657534246575342,0.6191780821917808,0.32838063872908785,0.14966763666911437,-0.30060021083820426,IM2505,0.024657534246575342,0.32838063872908785,IM2506,0.12054794520547946,0.2349073266668859,IM2509,0.3698630136986301,0.1735875195961975,IM2512,0.6191780821917808,0.14966763666911437,0.14966763666911437,0.13615396504103322,IM2505,0.024657534246575342,0.32721115609919466,0.32721115609919466,False,False,621.2311821804143,1099.310558662963,IM2506,0.12054794520547946,0.23214744807642299,0.23214744807642299,False,False,277.62265076586704,510.696914467171,0.12488996070589582,23.618851600597893,0.8684931506849315,0.12181110328962184
2025-05-08,6158.077,4,4,0.021917808219178082,0.6164383561643836,0.24636375306669114,0.1476165508723893,-0.16609552442820355,IM2505,0.021917808219178082,0.24636375306669114,IM2506,0.1178082191780822,0.21418551388784085,IM2509,0.36712328767123287,0.16912579768167654,IM2512,0.6164383561643836,0.1476165508723893,0.1476165508723893,0.13546801948168546,IM2505,0.021917808219178082,0.24580314033098216,0.24580314033098216,False,False,334.2788239135519,605.2597980324209,IM2506,0.1178082191780822,0.21198119802659177,0.21198119802659177,False,False,213.44910525907227,396.7683728683719,0.12621893728406242,15.057216372252512,0.8657534246575342,0.12296313918060707
2025-05-09,6082.082,4,4,0.019178082191780823,0.6136986301369863,0.24236482458659997,0.14852084910855662,-0.15784816151836784,IM2505,0.019178082191780823,0.24236482458659997,IM2506,0.11506849315068493,0.21782044289897595,IM2509,0.3643835616438356,0.16951015757582613,IM2512,0.6136986301369863,0.14852084910855662,0.14852084910855662,0.1366704049813037,IM2505,0.019178082191780823,0.24189135703389977,0.24189135703389977,False,False,315.70287436493027,573.0135280897773,IM2506,0.11506849315068493,0.21558594604689088,0.21558594604689088,False,False,222.27067756638928,411.5775812106003,0.1274236377000836,18.194286628798782,0.863013698630137,0.12526531240781585
2025-05-12,6167.461,4,3,0.10684931506849316,0.6054794520547945,0.22009530340541597,0.1495422666746311,-0.1414937275095411,IM2506,0.10684931506849316,0.22009530340541597,IM2509,0.3561643835616438,0.17154358270965914,IM2512,0.6054794520547945,0.1495422666746311,,,,0.1495422666746311,0.13714230773512412,IM2506,0.10684931506849316,0.21797144300485338,0.21797144300485338,False,True,223.06402245991518,414.3246018898381,IM2506,0.10684931506849316,0.21797144300485338,0.21797144300485338,False,False,223.06402245991518,414.3246018898381,0.12826235770405864,19.9543180031565,0.8547945205479452,0.1267577108078069
2025-05-13,6151.01,4,3,0.10410958904109589,0.6027397260273972,0.26420088740943537,0.15802376078650388,-0.21293764405148352,IM2506,0.10410958904109589,0.26420088740943537,IM2509,0.35342465753424657,0.1851812875957718,IM2512,0.6027397260273972,0.15802376078650388,,,,0.15802376078650388,0.14273002184423814,IM2506,0.10410958904109589,0.2611227886494291,0.2611227886494291,False,False,338.5974359294929,621.4187980779051,IM2506,0.10410958904109589,0.2611227886494291,0.2611227886494291,False,False,338.5974359294929,621.4187980779051,0.13465170184093653,21.03906828570806,0.852054794520548,0.1311254386949288
2025-05-14,6160.37,4,3,0.10136986301369863,0.6,0.20976313793228993,0.14886641697697853,-0.12212803927850914,IM2506,0.10136986301369863,0.20976313793228993,IM2509,0.3506849315068493,0.16887474993237409,IM2512,0.6,0.14886641697697853,,,,0.14886641697697853,0.13760898129218455,IM2506,0.10136986301369863,0.20794961815429722,0.20794961815429722,False,False,190.044498924852,354.4992070639125,IM2506,0.10136986301369863,0.20794961815429722,0.20794961815429722,False,False,190.044498924852,354.4992070639125,0.1295015047480612,15.39445422122181,0.8493150684931506,0.12703088943851618
2025-05-15,6057.036,4,3,0.09863013698630137,0.5972602739726027,0.20247397663335498,0.14998166088707854,-0.10527305080984012,IM2506,0.09863013698630137,0.20247397663335498,IM2509,0.34794520547945207,0.16910852379690278,IM2512,0.5972602739726027,0.14998166088707854,,,,0.14998166088707854,0.13923111433692023,IM2506,0.09863013698630137,0.20084175164222245,0.20084175164222245,False,False,161.64439342675053,303.767117386887,IM2506,0.09863013698630137,0.20084175164222245,0.20084175164222245,False,False,161.64439342675053,303.767117386887,0.1269156731787615,15.648481930724166,0.8465753424657534,0.12282207628887075
2025-05-16,6068.117,3,3,0.0958904109589041,0.5945205479452055,0.25342819506895836,0.16099382270622226,-0.18537662589230042,IM2506,0.0958904109589041,0.25342819506895836,IM2509,0.3452054794520548,0.18608314601887385,IM2512,0.5945205479452055,0.16099382270622226,,,,0.16099382270622226,0.14690784645650595,IM2506,0.0958904109589041,0.25083510561372313,0.25083510561372313,False,False,334.2952974208662,534.1248874226761,IM2506,0.0958904109589041,0.25083510561372313,0.25083510561372313,False,False,334.2952974208662,534.1248874226761,0.1354416250369982,26.93793176903453,0.8438356164383561,0.13214498248651813
2025-05-19,6095.337,4,4,0.08767123287671233,0.5863013698630137,0.2466765367778011,0.16791654394351221,-0.15795273288195297,IM2506,0.08767123287671233,0.2466765367778011,IM2507,0.1643835616438356,0.22639870366218906,IM2509,0.336986301369863,0.19359199987683146,IM2512,0.5863013698630137,0.16791654394351221,0.16791654394351221,0.15355946903610476,IM2506,0.08767123287671233,0.2444390107142573,0.2444390107142573,False,False,240.58891161757623,448.6522709298476,IM2506,0.08767123287671233,0.2444390107142573,0.2444390107142573,False,False,240.58891161757623,448.6522709298476,0.14376713509099145,11.064868618661635,0.8356164383561644,0.13722251255627288
2025-05-20,6146.017,4,4,0.08493150684931507,0.5835616438356165,0.265099185495479,0.17710664021080416,-0.17646856609289183,IM2506,0.08493150684931507,0.265099185495479,IM2507,0.16164383561643836,0.24552533748506716,IM2509,0.33424657534246577,0.20556234539525126,IM2512,0.5835616438356165,0.17710664021080416,0.17710664021080416,0.1612197638916596,IM2506,0.08493150684931507,0.2625657241944061,0.2625657241944061,False,False,267.28909137604984,498.7064353015669,IM2506,0.08493150684931507,0.2625657241944061,0.2625657241944061,False,False,267.28909137604984,498.7064353015669,0.15073130078941593,11.568614743677601,0.8328767123287671,0.14395729846047522
2025-05-21,6132.181,4,4,0.0821917808219178,0.5808219178082191,0.28390733252168593,0.17907167581493763,-0.21024733350529193,IM2506,0.0821917808219178,0.28390733252168593,IM2507,0.1589041095890411,0.25288368396788924,IM2509,0.3315068493150685,0.20992152288981894,IM2512,0.5808219178082191,0.17907167581493763,0.17907167581493763,0.1618769379285225,IM2506,0.0821917808219178,0.2810657067471847,0.2810657067471847,False,False,319.6002386410828,592.4036865105862,IM2506,0.0821917808219178,0.2810657067471847,0.2810657067471847,False,False,319.6002386410828,592.4036865105862,0.15341903208426877,18.311157206375942,0.8301369863013699,0.14844148635351764
2025-05-22,6066.103,4,4,0.07945205479452055,0.5780821917808219,0.26323058104127023,0.1764364420313463,-0.17406516889352874,IM2506,0.07945205479452055,0.26323058104127023,IM2507,0.15616438356164383,0.24200439659241424,IM2509,0.3287671232876712,0.20497181487873462,IM2512,0.5780821917808219,0.1764364420313463,0.1764364420313463,0.1605600702047699,IM2506,0.07945205479452055,0.2608954116523154,0.2608954116523154,False,False,261.2748418759879,488.2422627403962,IM2506,0.07945205479452055,0.2608954116523154,0.2608954116523154,False,False,261.2748418759879,488.2422627403962,0.15280934285829278,15.501549067580934,0.8273972602739726,0.1477727640097833
2025-05-23,5989.675,4,4,0.07671232876712329,0.5753424657534246,0.2786528471616309,0.1783190262227172,-0.20121892660826105,IM2506,0.07671232876712329,0.2786528471616309,IM2507,0.15342465753424658,0.25225387267356253,IM2509,0.32602739726027397,0.20787679811089282,IM2512,0.5753424657534246,0.1783190262227172,0.1783190262227172,0.16190496322475245,IM2506,0.07671232876712329,0.27610365814028826,0.27610365814028826,False,False,303.04140475141486,562.5965124024641,IM2506,0.07671232876712329,0.27610365814028826,0.27610365814028826,False,False,303.04140475141486,562.5965124024641,0.15299622103656563,25.6550883268778,0.8246575342465754,0.14915528202222442
2025-05-26,6028.786,4,4,0.0684931506849315,0.5671232876712329,0.27352866053721736,0.1834689985936143,-0.18061415719458856,IM2506,0.0684931506849315,0.27352866053721736,IM2507,0.14520547945205478,0.24688980558558155,IM2509,0.3178082191780822,0.2131725371362552,IM2512,0.5671232876712329,0.1834689985936143,0.1834689985936143,0.16707861911417662,IM2506,0.0684931506849315,0.2713400873741415,0.2713400873741415,False,False,266.3534194790041,498.33740760463303,IM2506,0.0684931506849315,0.2713400873741415,0.2713400873741415,False,False,266.3534194790041,498.33740760463303,0.15723730427861443,13.352413111307877,0.8164383561643835,0.15031739498082794
2025-05-27,6008.46,4,4,0.06575342465753424,0.5643835616438356,0.25842071744210715,0.1808601387506911,-0.1555473144086091,IM2506,0.06575342465753424,0.25842071744210715,IM2507,0.14246575342465753,0.2395909666022663,IM2509,0.3150684931506849,0.20581322112845127,IM2512,0.5643835616438356,0.1808601387506911,0.1808601387506911,0.16712335984726362,IM2506,0.06575342465753424,0.2565615870511469,0.2565615870511469,False,False,228.4136172648538,427.2465301340798,IM2506,0.06575342465753424,0.2565615870511469,0.2565615870511469,False,False,228.4136172648538,427.2465301340798,0.15814210664750783,17.904954236910825,0.8136986301369863,0.15389055218760467
2025-05-28,5984.456,4,4,0.06301369863013699,0.5616438356164384,0.24824554452670147,0.17640051633629208,-0.14408480928296388,IM2506,0.06301369863013699,0.24824554452670147,IM2507,0.13972602739726028,0.23272037700891648,IM2509,0.31232876712328766,0.2013004031965437,IM2512,0.5616438356164384,0.17640051633629208,0.17640051633629208,0.16272675639858356,IM2506,0.06301369863013699,0.24661200370048558,0.24661200370048558,False,False,209.7074754299758,394.33849067560857,IM2506,0.06301369863013699,0.24661200370048558,0.24661200370048558,False,False,209.7074754299758,394.33849067560857,0.1543607184776924,12.798408666810673,0.810958904109589,0.14937243576597506
2025-05-29,6089.578,4,4,0.06027397260273973,0.5589041095890411,0.1803669131162502,0.16421625343499346,-0.03239005925087201,IM2506,0.06027397260273973,0.1803669131162502,IM2507,0.136986301369863,0.1993366736495753,IM2509,0.3095890410958904,0.18562554345417775,IM2512,0.5589041095890411,0.16421625343499346,0.16421625343499346,0.1524896475846542,IM2506,0.06027397260273973,0.17959435493350764,0.17959435493350764,False,False,46.009381121711705,85.94884125197,IM2506,0.06027397260273973,0.17959435493350764,0.17959435493350764,False,False,46.009381121711705,85.94884125197,0.143880552903246,12.21105668697454,0.8082191780821918,0.13835029759830655
2025-05-30,6026.56,4,4,0.057534246575342465,0.5561643835616439,0.19554207333649257,0.16773014750581688,-0.055776664440640784,IM2506,0.057534246575342465,0.19554207333649257,IM2507,0.13424657534246576,0.206938914013792,IM2509,0.30684931506849317,0.19025466479250144,IM2512,0.5561643835616439,0.16773014750581688,0.16773014750581688,0.15542592225669435,IM2506,0.057534246575342465,0.1946585906703796,0.1946585906703796,False,False,75.63833962444151,149.76640992893707,IM2506,0.057534246575342465,0.1946585906703796,0.1946585906703796,False,False,75.63833962444151,149.76640992893707,0.1456127093394448,12.26811069714947,0.8054794520547945,0.13985774095875952
2025-06-03,6070.037,4,4,0.04657534246575343,0.5452054794520548,0.276329200084461,0.17794647485618892,-0.19730601488087532,IM2506,0.04657534246575343,0.276329200084461,IM2507,0.1232876712328767,0.23699420906692498,IM2509,0.2958904109589041,0.20599720459223814,IM2512,0.5452054794520548,0.17794647485618892,0.17794647485618892,0.16280592141021902,IM2506,0.04657534246575343,0.27480516258894105,0.27480516258894105,False,False,283.94201264351125,528.0788728443201,IM2506,0.04657534246575343,0.27480516258894105,0.27480516258894105,False,False,283.94201264351125,528.0788728443201,0.1535092638570213,14.741701867325464,0.7945205479452054,0.14648309793136727
2025-06-04,6123.172,4,4,0.043835616438356165,0.5424657534246575,0.27917400575143025,0.1793844323574195,-0.20012744114732928,IM2506,0.043835616438356165,0.27917400575143025,IM2507,0.12054794520547946,0.24016213919749493,IM2509,0.29315068493150687,0.20696433934603578,IM2512,0.5424657534246575,0.1793844323574195,0.1793844323574195,0.16454699872864983,IM2506,0.043835616438356165,0.27770732065014514,0.27770732065014514,False,False,287.0271007262432,533.3679967660178,IM2506,0.043835616438356165,0.27770732065014514,0.27770732065014514,False,False,287.0271007262432,533.3679967660178,0.15356528567759928,12.533992994642832,0.7917808219178082,0.1463351838721164
2025-06-05,6167.015,4,4,0.0410958904109589,0.5397260273972603,0.27948814669359157,0.1797387376369085,-0.20004689178950175,IM2506,0.0410958904109589,0.27948814669359157,IM2507,0.1178082191780822,0.2406116610455039,IM2509,0.29041095890410956,0.20702088052784443,IM2512,0.5397260273972603,0.1797387376369085,0.1797387376369085,0.16511159927767963,IM2506,0.0410958904109589,0.2781094743567186,0.2781094743567186,False,False,285.6843978508775,530.9324694192482,IM2506,0.0410958904109589,0.2781094743567186,0.2781094743567186,False,False,285.6843978508775,530.9324694192482,0.15237943714972124,16.84686138175857,0.7890410958904109,0.14530205912583555
2025-06-06,6152.845,4,4,0.038356164383561646,0.536986301369863,0.24403227977476125,0.1751511113230254,-0.1381408048619977,IM2506,0.038356164383561646,0.24403227977476125,IM2507,0.11506849315068493,0.22963433844314457,IM2509,0.2876712328767123,0.2009245999229438,IM2512,0.536986301369863,0.1751511113230254,0.1751511113230254,0.16138171330389098,IM2506,0.038356164383561646,0.24307247413885255,0.24307247413885255,False,False,192.33237363592247,364.7284140247163,IM2506,0.038356164383561646,0.24307247413885255,0.24307247413885255,False,False,192.33237363592247,364.7284140247163,0.14893126435309184,14.32374162532633,0.7863013698630137,0.14097084204790325
2025-06-09,6218.964,4,4,0.030136986301369864,0.5287671232876713,0.2941190839917514,0.1731500471000421,-0.24260273882128514,IM2506,0.030136986301369864,0.2941190839917514,IM2507,0.10684931506849316,0.23673516898918345,IM2509,0.27945205479452057,0.2007740023091602,IM2512,0.5287671232876713,0.1731500471000421,0.1731500471000421,0.15855920952097333,IM2506,0.030136986301369864,0.2929899297462628,0.2929899297462628,False,False,343.35281034900095,633.6739000197433,IM2506,0.030136986301369864,0.2929899297462628,0.2929899297462628,False,False,343.35281034900095,633.6739000197433,0.14625877474179452,18.472175912603664,0.7780821917808219,0.13944687376100612
2025-06-10,6161.692,4,4,0.0273972602739726,0.5260273972602739,0.3048059970623779,0.17461126699600568,-0.26110481579244976,IM2506,0.0273972602739726,0.3048059970623779,IM2507,0.10410958904109589,0.24345833892236524,IM2509,0.27671232876712326,0.20413688709007466,IM2512,0.5260273972602739,0.17461126699600568,0.17461126699600568,0.1590790929811429,IM2506,0.0273972602739726,0.30369772458603805,0.30369772458603805,False,False,367.7342249673214,679.0301330763338,IM2506,0.0273972602739726,0.30369772458603805,0.30369772458603805,False,False,367.7342249673214,679.0301330763338,0.1462126196360104,16.30208897859523,0.7753424657534247,0.13787962772380444
2025-06-11,6186.512,4,4,0.024657534246575342,0.5232876712328767,0.29964850268944804,0.17169884154118892,-0.2566023424127175,IM2506,0.024657534246575342,0.29964850268944804,IM2507,0.10136986301369863,0.23815989721175637,IM2509,0.273972602739726,0.20088291975762235,IM2512,0.5232876712328767,0.17169884154118892,0.17169884154118892,0.1564104790252792,IM2506,0.024657534246575342,0.29868656486526923,0.29868656486526923,False,False,359.5620869980066,664.5111001342277,IM2506,0.024657534246575342,0.29868656486526923,0.29868656486526923,False,False,359.5620869980066,664.5111001342277,0.14482199185886488,19.088881940162675,0.7726027397260274,0.13774534072536607
2025-06-12,6192.22,4,4,0.021917808219178082,0.5205479452054794,0.2817279641039939,0.17258875060151088,-0.2188780930132215,IM2506,0.021917808219178082,0.2817279641039939,IM2507,0.09863013698630137,0.23917103429302766,IM2509,0.27123287671232876,0.20035332717696672,IM2512,0.5205479452054794,0.17258875060151088,0.17258875060151088,0.1581067006490866,IM2506,0.021917808219178082,0.28097869584737034,0.28097869584737034,False,False,303.26079456305314,564.2216327866646,IM2506,0.021917808219178082,0.28097869584737034,0.28097869584737034,False,False,303.26079456305314,564.2216327866646,0.1483761614010898,10.698703314157493,0.7698630136986301,0.1403504872653508
2025-06-13,6106.008,4,4,0.019178082191780823,0.5178082191780822,0.20656492845405844,0.16989653787918313,-0.07353825582323895,IM2506,0.019178082191780823,0.20656492845405844,IM2507,0.0958904109589041,0.22177983411184168,IM2509,0.2684931506849315,0.19470917809361166,IM2512,0.5178082191780822,0.16989653787918313,0.16989653787918313,0.15701174430945672,IM2506,0.019178082191780823,0.20623156546329913,0.20623156546329913,False,False,95.62714689524942,188.14575927117588,IM2506,0.019178082191780823,0.20623156546329913,0.20623156546329913,False,False,95.62714689524942,188.14575927117588,0.14702362624700602,14.980998531514839,0.7671232876712328,0.14076705318336527
2025-06-16,6147.46,4,3,0.08767123287671233,0.5095890410958904,0.22643784146747742,0.16933458481580416,-0.13534213427182298,IM2507,0.08767123287671233,0.22643784146747742,IM2509,0.2602739726027397,0.1936507379219007,IM2512,0.5095890410958904,0.16933458481580416,,,,0.16933458481580416,0.15688550507565147,IM2507,0.08767123287671233,0.22458093667953957,0.22458093667953957,False,True,146.49878005439527,281.52935470287173,IM2512,0.5095890410958904,0.16379389281118953,0.16379389281118953,False,True,50.34574132569352,77.70959686349437,0.14955007972292153,12.857961486002669,0.7589041095890411,0.14374650539228773
2025-06-17,6141.468,4,3,0.08493150684931507,0.5068493150684932,0.2188850210757397,0.1673175604082217,-0.12222157885483159,IM2507,0.08493150684931507,0.2188850210757397,IM2509,0.25753424657534246,0.19052212197024063,IM2512,0.5068493150684932,0.1673175604082217,,,,0.1673175604082217,0.15549696183440387,IM2507,0.08493150684931507,0.21721469556390716,0.21721469556390716,False,False,131.04748672654233,252.90328777539227,IM2512,0.5068493150684932,0.16195199284953052,0.16195199284953052,False,False,46.20803989592681,73.57786677662173,0.1495055718690444,9.382575738658234,0.7561643835616438,0.14415225786295985
2025-06-18,6135.386,4,3,0.0821917808219178,0.5041095890410959,0.21910248780279792,0.16949675104210038,-0.11757203842632859,IM2507,0.0821917808219178,0.21910248780279792,IM2509,0.2547945205479452,0.19354517645808664,IM2512,0.5041095890410959,0.16949675104210038,,,,0.16949675104210038,0.15730927113762058,IM2507,0.0821917808219178,0.21748222306904072,0.21748222306904072,False,False,124.79188788898126,241.89936583443875,IM2512,0.5041095890410959,0.16400239393888683,0.16400239393888683,False,False,46.34519539359105,75.27339107631796,0.1476419263123672,14.819039281148667,0.7534246575342466,0.14178869869689897
2025-06-19,6048.224,4,3,0.07945205479452055,0.5013698630136987,0.18131443083163393,0.1624229922985839,-0.04477516275690429,IM2507,0.07945205479452055,0.18131443083163393,IM2509,0.25205479452054796,0.18215842949436392,IM2512,0.5013698630136987,0.1624229922985839,,,,0.1624229922985839,0.1524741691642729,IM2507,0.07945205479452055,0.1802850688069761,0.1802850688069761,False,False,45.01913816811927,89.55506852152817,IM2512,0.5013698630136987,0.15745692507817907,0.15745692507817907,False,False,35.035404696070806,62.2613261996996,0.14068903511710013,15.129517170973608,0.7506849315068493,0.13505338121376617
2025-06-20,5999.591,3,3,0.07671232876712329,0.4986301369863014,0.16154140954833643,0.15129251270946018,-0.024291216533700213,IM2507,0.07671232876712329,0.16154140954833643,IM2509,0.2493150684931507,0.16415111983843064,IM2512,0.4986301369863014,0.15129251270946018,,,,0.15129251270946018,0.1448455946146613,IM2507,0.07671232876712329,0.16077575692838333,0.16077575692838333,False,False,27.731795924656222,47.286313639560525,IM2512,0.4986301369863014,0.147087156697592,0.147087156697592,False,False,28.122136941317702,42.54303139222787,0.1349159347203087,22.62331309746645,0.7479452054794521,0.13307326018416712
2025-06-23,6078.222,4,4,0.0684931506849315,0.4904109589041096,0.20570387739114507,0.15960833961689355,-0.10925241095845327,IM2507,0.0684931506849315,0.20570387739114507,IM2508,0.14520547945205478,0.19048572812018405,IM2509,0.2410958904109589,0.17788510754979517,IM2512,0.4904109589041096,0.15960833961689355,0.15960833961689355,0.15060174206982946,IM2507,0.0684931506849315,0.20452784383327918,0.20452784383327918,False,False,115.18488806117948,220.29017136254728,IM2512,0.4904109589041096,0.1549363929049164,0.1549363929049164,False,False,43.1852728035969,55.32840791094,0.132996142795931,17.276305301449856,0.9972602739726028,0.13595828259690415
2025-06-24,6194.666,4,4,0.06575342465753424,0.4876712328767123,0.16917745987354735,0.1482835018521952,-0.049521394011646354,IM2507,0.06575342465753424,0.16917745987354735,IM2508,0.14246575342465753,0.16779084021576093,IM2509,0.23835616438356164,0.15745317133202227,IM2512,0.4876712328767123,0.1482835018521952,0.1482835018521952,0.1437921168524268,IM2507,0.06575342465753424,0.16844821065951557,0.16844821065951557,False,False,50.88760454072774,98.33748404665727,IM2512,0.4876712328767123,0.14435316905134304,0.14435316905134304,False,False,26.094672439369667,33.39065480958144,0.12733550650635295,11.677395502411038,0.9945205479452055,0.12939468267163576
2025-06-25,6276.163,4,4,0.06301369863013699,0.4849315068493151,0.11424765551995947,0.13074507870440333,0.03910103546962344,IM2507,0.06301369863013699,0.11424765551995947,IM2508,0.13972602739726028,0.13166395196350036,IM2509,0.2356164383561644,0.127216931701969,IM2512,0.4849315068493151,0.13074507870440333,0.13074507870440333,0.1324624678579592,IM2507,0.06301369863013699,0.11396834533677759,0.11396834533677759,False,False,45.28948086929815,81.35566591971896,IM2512,0.4849315068493151,0.12782389028686195,0.12782389028686195,False,False,8.727677361979566,14.165763011091618,0.11747067906423866,8.201779863106363,0.9917808219178083,0.11878320179005476
2025-06-26,6247.791,4,4,0.06027397260273973,0.4821917808219178,0.1158498669693494,0.12707473417278606,0.026604393047106357,IM2507,0.06027397260273973,0.1158498669693494,IM2508,0.136986301369863,0.12733397436501245,IM2509,0.2328767123287671,0.12434667614908519,IM2512,0.4821917808219178,0.12707473417278606,0.12707473417278606,0.1283942058618047,IM2507,0.06027397260273973,0.11557352496120771,0.11557352496120771,False,False,30.629046605500417,55.457885513364324,IM2512,0.4821917808219178,0.12435753412686197,0.12435753412686197,False,False,7.32437737434183,13.102115289934552,0.11270179140153654,20.430072340073746,0.989041095890411,0.11606835028618785
2025-06-27,6276.937,4,4,0.057534246575342465,0.4794520547945205,0.14989980881596032,0.13402196676834557,-0.03763254771025574,IM2507,0.057534246575342465,0.14989980881596032,IM2508,0.13424657534246576,0.14317034174741722,IM2509,0.23013698630136986,0.13655851397463553,IM2512,0.4794520547945205,0.13402196676834557,0.13402196676834557,0.13280314113497546,IM2507,0.057534246575342465,0.1494156005434773,0.1494156005434773,False,False,39.978323324246766,73.8050934424125,IM2512,0.4794520547945205,0.1309613130462471,0.1309613130462471,False,False,13.862064484511738,16.390202913900627,0.11489474458445252,19.817905153834957,0.9863013698630136,0.11821244755155678
2025-06-30,6356.181,4,4,0.049315068493150684,0.4712328767123288,0.2548197464104357,0.1518773183466692,-0.2439869236576284,IM2507,0.049315068493150684,0.2548197464104357,IM2508,0.12602739726027398,0.19108470575424166,IM2509,0.2219178082191781,0.16961986123359546,IM2512,0.4712328767123288,0.1518773183466692,0.1518773183466692,0.14352659810125845,IM2507,0.049315068493150684,0.2534653553062047,0.2534653553062047,False,False,259.79395313228474,478.71622896000383,IM2512,0.4712328767123288,0.14786314740557804,0.14786314740557804,False,False,45.92976608432106,54.47100504215206,0.12373643809054949,24.727050999218434,0.9780821917808219,0.12765772087692603
2025-07-01,6373.768,4,4,0.04657534246575343,0.4684931506849315,0.31497625823060427,0.1663507660000752,-0.35226171859833183,IM2507,0.04657534246575343,0.31497625823060427,IM2508,0.1232876712328767,0.23060914767393778,IM2509,0.2191780821917808,0.19538967231122895,IM2512,0.4684931506849315,0.1663507660000752,0.1663507660000752,0.15278208239480331,IM2507,0.04657534246575343,0.3129592224955561,0.3129592224955561,False,False,370.2954417111956,686.850577006225,IM2512,0.4684931506849315,0.16144627338085615,0.16144627338085615,False,False,67.90970256636247,85.26929707366187,0.1304153728788575,23.3446236324082,0.9753424657534246,0.13392075566491496
2025-07-02,6309.484,4,4,0.043835616438356165,0.4657534246575342,0.19160331685175258,0.15057608009051612,-0.0972398793366968,IM2507,0.043835616438356165,0.19160331685175258,IM2508,0.12054794520547946,0.18020755376032552,IM2509,0.21643835616438356,0.1631452286813185,IM2512,0.4657534246575342,0.15057608009051612,0.15057608009051612,0.1447465532489894,IM2507,0.043835616438356165,0.19095950318599947,0.19095950318599947,False,False,98.95578669352064,188.08717606115576,IM2512,0.4657534246575342,0.14668478865448023,0.14668478865448023,False,False,30.07695493275728,40.411004511156555,0.12417636719897757,22.460144747978358,0.9726027397260274,0.12794235116809022
2025-07-03,6342.638,4,4,0.0410958904109589,0.46301369863013697,0.2638281692354249,0.15605731196811765,-0.2554309279387477,IM2507,0.0410958904109589,0.2638281692354249,IM2508,0.1178082191780822,0.2026733531096267,IM2509,0.2136986301369863,0.17514512753587566,IM2512,0.46301369863013697,0.15605731196811765,0.15605731196811765,0.14727168726843723,IM2507,0.0410958904109589,0.26261061932485197,0.26261061932485197,False,False,266.140479029391,493.35640940515316,IM2512,0.46301369863013697,0.15186034360395526,0.15186034360395526,False,False,46.24489023475177,59.86190160942075,0.12588326732903557,23.063069538884154,0.9698630136986301,0.12944684023203465
2025-07-04,6312.197,4,4,0.038356164383561646,0.4602739726027397,0.22815873207200105,0.15489499297416182,-0.1736445764331904,IM2507,0.038356164383561646,0.22815873207200105,IM2508,0.11506849315068493,0.19494327583130358,IM2509,0.21095890410958903,0.1726222358017988,IM2512,0.4602739726027397,0.15489499297416182,0.15489499297416182,0.14679911621810504,IM2507,0.038356164383561646,0.22732995183768867,0.22732995183768867,False,False,177.38633024729475,333.3992627143149,IM2512,0.4602739726027397,0.15079260996418456,0.15079260996418456,False,False,38.532014211828944,50.80350592928804,0.1251055046234532,26.306808762490984,0.9671232876712329,0.12930952139710078
2025-07-07,6327.139,4,4,0.030136986301369864,0.4520547945205479,0.33584031782638013,0.16466712286524343,-0.40570270234295386,IM2507,0.030136986301369864,0.33584031782638013,IM2508,0.10684931506849316,0.2281082741252012,IM2509,0.20273972602739726,0.19095591102889076,IM2512,0.4520547945205479,0.16466712286524343,0.16466712286524343,0.15295331690944095,IM2507,0.030136986301369864,0.3343419166229808,0.3343419166229808,False,False,414.0397836033165,767.0230402747019,IM2512,0.4520547945205479,0.16003814649588347,0.16003814649588347,False,False,55.82121571532687,72.7324651381746,0.13082385575821193,24.650989100596952,0.958904109589041,0.1342305377335538
2025-07-08,6407.698,4,4,0.0273972602739726,0.44931506849315067,0.17926158745860515,0.14865250816690603,-0.07254749312642973,IM2507,0.0273972602739726,0.17926158745860515,IM2508,0.10410958904109589,0.16818804979120439,IM2509,0.2,0.15596600612956948,IM2512,0.44931506849315067,0.14865250816690603,0.14865250816690603,0.14542171016581734,IM2507,0.0273972602739726,0.17891463673849875,0.17891463673849875,False,False,71.97177562936568,135.9723037189367,IM2512,0.44931506849315067,0.14500472088416155,0.14500472088416155,False,False,18.84057744908951,24.136068451167432,0.12834054192011396,13.984915488711627,0.9561643835616438,0.13021839254518286
2025-07-09,6390.466,4,4,0.024657534246575342,0.4465753424657534,0.22146020375593686,0.1509034894165354,-0.16722857619403597,IM2507,0.024657534246575342,0.22146020375593686,IM2508,0.10136986301369863,0.17788831256963014,IM2509,0.19726027397260273,0.16195651584184315,IM2512,0.4465753424657534,0.1509034894165354,0.1509034894165354,0.14606365150204867,IM2507,0.024657534246575342,0.2209606532954293,0.2209606532954293,False,False,168.32527407744763,312.8580195139647,IM2512,0.4465753424657534,0.1471507741980793,0.1471507741980793,False,False,24.70031168587094,31.158600541023418,0.12712350850386317,21.165626514696935,0.9534246575342465,0.13045192761434607
2025-07-10,6406.568,4,4,0.021917808219178082,0.4438356164383562,0.24393895322983655,0.15036506845106945,-0.22178225937824672,IM2507,0.021917808219178082,0.24393895322983655,IM2508,0.09863013698630137,0.1836351937517828,IM2509,0.19452054794520549,0.1623530458219763,IM2512,0.4438356164383562,0.15036506845106945,0.15036506845106945,0.145163119998657,IM2507,0.021917808219178082,0.24339027697825386,0.24339027697825386,False,False,222.92997874982515,412.87900770969577,IM2512,0.4438356164383562,0.14666526440203723,0.14666526440203723,False,False,27.317642162635757,36.463491961392776,0.1267255028721949,22.00625421929889,0.9506849315068493,0.1299932321718847
2025-07-11,6461.1,4,4,0.019178082191780823,0.4410958904109589,0.0870263474052645,0.13704148461565896,0.11854237066099983,IM2507,0.019178082191780823,0.0870263474052645,IM2508,0.0958904109589041,0.1373540137868701,IM2509,0.1917808219178082,0.13529838920797835,IM2512,0.4410958904109589,0.13704148461565896,0.13704148461565896,0.13779088706701162,IM2507,0.019178082191780823,0.08698328679106093,0.08698328679106093,False,False,122.14065794372166,220.80465341809105,IM2512,0.4410958904109589,0.134071590025005,0.134071590025005,False,False,8.192342138844618,13.100082988911987,0.1215111755174622,17.0525466016068,0.947945205479452,0.1239348573279012
2025-07-14,6462.305,4,3,0.08767123287671233,0.4328767123287671,0.1780106232344217,0.14542429938185825,-0.09439689052528305,IM2508,0.08767123287671233,0.1780106232344217,IM2509,0.18356164383561643,0.1566695459111381,IM2512,0.4328767123287671,0.14542429938185825,,,,0.14542429938185825,0.1407288207091326,IM2508,0.08767123287671233,0.17692120013679444,0.17692120013679444,False,True,71.00553599434915,136.3427484734223,IM2512,0.4328767123287671,0.14208024512631529,0.14208024512631529,False,False,23.638870355224103,31.50060546464225,0.125837670058274,24.762328304004036,0.9397260273972603,0.12927269214783343
2025-07-15,6442.834,4,3,0.08493150684931507,0.4301369863013699,0.1856963988079645,0.14750282784653357,-0.11064010635652614,IM2508,0.08493150684931507,0.1856963988079645,IM2509,0.18082191780821918,0.1638576900970666,IM2512,0.4301369863013699,0.14750282784653357,,,,0.14750282784653357,0.14074324485766354,IM2508,0.08493150684931507,0.18453593898825885,0.18453593898825885,False,False,82.35479465807931,159.2931081986539,IM2512,0.4301369863013699,0.14406951651448058,0.14406951651448058,False,False,28.4639858535608,35.78135497125103,0.12607105415968867,23.745794728003133,0.936986301369863,0.1292054723751366
2025-07-16,6462.063,4,3,0.0821917808219178,0.4273972602739726,0.1892344790934567,0.14946896730303402,-0.11519374447225615,IM2508,0.0821917808219178,0.1892344790934567,IM2509,0.1780821917808219,0.16440800465451197,IM2512,0.4273972602739726,0.14946896730303402,,,,0.14946896730303402,0.14335887179137277,IM2508,0.0821917808219178,0.1880629184003105,0.1880629184003105,False,False,85.60614249108365,164.94948962123635,IM2512,0.4273972602739726,0.14595207201770935,0.14595207201770935,False,False,27.343646637642344,35.57458115814835,0.12657606564712354,23.46321711471901,0.9342465753424658,0.12929732963590118
2025-07-17,6535.671,4,3,0.07945205479452055,0.4246575342465753,0.15489066353213218,0.1430214219445617,-0.03438312047193041,IM2508,0.07945205479452055,0.15489066353213218,IM2509,0.17534246575342466,0.14819573032420189,IM2512,0.4246575342465753,0.1430214219445617,,,,0.1430214219445617,0.14092770812182,IM2508,0.07945205479452055,0.1541704043379262,0.1541704043379262,False,False,24.41423683763838,47.34499372524749,IM2512,0.4246575342465753,0.13986321655222508,0.13986321655222508,False,False,11.876041271186534,14.610435107027344,0.12592268200640694,15.078559419413521,0.9315068493150684,0.1279121153334733
2025-07-18,6552.074,3,3,0.07671232876712329,0.42191780821917807,0.14408839863513284,0.14045647171337267,-0.010521058146368764,IM2508,0.07671232876712329,0.14408839863513284,IM2509,0.1726027397260274,0.14375762421607058,IM2512,0.42191780821917807,0.14045647171337267,,,,0.14045647171337267,0.13913531500049103,IM2508,0.07671232876712329,0.1434996626368114,0.1434996626368114,False,False,7.42207899635261,12.839764444096758,IM2512,0.42191780821917807,0.13744671159918911,0.13744671159918911,False,False,10.09735203389337,12.698713906419403,0.12103869027656348,20.888635470374187,0.9287671232876712,0.12312570443554864
2025-07-21,6612.259,4,4,0.0684931506849315,0.663013698630137,0.1902534356258183,0.1369800136690255,-0.0896073687291676,IM2508,0.0684931506849315,0.1902534356258183,IM2509,0.1643835616438356,0.1587048618737069,IM2512,0.4136986301369863,0.14585261378575692,IM2603,0.663013698630137,0.1369800136690255,0.1369800136690255,0.13201867686432722,IM2508,0.0684931506849315,0.18926460382147686,0.18926460382147686,False,False,196.81674254401997,346.65399498337536,IM2512,0.4136986301369863,0.14263247934356285,0.14263247934356285,False,False,28.91311777902579,37.47662173255031,0.12423507402393663,29.682295754156435,0.9205479452054794,0.1254745614341525
2025-07-22,6637.104,4,4,0.06575342465753424,0.6602739726027397,0.128319457032066,0.12983801126699895,0.0025542502108319497,IM2508,0.06575342465753424,0.128319457032066,IM2509,0.16164383561643836,0.13449318949880243,IM2512,0.410958904109589,0.1348959707093681,IM2603,0.6602739726027397,0.12983801126699895,0.12983801126699895,0.12700561489102224,IM2508,0.06575342465753424,0.12793462530244176,0.12793462530244176,False,False,16.498733322386286,28.608268795588796,IM2512,0.410958904109589,0.13222561325943777,0.13222561325943777,False,False,9.861395071647706,15.76471452541789,0.12488756690398599,11.15529106611209,0.9178082191780822,0.12494883370480465
2025-07-23,6607.22,4,4,0.06301369863013699,0.6575342465753424,0.11351488649601328,0.12658944888458723,0.021991775446218855,IM2508,0.06301369863013699,0.11351488649601328,IM2509,0.1589041095890411,0.12296029253967984,IM2512,0.40821917808219177,0.12933752306180152,IM2603,0.6575342465753424,0.12658944888458723,0.12658944888458723,0.12504849204127497,IM2508,0.06301369863013699,0.11323989843521787,0.11323989843521787,False,False,55.36660093346421,87.7778659684548,IM2512,0.40821917808219177,0.12693335695876645,0.12693335695876645,False,False,7.29360977881836,9.81426710553948,0.11818181622753912,23.237304678167675,0.915068493150685,0.12014314594371077
2025-07-24,6701.12,4,4,0.06027397260273973,0.6547945205479452,0.08280703179267412,0.12077678303156479,0.06386617143868707,IM2508,0.06027397260273973,0.08280703179267412,IM2509,0.15616438356164383,0.09934465658429206,IM2512,0.4054794520547945,0.11978477879019454,IM2603,0.6547945205479452,0.12077678303156479,0.12077678303156479,0.12133372703557119,IM2508,0.06027397260273973,0.08268829959496522,0.08268829959496522,False,False,146.2047859960136,249.40130250266645,IM2512,0.4054794520547945,0.11779305145602134,0.11779305145602134,False,False,20.74618040180022,28.809822128453572,0.11461921381444864,26.77028407469808,0.9123287671232877,0.11856070163823167
2025-07-25,6706.61,4,4,0.057534246575342465,0.6520547945205479,0.11983008600104808,0.1248048539918432,0.008367697311706073,IM2508,0.057534246575342465,0.11983008600104808,IM2509,0.15342465753424658,0.11871657179359622,IM2512,0.40273972602739727,0.1268220864074612,IM2603,0.6520547945205479,0.1248048539918432,0.1248048539918432,0.12367103758458226,IM2508,0.057534246575342465,0.1195439396285722,0.1195439396285722,False,False,22.56988351327667,34.304044341330254,IM2512,0.40273972602739727,0.12455686387661383,0.12455686387661383,False,False,6.586509394317745,9.122951014645361,0.1155827938548113,20.77995240750452,0.9095890410958904,0.1166353012179225
2025-07-28,6729.979,4,4,0.049315068493150684,0.6438356164383562,0.18755012515502095,0.13338150513871086,-0.09111311661729578,IM2508,0.049315068493150684,0.18755012515502095,IM2509,0.14520547945205478,0.15222221321540538,IM2512,0.39452054794520547,0.13975895336949443,IM2603,0.6438356164383562,0.13338150513871086,0.13338150513871086,0.12978717032370954,IM2508,0.049315068493150684,0.18685981569267207,0.18685981569267207,False,False,197.23769939598415,344.31241041591426,IM2512,0.39452054794520547,0.13697384093703072,0.13697384093703072,False,False,21.023830395367984,24.94172920339293,0.1202152406715875,22.943953352732592,0.9013698630136986,0.1208236418692949
2025-07-29,6773.884,4,4,0.04657534246575343,0.6410958904109589,0.15635775037535585,0.13164175265796635,-0.04157299155229109,IM2508,0.04657534246575343,0.15635775037535585,IM2509,0.14246575342465753,0.13690451760035072,IM2512,0.3917808219178082,0.13644355840780278,IM2603,0.6410958904109589,0.13164175265796635,0.13164175265796635,0.1289335718025791,IM2508,0.04657534246575343,0.15592566773838365,0.15592566773838365,False,False,87.74603351318949,155.68318161144376,IM2512,0.3917808219178082,0.13382739451008696,0.13382739451008696,False,False,10.37697284053052,14.012060093047873,0.12208964590734173,14.624709376955671,0.8986301369863013,0.12165023279984027
2025-07-30,6718.482,4,4,0.043835616438356165,0.6383561643835617,0.1660718199816931,0.13327966573928468,-0.055157310131239964,IM2508,0.043835616438356165,0.1660718199816931,IM2509,0.13972602739726028,0.14278618525551354,IM2512,0.38904109589041097,0.1387331162119976,IM2603,0.6383561643835617,0.13327966573928468,0.13327966573928468,0.13020215631099835,IM2508,0.043835616438356165,0.16560515678988064,0.16560515678988064,False,False,116.75506677777818,206.35176478873615,IM2512,0.38904109589041097,0.13603259297620265,0.13603259297620265,False,False,13.054189082750558,17.573480717859514,0.12016373204748822,29.48998710353816,0.8958904109589041,0.12222324038285715
2025-07-31,6661.186,4,4,0.0410958904109589,0.6356164383561644,0.19960723486832485,0.13709776570674426,-0.10514265550219776,IM2508,0.0410958904109589,0.19960723486832485,IM2509,0.136986301369863,0.15626354086266814,IM2512,0.3863013698630137,0.14311452452312598,IM2603,0.6356164383561644,0.13709776570674426,0.13709776570674426,0.1337007379155774,IM2508,0.0410958904109589,0.19894601151606692,0.19894601151606692,False,False,226.0957141832473,393.11761719898317,IM2512,0.3863013698630137,0.14023276889122016,0.14023276889122016,False,False,19.991367425040774,24.400465470042825,0.12866554430550264,16.44325351724007,0.8931506849315068,0.12979766615536312
2025-08-01,6670.472,4,4,0.038356164383561646,0.6328767123287671,0.2306246225555531,0.1390905207331669,-0.15396289016207815,IM2508,0.038356164383561646,0.2306246225555531,IM2509,0.13424657534246576,0.16395461180289275,IM2512,0.3835616438356164,0.14467224115023694,IM2603,0.6328767123287671,0.1390905207331669,0.1390905207331669,0.1359379368095109,IM2508,0.038356164383561646,0.22977611693530878,0.22977611693530878,False,False,333.0748179337263,573.9280197998577,IM2512,0.3835616438356164,0.14173831177164067,0.14173831177164067,False,False,24.795724225156672,34.09337947876148,0.12845797568999492,25.143152635133287,0.8904109589041096,0.1313058828554588
2025-08-04,6739.694,4,4,0.030136986301369864,0.6246575342465753,0.157616678572588,0.13314422157115707,-0.04116334933420407,IM2508,0.030136986301369864,0.157616678572588,IM2509,0.12602739726027398,0.13514218736738712,IM2512,0.37534246575342467,0.13539975788082131,IM2603,0.6246575342465753,0.13314422157115707,0.13314422157115707,0.1318696720906185,IM2508,0.030136986301369864,0.15733170027654725,0.15733170027654725,False,False,87.15856824292236,151.08890807750697,IM2512,0.37534246575342467,0.13293621749670778,0.13293621749670778,False,False,6.1286638233008865,9.246713222563342,0.12628007657111337,15.958695830459972,0.8821917808219178,0.12855825952442837
2025-08-05,6787.481,4,4,0.0273972602739726,0.6219178082191781,0.19832956911653465,0.13703434509955414,-0.10310026159538196,IM2508,0.0273972602739726,0.19832956911653465,IM2509,0.1232876712328767,0.1470406189166673,IM2512,0.3726027397260274,0.13995106730133786,IM2603,0.6219178082191781,0.13703434509955414,0.13703434509955414,0.1353862631401058,IM2508,0.0273972602739726,0.1978946416203603,0.1978946416203603,False,False,220.1172679492566,378.5010221978897,IM2512,0.3726027397260274,0.13731000772295504,0.13731000772295504,False,False,11.436545650807082,16.7176880530341,0.12740223048308671,23.053258699880114,0.8794520547945206,0.13015855369135748
2025-08-06,6861.309,4,4,0.024657534246575342,0.6191780821917808,0.17936536746284334,0.13291226279586596,-0.07813540646749652,IM2508,0.024657534246575342,0.17936536746284334,IM2509,0.12054794520547946,0.1402078421374473,IM2512,0.3698630136986301,0.13532399545558962,IM2603,0.6191780821917808,0.13291226279586596,0.13291226279586596,0.13154974094249505,IM2508,0.024657534246575342,0.17905265955001692,0.17905265955001692,False,False,165.80922641810824,285.6912237380309,IM2512,0.3698630136986301,0.13289907573677917,0.13289907573677917,False,False,8.505095120497408,11.457441795467796,0.12476434835678327,23.84394264459591,0.8767123287671232,0.1276926102831328
2025-08-07,6862.15,4,4,0.021917808219178082,0.6164383561643836,0.2476230693979099,0.13914978092207572,-0.1824550704777856,IM2508,0.021917808219178082,0.2476230693979099,IM2509,0.1178082191780822,0.15987393192125865,IM2512,0.36712328767123287,0.1434043989437275,IM2603,0.6164383561643836,0.13914978092207572,0.13914978092207572,0.13674675114377716,IM2508,0.021917808219178082,0.2470562068739365,0.2470562068739365,False,False,386.59146912045566,665.1765983333883,IM2512,0.36712328767123287,0.14065074465913543,0.14065074465913543,False,False,17.680393397501398,23.445988983841147,0.12879236046684245,22.851276677767405,0.873972602739726,0.1312868318954974
2025-08-08,6838.13,4,4,0.019178082191780823,0.6136986301369863,0.23341102288091978,0.13775457851851505,-0.1608967842962107,IM2508,0.019178082191780823,0.23341102288091978,IM2509,0.11506849315068493,0.1520647569531627,IM2512,0.3643835616438356,0.14149662604791105,IM2603,0.6136986301369863,0.13775457851851505,0.13775457851851505,0.1356418397764177,IM2508,0.019178082191780823,0.23297489225855825,0.23297489225855825,False,False,339.58114310610455,584.365761034786,IM2512,0.3643835616438356,0.1388464673799654,0.1388464673799654,False,False,13.213667418693891,18.13566817826462,0.12945910561256194,27.79592434314132,0.8712328767123287,0.13390799288119762
2025-08-11,6943.937,4,3,0.10684931506849316,0.6054794520547945,0.145832208792378,0.13451023890381109,-0.022706148402895164,IM2509,0.10684931506849316,0.145832208792378,IM2512,0.3561643835616438,0.1356179961485403,IM2603,0.6054794520547945,0.13451023890381109,,,,0.13451023890381109,0.13388590605355272,IM2509,0.10684931506849316,0.14499007481320839,0.14499007481320839,False,True,36.413508899854456,63.45325304046039,IM2512,0.3561643835616438,0.1332698208523492,0.1332698208523492,False,False,11.21760222683456,14.029007115896476,0.12607684182334994,23.42158939227914,0.863013698630137,0.1291885539266525
2025-08-12,6963.611,4,3,0.10410958904109589,0.6027397260273972,0.131002174167752,0.1312445887474235,0.0004861611075829565,IM2509,0.10410958904109589,0.131002174167752,IM2512,0.35342465753424657,0.13164099888819014,IM2603,0.6027397260273972,0.1312445887474235,,,,0.1312445887474235,0.13102135070187057,IM2509,0.10410958904109589,0.13036324552395462,0.13036324552395462,False,False,4.149762263914812,5.3122057304975785,IM2512,0.35342465753424657,0.1294671913730529,0.1294671913730529,False,False,7.014929885909325,10.713080064699229,0.12126385449714311,18.663499915618505,0.8602739726027397,0.12311543728824617
2025-08-13,7064.334,4,3,0.10136986301369863,0.6,0.10771330113177582,0.12173929040783842,0.02812904442726839,IM2509,0.10136986301369863,0.10771330113177582,IM2512,0.3506849315068493,0.1195368122338896,IM2603,0.6,0.12173929040783842,,,,0.12173929040783842,0.12297848691889533,IM2509,0.10136986301369863,0.10732450354972685,0.10732450354972685,False,False,48.31070981231662,86.48872114867083,IM2512,0.3506849315068493,0.11781963124549315,0.11781963124549315,False,False,13.426137995527716,23.517954974072076,0.11511626682407916,15.983434118963823,0.8575342465753425,0.11742081440491117
2025-08-14,6976.488,4,3,0.09863013698630137,0.5972602739726027,0.08895733975041355,0.1175075300798744,0.0572572498365561,IM2509,0.09863013698630137,0.08895733975041355,IM2512,0.34794520547945207,0.11272341267592521,IM2603,0.5972602739726027,0.1175075300798744,,,,0.1175075300798744,0.12019651661650928,IM2509,0.09863013698630137,0.08872337167035656,0.08872337167035656,False,False,96.07391859140516,171.91634337739296,IM2512,0.34794520547945207,0.11124361713228788,0.11124361713228788,False,False,24.11549644378285,37.41186363215948,0.11172257804958872,16.52410015057362,0.8547945205479452,0.11311553351656635
2025-08-15,7117.501,3,3,0.0958904109589041,0.5945205479452055,0.06596340667862352,0.10817484759210022,0.08465481282098349,IM2509,0.0958904109589041,0.06596340667862352,IM2512,0.3452054794520548,0.1004311076000217,IM2603,0.5945205479452055,0.10817484759210022,,,,0.10817484759210022,0.11252243944434408,IM2509,0.0958904109589041,0.06586226461867983,0.06586226461867983,False,False,160.7497304644554,251.5570001433482,IM2512,0.3452054794520548,0.09932477517975286,0.09932477517975286,False,False,35.62002770676545,52.615498999435076,0.10405369088167317,13.039001118069754,0.852054794520548,0.10597218916080128
2025-08-18,7237.602,4,4,0.08767123287671233,0.5863013698630137,0.10415448357226645,0.10796304401070046,0.007638047033123159,IM2509,0.08767123287671233,0.10415448357226645,IM2510,0.1643835616438356,0.10429864189284813,IM2512,0.336986301369863,0.10720759751877136,IM2603,0.5863013698630137,0.10796304401070046,0.10796304401070046,0.10838547085684223,IM2509,0.08767123287671233,0.10384480280899705,0.10384480280899705,False,False,13.342074528961456,24.14530457985129,IM2512,0.336986301369863,0.10593864028399844,0.10593864028399844,False,False,6.497618666376075,11.869106781214153,0.0976851124427743,23.345668303992497,0.8438356164383561,0.09998308398404689
2025-08-19,7242.849,4,4,0.08493150684931507,0.5835616438356165,0.12687949771859225,0.1151612160013505,-0.023500949597765042,IM2509,0.08493150684931507,0.12687949771859225,IM2510,0.16164383561643836,0.1200989296687203,IM2512,0.33424657534246577,0.11537389080599879,IM2603,0.5835616438356165,0.1151612160013505,0.1151612160013505,0.11504247923852051,IM2509,0.08493150684931507,0.12639586626041677,0.12639586626041677,False,False,37.94489402378855,65.56110973098957,IM2512,0.33424657534246577,0.11386973320563329,0.11386973320563329,False,False,8.740037807565356,11.049389038402339,0.10065277278142677,23.22307344443333,0.8410958904109589,0.100665836057625
2025-08-20,7305.461,4,4,0.0821917808219178,0.5808219178082191,0.06916416186423334,0.10201894708039419,0.06589009123021271,IM2509,0.0821917808219178,0.06916416186423334,IM2510,0.1589041095890411,0.08690895648253603,IM2512,0.3315068493150685,0.0977377802446566,IM2603,0.5808219178082191,0.10201894708039419,0.10201894708039419,0.1044051352974651,IM2509,0.0821917808219178,0.0690649620423228,0.0690649620423228,False,False,107.78964813091356,191.40396789236044,IM2512,0.3315068493150685,0.0967446548061276,0.0967446548061276,False,False,20.660656876818237,30.634245538207306,0.09697367759863583,14.822996118713323,0.8383561643835616,0.09790931651473332
2025-08-21,7253.343,4,4,0.07945205479452055,0.5780821917808219,0.10905913324279223,0.10814674255722002,-0.0018297945067794305,IM2509,0.07945205479452055,0.10905913324279223,IM2510,0.15616438356164383,0.10884674960695181,IM2512,0.3287671232876712,0.10804292121337156,IM2603,0.5780821917808219,0.10814674255722002,0.10814674255722002,0.10820450617107881,IM2509,0.07945205479452055,0.10874478696379658,0.10874478696379658,False,False,2.083533994809675,3.4571882133602996,IM2512,0.3287671232876712,0.1067808988214125,0.1067808988214125,False,False,4.828083709951115,7.895699404258104,0.1002760632756682,24.841348799297887,0.8356164383561644,0.10362037850649126
2025-08-22,7362.94,4,4,0.07671232876712329,0.5753424657534246,0.04541300258984564,0.09894338646847164,0.10735489074559612,IM2509,0.07671232876712329,0.04541300258984564,IM2510,0.15342465753424658,0.07434860688568691,IM2512,0.32602739726027397,0.0917933216018626,IM2603,0.5753424657534246,0.09894338646847164,0.09894338646847164,0.1029139704354927,IM2509,0.07671232876712329,0.04538824747412486,0.04538824747412486,False,False,173.06442371520106,308.12545722774814,IM2512,0.32602739726027397,0.09095962055529806,0.09095962055529806,False,False,31.573801423749607,45.93399566483333,0.09467734303730253,12.438259447811406,0.8328767123287671,0.09644088485026633
2025-08-25,7477.728,4,4,0.0684931506849315,0.5671232876712329,0.14850498355051325,0.10941281964870556,-0.07839911991296598,IM2509,0.0684931506849315,0.14850498355051325,IM2510,0.14520547945205478,0.12461005104119169,IM2512,0.3178082191780822,0.11211130415411426,IM2603,0.5671232876712329,0.10941281964870556,0.10941281964870556,0.10792379890461008,IM2509,0.0684931506849315,0.1479411072454098,0.1479411072454098,False,False,124.35611165857087,218.50289130185726,IM2512,0.3178082191780822,0.1107761435485254,0.1107761435485254,False,False,16.94910094754663,25.841671234238376,0.09578349494078538,24.57008409141975,0.8246575342465754,0.09602951849016814
2025-08-26,7476.467,4,4,0.06575342465753424,0.5643835616438356,0.14473016277293205,0.11239205681100459,-0.06485389382474463,IM2509,0.06575342465753424,0.14473016277293205,IM2510,0.14246575342465753,0.12772569971853512,IM2512,0.3150684931506849,0.11543787626993038,IM2603,0.5643835616438356,0.11239205681100459,0.11239205681100459,0.11071532013159895,IM2509,0.06575342465753424,0.1442200750256327,0.1442200750256327,False,False,101.29600521974622,179.63210280036688,IM2512,0.3150684931506849,0.11401726778169408,0.11401726778169408,False,False,14.944982396104711,20.1947802682119,0.10020331710210716,21.164082315447292,0.821917808219178,0.10054484661225932
2025-08-27,7336.504,4,4,0.06301369863013699,0.5616438356164384,0.12700927865640055,0.11313636821025722,-0.027822045674957784,IM2509,0.06301369863013699,0.12700927865640055,IM2510,0.13972602739726028,0.11970994710447089,IM2512,0.31232876712328766,0.11563782300026693,IM2603,0.5616438356164384,0.11313636821025722,0.11313636821025722,0.1117626956114381,IM2509,0.06301369863013699,0.12664930373898278,0.12664930373898278,False,False,41.94300420967956,75.89456940791054,IM2512,0.31232876712328766,0.1142235673758737,0.1142235673758737,False,False,6.717026433601754,8.056749574030238,0.10195917794837038,21.656365794862868,0.8191780821917808,0.1025163639311025
2025-08-28,7447.11,4,4,0.06027397260273973,0.5589041095890411,0.2079985061535044,0.12644090887389114,-0.163563313225598,IM2509,0.06027397260273973,0.2079985061535044,IM2510,0.136986301369863,0.15984963634073496,IM2512,0.3095890410958904,0.13663498955802297,IM2603,0.5589041095890411,0.12644090887389114,0.12644090887389114,0.12085725962245625,IM2509,0.06027397260273973,0.20693737326535788,0.20693737326535788,False,False,251.9624252024178,449.8980475577869,IM2512,0.3095890410958904,0.13455432678802523,0.13455432678802523,False,False,36.25639250130143,45.34622615022865,0.1070740055485719,41.57467534697061,0.8164383561643835,0.10830881790326623
2025-08-29,7438.677,4,4,0.057534246575342465,0.5561643835616439,0.18923382143194906,0.12913527111458753,-0.12052731244965359,IM2509,0.057534246575342465,0.18923382143194906,IM2510,0.13424657534246576,0.15507953706172944,IM2512,0.30684931506849317,0.13670725742411097,IM2603,0.5561643835616439,0.12913527111458753,0.12913527111458753,0.12499900377754124,IM2509,0.057534246575342465,0.18841259605194485,0.18841259605194485,False,False,184.298217565401,329.67936882968564,IM2512,0.30684931506849317,0.13464224777950612,0.13464224777950612,False,False,26.0647529244849,31.408850594557368,0.11230725327146945,18.801031573347714,0.8136986301369863,0.11063760552105124
2025-09-01,7501.148,4,4,0.049315068493150684,0.547945205479452,0.34852310398833525,0.14744317358209919,-0.403264695594924,IM2509,0.049315068493150684,0.34852310398833525,IM2510,0.12602739726027398,0.2202613072443134,IM2512,0.29863013698630136,0.16652470402643532,IM2603,0.547945205479452,0.14744317358209919,0.14744317358209919,0.1371110548092139,IM2509,0.049315068493150684,0.34587619329142033,0.34587619329142033,False,False,611.1789317150922,1087.304217585321,IM2512,0.29863013698630136,0.16336523598934585,0.16336523598934585,False,False,72.76635978004877,91.31072942415797,0.12242752680125595,23.89511210728811,0.8054794520547945,0.11860323416647639
2025-09-02,7313.882,4,4,0.04657534246575343,0.5452054794520548,0.20420975622136864,0.1319031231955068,-0.1450105552441735,IM2509,0.04657534246575343,0.20420975622136864,IM2510,0.1232876712328767,0.14481094902256925,IM2512,0.2958904109589041,0.1408357986991479,IM2603,0.5452054794520548,0.1319031231955068,0.1319031231955068,0.12708165679691344,IM2509,0.04657534246575343,0.20342178532790745,0.20342178532790745,False,False,218.83551303902783,389.9236647766508,IM2512,0.2958904109589041,0.13870112458999437,0.13870112458999437,False,False,24.50112923241987,37.06307609597275,0.11304036541316197,14.522589407436099,0.8027397260273973,0.10858199573385771
2025-09-03,7206.876,4,4,0.043835616438356165,0.5424657534246575,0.2243706762379112,0.13778502817573443,-0.1736470414433765,IM2509,0.043835616438356165,0.2243706762379112,IM2510,0.12054794520547946,0.17273251845673063,IM2512,0.29315068493150687,0.14960295632673165,IM2603,0.5424657534246575,0.13778502817573443,0.13778502817573443,0.13142722121712627,IM2509,0.043835616438356165,0.22345795459780304,0.22345795459780304,False,False,258.16827912992125,464.7462857964267,IM2512,0.29315068493150687,0.14717182712524093,0.14717182712524093,False,False,34.417567038847785,50.92016964389913,0.11943841812086145,18.194869063481573,0.8,0.11557944723040445
2025-09-04,7041.154,4,4,0.0410958904109589,0.5397260273972603,0.15221391392890432,0.13114211813186297,-0.04225937069186865,IM2509,0.0410958904109589,0.15221391392890432,IM2510,0.1178082191780822,0.13793828927975785,IM2512,0.29041095890410956,0.13666001729997723,IM2603,0.5397260273972603,0.13114211813186297,0.13114211813186297,0.12818373341454312,IM2509,0.0410958904109589,0.1518553748433866,0.1518553748433866,False,False,60.65122849253623,111.79483759370315,IM2512,0.29041095890410956,0.13470596417725933,0.13470596417725933,False,False,10.82194228337736,19.235004683371564,0.11321963684982365,19.01143513516787,0.7972602739726027,0.11083942803061726
2025-09-05,7245.667,4,4,0.038356164383561646,0.536986301369863,0.09086220286516618,0.12126058123889567,0.0609637808044575,IM2509,0.038356164383561646,0.09086220286516618,IM2510,0.11506849315068493,0.10541650338232052,IM2512,0.2876712328767123,0.12009852069398916,IM2603,0.536986301369863,0.12126058123889567,0.12126058123889567,0.12188140810535258,IM2509,0.038356164383561646,0.09076598824018484,0.09076598824018484,False,False,92.49194861255724,163.75178706156996,IM2512,0.2876712328767123,0.11867106322532736,0.11867106322532736,False,False,11.796310643138057,15.251822285103492,0.10975349041145468,16.91778222579006,0.7945205479452054,0.10986481223791579
2025-09-08,7311.034,4,4,0.030136986301369864,0.5287671232876713,0.3623084906618966,0.13921330866606038,-0.44741616169494614,IM2509,0.030136986301369864,0.3623084906618966,IM2510,0.10684931506849316,0.19082445163344453,IM2512,0.27945205479452057,0.15396105707626973,IM2603,0.5287671232876713,0.13921330866606038,0.13921330866606038,0.13142362032920316,IM2509,0.030136986301369864,0.3605488943772569,0.3605488943772569,False,False,658.7674036005284,1170.3498093770104,IM2512,0.27945205479452057,0.15148459346972443,0.15148459346972443,False,False,50.15441576161619,64.88651964677071,0.11761465056226163,28.927804588205234,0.7863013698630137,0.1159762523446449
2025-09-09,7226.028,4,4,0.0273972602739726,0.5260273972602739,0.32549765232552763,0.14201739645736958,-0.367968645010317,IM2509,0.0273972602739726,0.32549765232552763,IM2510,0.10410958904109589,0.18819027196652308,IM2512,0.27671232876712326,0.15742578305790675,IM2603,0.5260273972602739,0.14201739645736958,0.14201739645736958,0.13391169905947145,IM2509,0.0273972602739726,0.324222734813649,0.324222734813649,False,False,536.5887292679512,958.449999024812,IM2512,0.27671232876712326,0.15484561889627113,0.15484561889627113,False,False,44.70901673438818,67.4799646101121,0.12044333281996861,21.73061705840288,0.7835616438356164,0.11662348860832633
2025-09-10,7230.168,4,4,0.024657534246575342,0.5232876712328767,0.4665193169305948,0.15132311596198847,-0.632124249195282,IM2509,0.024657534246575342,0.4665193169305948,IM2510,0.10136986301369863,0.21507190790553024,IM2512,0.273972602739726,0.17045262599155253,IM2603,0.5232876712328767,0.15132311596198847,0.15132311596198847,0.14130193653960657,IM2509,0.024657534246575342,0.4640702100175555,0.4640702100175555,False,False,920.4852938873206,1636.5669853318695,IM2512,0.273972602739726,0.1673939748011387,0.1673939748011387,False,False,61.07060254429488,84.09682296651204,0.12740557636980085,42.221375637080136,0.7808219178082192,0.12411132763739811
2025-09-11,7399.885,4,4,0.021917808219178082,0.5205479452054794,0.0945726254988485,0.1283700770067899,0.06778060329889347,IM2509,0.021917808219178082,0.0945726254988485,IM2510,0.09863013698630137,0.12174167347652744,IM2512,0.27123287671232876,0.1293665699598999,IM2603,0.5205479452054794,0.1283700770067899,0.1283700770067899,0.1278503046023753,IM2509,0.021917808219178082,0.09451171538476634,0.09451171538476634,False,False,100.89896925753956,176.24900570368507,IM2512,0.27123287671232876,0.12776037653820205,0.12776037653820205,False,False,5.413012312511405,7.274027625063814,0.11914800522869452,7.375584324204149,0.7780821917808219,0.11611199818663813
2025-09-12,7422.884,4,4,0.019178082191780823,0.5178082191780822,0.2317577386548127,0.14068837207843893,-0.18263911428778254,IM2509,0.019178082191780823,0.2317577386548127,IM2510,0.0958904109589041,0.15701053546813173,IM2512,0.2684931506849315,0.14722872134919487,IM2603,0.5178082191780822,0.14068837207843893,0.14068837207843893,0.13729207690390938,IM2509,0.019178082191780823,0.23132833468577788,0.23132833468577788,False,False,262.8431384640653,469.34117624074264,IM2512,0.2684931506849315,0.1450801863919351,0.1450801863919351,False,False,15.472885895743362,22.74117548632316,0.12481185459740951,14.107625808284666,0.7753424657534247,0.12232985861754436
2025-09-15,7415.571,4,3,0.08767123287671233,0.5095890410958904,0.1976027678521115,0.15153690358041105,-0.10918208090370561,IM2510,0.08767123287671233,0.1976027678521115,IM2512,0.2602739726027397,0.16377589544885693,IM2603,0.5095890410958904,0.15153690358041105,,,,0.15153690358041105,0.14527093769984736,IM2510,0.08767123287671233,0.19622722090449932,0.19622722090449932,False,True,123.44609417162938,227.73695951453374,IM2512,0.2602739726027397,0.1611190119589684,0.1611190119589684,False,False,37.96923984512086,48.82937420305898,0.13002134413213795,31.464544060918712,0.7671232876712328,0.1274864016926525
2025-09-16,7483.628,4,3,0.08493150684931507,0.5068493150684932,0.16505060906760916,0.142249681005768,-0.054041160666052114,IM2510,0.08493150684931507,0.16505060906760916,IM2512,0.25753424657534246,0.14722602292129305,IM2603,0.5068493150684932,0.142249681005768,,,,0.142249681005768,0.13971469063362635,IM2510,0.08493150684931507,0.16416080094462332,0.16416080094462332,False,False,60.26680849868178,111.05636133392416,IM2512,0.25753424657534246,0.14516431755952622,0.14516431755952622,False,False,14.8297993107847,18.65478522382093,0.12876522632619944,11.987308792040071,0.7643835616438356,0.1253273289530328
2025-09-17,7554.813,4,3,0.0821917808219178,0.5041095890410959,0.14075798701870754,0.1358611378199966,-0.01160616855538633,IM2510,0.0821917808219178,0.14075798701870754,IM2512,0.2547945205479452,0.13770688952938254,IM2603,0.5041095890410959,0.1358611378199966,,,,0.1358611378199966,0.13492573096995614,IM2510,0.0821917808219178,0.1401606843213728,0.1401606843213728,False,False,11.437556468145104,21.674426198717597,IM2512,0.2547945205479452,0.1359593257312094,0.1359593257312094,False,False,3.59071230365258,4.452696800825972,0.12405228175719692,10.767932719318,0.7616438356164383,0.12099872992793402
2025-09-18,7476.402,4,3,0.07945205479452055,0.5013698630136987,0.2000685631123328,0.15132323264744008,-0.11553276376419375,IM2510,0.07945205479452055,0.2000685631123328,IM2512,0.25205479452054796,0.16207725298285067,IM2603,0.5013698630136987,0.15132323264744008,,,,0.15132323264744008,0.14590202787561665,IM2510,0.07945205479452055,0.19878658007255212,0.19878658007255212,False,False,128.2267880711319,237.96691996699911,IM2512,0.25205479452054796,0.15956336855964787,0.15956336855964787,False,False,29.211530300845727,41.31355813517819,0.1365577601446549,13.714280977335774,0.7589041095890411,0.13193838804285496
2025-09-19,7438.189,3,3,0.07671232876712329,0.4986301369863014,0.1864789168816821,0.14767870876631864,-0.09196153222147836,IM2510,0.07671232876712329,0.1864789168816821,IM2512,0.2493150684931507,0.15567159919706355,IM2603,0.4986301369863014,0.14767870876631864,,,,0.14767870876631864,0.14367131438597258,IM2510,0.07671232876712329,0.18542037795951236,0.18542037795951236,False,False,116.78692673945612,188.1913367989382,IM2512,0.2493150684931507,0.15340270870228773,0.15340270870228773,False,False,22.289282809484142,28.541588721818822,0.1314381342486582,23.66499539646142,0.7561643835616438,0.12987305224131523
2025-09-22,7489.478,4,4,0.0684931506849315,0.4904109589041096,0.2041625516765601,0.15229383081744352,-0.1229356046336205,IM2510,0.0684931506849315,0.2041625516765601,IM2511,0.1643835616438356,0.16555935329844584,IM2512,0.2410958904109589,0.16613440242033037,IM2603,0.4904109589041096,0.15229383081744352,0.15229383081744352,0.14547334380868088,IM2510,0.0684931506849315,0.20300591843650462,0.20300591843650462,False,False,135.59381383417235,248.69763517293038,IM2512,0.2410958904109589,0.16359003815996023,0.16359003815996023,False,False,31.18204970692203,55.39783874823418,0.12748822049847733,10.877975274616954,0.989041095890411,0.12877550102296656
2025-09-23,7408.069,4,4,0.06575342465753424,0.4876712328767123,0.23183131182240493,0.16218537199415123,-0.1650699223202117,IM2510,0.06575342465753424,0.23183131182240493,IM2511,0.16164383561643836,0.1888592315695304,IM2512,0.23835616438356164,0.18227574032188257,IM2603,0.4876712328767123,0.16218537199415123,0.16218537199415123,0.15234493236374744,IM2510,0.06575342465753424,0.23036287706463507,0.23036287706463507,False,False,179.01362557771276,332.4820795218101,IM2512,0.23835616438356164,0.17917744944541333,0.17917744944541333,False,False,45.729668759906424,82.86547359793478,0.13254384452196988,28.82919548440145,0.9863013698630136,0.13604263138163492
2025-09-24,7534.222,4,4,0.06301369863013699,0.4849315068493151,0.15160430998913407,0.14584075232010263,-0.013660380189587514,IM2510,0.06301369863013699,0.15160430998913407,IM2511,0.1589041095890411,0.14640269903838804,IM2512,0.2356164383561644,0.15217654592848656,IM2603,0.4849315068493151,0.14584075232010263,0.14584075232010263,0.14275669056907594,IM2510,0.06301369863013699,0.15106012630853163,0.15106012630853163,False,False,13.251652915367476,25.310388930189806,IM2512,0.2356164383561644,0.15013956170089082,0.15013956170089082,False,False,11.1098429354077,20.84628110683666,0.12546399375923176,11.499937447069847,0.9835616438356164,0.12720866311076523
2025-09-25,7506.512,4,4,0.06027397260273973,0.4821917808219178,0.15740546320446008,0.1453610281100638,-0.028546875386069124,IM2510,0.06027397260273973,0.15740546320446008,IM2511,0.15616438356164383,0.14621941887865442,IM2512,0.2328767123287671,0.15051037085514513,IM2603,0.4821917808219178,0.1453610281100638,0.1453610281100638,0.1428704608603353,IM2510,0.06027397260273973,0.15683803657895343,0.15683803657895343,False,False,29.81142143527902,55.34119152122173,IM2512,0.2328767123287671,0.14854702219964216,0.14854702219964216,False,False,8.640533440565717,15.362601637419287,0.12315192315820797,17.792034373209706,0.9808219178082191,0.12595357465551332
2025-09-26,7397.589,4,4,0.057534246575342465,0.4794520547945205,0.11562818127995153,0.143522930602983,0.06611417859030183,IM2510,0.057534246575342465,0.11562818127995153,IM2511,0.15342465753424658,0.1323209056873371,IM2512,0.23013698630136986,0.1441618606158272,IM2603,0.4794520547945205,0.143522930602983,0.143522930602983,0.14321592102884498,IM2510,0.057534246575342465,0.11536559495133823,0.11536559495133823,False,False,76.31154537394076,135.00092435720202,IM2512,0.23013698630136986,0.14240472151515474,0.14240472151515474,False,False,11.421301518245052,15.471059900212724,0.12249193990684247,15.943618094678182,0.9780821917808219,0.12473922328643398
2025-09-29,7497.831,4,4,0.049315068493150684,0.4712328767123288,0.05689839717414519,0.1313947735964787,0.17656608697501122,IM2510,0.049315068493150684,0.05689839717414519,IM2511,0.14520547945205478,0.10691405340081842,IM2512,0.2219178082191781,0.11746501395361708,IM2603,0.4712328767123288,0.1313947735964787,0.1313947735964787,0.1379509660546107,IM2510,0.049315068493150684,0.056864846498793475,0.056864846498793475,False,False,191.51711719484067,351.2095194740237,IM2512,0.2219178082191781,0.11641852621308976,0.11641852621308976,False,False,38.85219672385922,70.57300136830062,0.11881206307695619,14.224907241392575,0.9698630136986301,0.12117322401672624
2025-09-30,7574.963,4,4,0.04657534246575343,0.4684931506849315,0.0721115505796279,0.13222069806545889,0.1424664859242098,IM2510,0.04657534246575343,0.0721115505796279,IM2511,0.14246575342465753,0.10930309351021852,IM2512,0.2191780821917808,0.12279759459513997,IM2603,0.4684931506849315,0.13222069806545889,0.13222069806545889,0.13662372578966028,IM2510,0.04657534246575343,0.07204836139327578,0.07204836139327578,False,False,153.83336549973026,281.9032759162563,IM2512,0.2191780821917808,0.12164817801750315,0.12164817801750315,False,False,28.728690475659246,49.531532279463114,0.11841865931415445,10.859185860966823,0.9671232876712329,0.12007149124919654
2025-10-09,7648.052,4,4,0.021917808219178082,0.4438356164383562,0.26315921811389276,0.14696200751800684,-0.27540247965908027,IM2510,0.021917808219178082,0.26315921811389276,IM2511,0.1178082191780822,0.15565259123946296,IM2512,0.19452054794520549,0.15515608243967782,IM2603,0.4438356164383562,0.14696200751800684,0.14696200751800684,0.14340634887444087,IM2510,0.021917808219178082,0.2625124070809145,0.2625124070809145,False,False,283.935418456788,512.8538281970159,IM2512,0.19452054794520549,0.15339488093379716,0.15339488093379716,False,False,18.79346277111176,28.551383379673542,0.12035775961421184,29.650447305104816,0.9424657534246575,0.1244078198101829
2025-10-10,7533.82,4,4,0.019178082191780823,0.4410958904109589,0.1559705046716918,0.14807757473532215,-0.018707269005031942,IM2510,0.019178082191780823,0.1559705046716918,IM2511,0.11506849315068493,0.1501885644149961,IM2512,0.1917808219178082,0.15561773267507298,IM2603,0.4410958904109589,0.14807757473532215,0.14807757473532215,0.14483586299726278,IM2510,0.019178082191780823,0.15579337668577845,0.15579337668577845,False,False,17.32071013681407,34.034085315710875,IM2512,0.1917808219178082,0.1538692911241765,0.1538692911241765,False,False,13.057515106832135,25.547022975495352,0.12193805404617668,23.34158626564876,0.9397260273972603,0.1247864655121968
2025-10-13,7519.764,4,3,0.10684931506849316,0.4328767123287671,0.17658180229869636,0.15999341054296465,-0.05088036126758045,IM2511,0.10684931506849316,0.17658180229869636,IM2512,0.18356164383561643,0.17725617100321392,IM2603,0.4328767123287671,0.15999341054296465,,,,0.15999341054296465,0.15278530502367527,IM2511,0.10684931506849316,0.17527921845992478,0.17527921845992478,False,True,38.78150325309726,66.16870276382812,IM2512,0.18356164383561643,0.1750081593144948,0.1750081593144948,False,False,38.30555209253857,64.9953508466238,0.1220177115586451,25.764428185140414,0.9315068493150684,0.12259692723913197
2025-10-14,7373.152,4,3,0.10410958904109589,0.4301369863013699,0.20832327132522974,0.1667917229926997,-0.1273866818602812,IM2511,0.10410958904109589,0.20832327132522974,IM2512,0.18082191780821918,0.1932119834294615,IM2603,0.4301369863013699,0.1667917229926997,,,,0.1667917229926997,0.15587203805288738,IM2511,0.10410958904109589,0.20648912047099363,0.20648912047099363,False,False,87.49421244269848,170.7531891532088,IM2512,0.18082191780821918,0.1905275375504877,0.1905275375504877,False,False,54.209145650245276,102.09651741295139,0.12844805103057946,32.54167415157019,0.9287671232876712,0.13125738943071727
2025-10-15,7483.449,4,3,0.10136986301369863,0.4273972602739726,0.18060641948621062,0.15622081296856236,-0.07479618805833291,IM2511,0.10136986301369863,0.18060641948621062,IM2512,0.1780821917808219,0.17848006810801317,IM2603,0.4273972602739726,0.15622081296856236,,,,0.15622081296856236,0.1471167340563408,IM2511,0.10136986301369863,0.17930609723591978,0.17930609723591978,False,False,51.32972874209738,98.66587248514416,IM2512,0.1780821917808219,0.17626460884135506,0.17626460884135506,False,False,45.23072433595778,85.66663441522444,0.12633098341177942,25.984117193465917,0.9260273972602739,0.12838152866427585
2025-10-16,7401.838,4,3,0.09863013698630137,0.4246575342465753,0.1699130085040933,0.15770832565906798,-0.0374345314154138,IM2511,0.09863013698630137,0.1699130085040933,IM2512,0.17534246575342466,0.17371700278309699,IM2603,0.4246575342465753,0.15770832565906798,,,,0.15770832565906798,0.15123063122742716,IM2511,0.09863013698630137,0.16881014838626707,0.16881014838626707,False,False,24.16667883679408,47.14472664974981,IM2512,0.17534246575342466,0.17166391357795166,0.17166391357795166,False,False,29.863657651521763,59.26345554594499,0.12653428027123192,15.06320827844715,0.9232876712328767,0.12729215252232717
2025-10-17,7185.478,3,3,0.0958904109589041,0.42191780821917807,0.14480143362628892,0.1489455141326093,0.012710835166444915,IM2511,0.0958904109589041,0.14480143362628892,IM2512,0.1726027397260274,0.15432505871017402,IM2603,0.42191780821917807,0.1489455141326093,,,,0.1489455141326093,0.14679256257248383,IM2511,0.0958904109589041,0.14405763799867305,0.14405763799867305,False,False,15.704281174959242,20.622819852771666,IM2512,0.1726027397260274,0.15277986870140367,0.15277986870140367,False,False,10.446149163300259,16.17782475600969,0.12608045239165885,29.670261596372306,0.6794520547945205,0.12378740543597842
2025-10-20,7239.185,4,4,0.08767123287671233,0.663013698630137,0.18119364522327597,0.150899724453054,-0.052653719433957226,IM2511,0.08767123287671233,0.18119364522327597,IM2512,0.1643835616438356,0.17315947721121697,IM2603,0.4136986301369863,0.1565414446096683,IM2606,0.663013698630137,0.150899724453054,0.150899724453054,0.14774501518107455,IM2511,0.08767123287671233,0.18005999380455123,0.18005999380455123,False,False,108.36879987891284,193.33658035787195,IM2512,0.1643835616438356,0.17124751612232642,0.17124751612232642,False,False,74.14111387599227,134.9086461359985,0.13329119551379284,42.076707690755455,0.9123287671232877,0.13877359642459497
2025-10-21,7344.047,4,4,0.08493150684931507,0.6602739726027397,0.15390192996237706,0.146938756503395,-0.012102658631087873,IM2511,0.08493150684931507,0.15390192996237706,IM2512,0.16164383561643836,0.15734377070165487,IM2603,0.410958904109589,0.14831950756392545,IM2606,0.6602739726027397,0.146938756503395,0.146938756503395,0.14616555253754024,IM2511,0.08493150684931507,0.15314340875172752,0.15314340875172752,False,False,23.010148602899047,40.967703886250014,IM2512,0.16164383561643836,0.15583042156456733,0.15583042156456733,False,False,33.19718380260148,58.70935012993226,0.1296379969112946,40.11775627834815,0.9095890410958904,0.13524686290584373
2025-10-22,7312.21,4,4,0.0821917808219178,0.6575342465753424,0.14545247573415185,0.1448288999993284,-0.001083834015288359,IM2511,0.0821917808219178,0.14545247573415185,IM2512,0.1589041095890411,0.1495671030824535,IM2603,0.40821917808219177,0.1454396062199877,IM2606,0.6575342465753424,0.1448288999993284,0.1448288999993284,0.14448645220887893,IM2511,0.0821917808219178,0.1448079126100959,0.1448079126100959,False,False,4.0044202023221604,7.562549243745175,IM2512,0.1589041095890411,0.1482423979655381,0.1482423979655381,False,False,12.692245219850939,22.444918133981844,0.13248245008005935,35.781097418867574,0.9068493150684932,0.13809166169826292
2025-10-23,7308.099,4,4,0.07945205479452055,0.6547945205479452,0.12254294010884305,0.1416835861816226,0.03326826579316447,IM2511,0.07945205479452055,0.12254294010884305,IM2512,0.15616438356164383,0.1341302979667665,IM2603,0.4054794520547945,0.13788135978735547,IM2606,0.6547945205479452,0.1416835861816226,0.1416835861816226,0.14381828188537973,IM2511,0.07945205479452055,0.12212635088257841,0.12212635088257841,False,False,72.1662751458278,128.05970510881045,IM2512,0.15616438356164383,0.13311923647276389,0.13311923647276389,False,False,29.961646976973633,56.07889261417036,0.1296998046372978,33.48970290099017,0.9041095890410958,0.1345959907584293
2025-10-24,7419.235,4,4,0.07671232876712329,0.6520547945205479,0.10821007133043213,0.14023171365144452,0.05565666403414058,IM2511,0.07671232876712329,0.10821007133043213,IM2512,0.15342465753424658,0.12738569917130063,IM2603,0.40273972602739727,0.1369808293907625,IM2606,0.6520547945205479,0.14023171365144452,0.14023171365144452,0.14205892299248538,IM2511,0.07671232876712329,0.10791229342185715,0.10791229342185715,False,False,121.45954660324855,210.7403291682681,IM2512,0.15342465753424658,0.1265059147896358,0.1265059147896358,False,False,49.97179777668007,89.49972956467217,0.1309172196373022,29.10016747964937,0.9013698630136986,0.13587882942478383
2025-10-27,7495.383,4,4,0.0684931506849315,0.6438356164383562,0.20816940105847026,0.15044315996568103,-0.10033370475651461,IM2511,0.0684931506849315,0.20816940105847026,IM2512,0.14520547945205478,0.1806122228046955,IM2603,0.39452054794520547,0.15550706273128487,IM2606,0.6438356164383562,0.15044315996568103,0.15044315996568103,0.14758914040307064,IM2511,0.0684931506849315,0.2069620004741589,0.2069620004741589,False,False,209.21790155559796,363.88842519156935,IM2512,0.14520547945205478,0.17875381689999761,0.17875381689999761,False,False,102.52849611918536,182.27409259080625,0.13545420723517343,41.71090104542736,0.8931506849315068,0.1423429122437338
2025-10-28,7479.221,4,4,0.06575342465753424,0.6410958904109589,0.16141016864731694,0.14410670158543262,-0.030075073702798934,IM2511,0.06575342465753424,0.16141016864731694,IM2512,0.14246575342465753,0.15609891409914908,IM2603,0.3917808219178082,0.14470190509427028,IM2606,0.6410958904109589,0.14410670158543262,0.14410670158543262,0.14377101146557544,IM2511,0.06575342465753424,0.16075477134138166,0.16075477134138166,False,False,62.030042890988426,106.7300910381396,IM2512,0.14246575342465753,0.154787960177629,0.154787960177629,False,False,39.6011877197016,68.47710987873796,0.13090661183914173,40.40659203261661,0.8904109589041096,0.1379378681389296
2025-10-29,7569.117,4,4,0.06301369863013699,0.6383561643835617,0.12415943010681785,0.13731059085383562,0.022857969869816606,IM2511,0.06301369863013699,0.12415943010681785,IM2512,0.13972602739726028,0.1369840878936507,IM2603,0.38904109589041097,0.13533398549894052,IM2606,0.6383561643835617,0.13731059085383562,0.13731059085383562,0.1384260354051574,IM2511,0.06301369863013699,0.12381835303504522,0.12381835303504522,False,False,49.405642640953744,86.12853182953873,IM2512,0.13972602739726028,0.13603318134601433,0.13603318134601433,False,False,5.736743101151305,8.15442233759751,0.1302664151235275,28.78177778946722,0.8876712328767123,0.13599644899143096
2025-10-30,7485.085,4,4,0.06027397260273973,0.6356164383561644,0.1238027133135878,0.13669099444258637,0.02240106005754512,IM2511,0.06027397260273973,0.1238027133135878,IM2512,0.136986301369863,0.1386599936568399,IM2603,0.3863013698630137,0.13602722276643786,IM2606,0.6356164383561644,0.13669099444258637,0.13669099444258637,0.1370657561539461,IM2511,0.06027397260273973,0.12347866335640778,0.12347866335640778,False,False,49.58572041843794,83.97974827379171,IM2512,0.136986301369863,0.13770080099290827,0.13770080099290827,False,False,6.222810598144414,8.376929560138631,0.13064061625630666,27.931993264287453,0.8849315068493151,0.13667633107618057
2025-10-31,7506.675,4,4,0.057534246575342465,0.6328767123287671,0.17600344668647575,0.13947532419472228,-0.06348935575947627,IM2511,0.057534246575342465,0.17600344668647575,IM2512,0.13424657534246576,0.1586939047550747,IM2603,0.3835616438356164,0.14145261184386668,IM2606,0.6328767123287671,0.13947532419472228,0.13947532419472228,0.1383585421294521,IM2511,0.057534246575342465,0.1753054289618743,0.1753054289618743,False,False,131.12764443529232,226.7603890743049,IM2512,0.13424657534246576,0.1574106976763473,0.1574106976763473,False,False,64.70741693131852,113.50880203439476,0.12950504644520255,41.20463148500058,0.8821917808219178,0.13680287960728565
2025-11-03,7538.118,4,4,0.049315068493150684,0.6246575342465753,0.20027250285205805,0.1411740746401278,-0.10271869665406927,IM2511,0.049315068493150684,0.20027250285205805,IM2512,0.12602739726027398,0.16887917817617956,IM2603,0.37534246575342467,0.1448572227572625,IM2606,0.6246575342465753,0.1411740746401278,0.1411740746401278,0.1390928159615036,IM2511,0.049315068493150684,0.19947354734667103,0.19947354734667103,False,False,209.8406461127297,364.1720486874486,IM2512,0.12602739726027398,0.1674911734686589,0.1674911734686589,False,False,92.8794530021659,164.39174062753662,0.13289879821131914,29.987758665818962,0.873972602739726,0.13853658256882212
2025-11-04,7435.731,4,4,0.04657534246575343,0.6219178082191781,0.22462949548540184,0.14817642098803038,-0.13288272472162183,IM2511,0.04657534246575343,0.22462949548540184,IM2512,0.1232876712328767,0.18677919532917756,IM2603,0.3726027397260274,0.15354093772858407,IM2606,0.6219178082191781,0.14817642098803038,0.14817642098803038,0.1451452227286081,IM2511,0.04657534246575343,0.2236574559816013,0.2236574559816013,False,False,269.5768213117386,469.4299984531681,IM2512,0.1232876712328767,0.18507624543646842,0.18507624543646842,False,False,129.24246045367434,229.48657944645015,0.1383416151488048,33.496571422035565,0.8712328767123287,0.14423540787688338
2025-11-05,7464.863,4,4,0.043835616438356165,0.6191780821917808,0.24437920610736313,0.15026725061266427,-0.16357554169316707,IM2511,0.043835616438356165,0.24437920610736313,IM2512,0.12054794520547946,0.1929964917964144,IM2603,0.3698630136986301,0.15785080829553488,IM2606,0.6191780821917808,0.15026725061266427,0.15026725061266427,0.14598287728979606,IM2511,0.043835616438356165,0.24327934049158065,0.24327934049158065,False,False,329.84215868125153,575.9104743187687,IM2512,0.12054794520547946,0.19120509962960663,0.19120509962960663,False,False,141.43739204109275,253.47818843367,0.1383180681919325,32.814033602134316,0.8684931506849315,0.1429565657659133
2025-11-06,7551.83,4,4,0.0410958904109589,0.6164383561643836,0.22719562210683336,0.14899090202406237,-0.13592725157243526,IM2511,0.0410958904109589,0.22719562210683336,IM2512,0.1178082191780822,0.18666468955930776,IM2603,0.36712328767123287,0.1549516894844866,IM2606,0.6164383561643836,0.14899090202406237,0.14899090202406237,0.1456242191170156,IM2511,0.0410958904109589,0.2263159966966056,0.2263159966966056,False,False,272.9605234999518,476.66154250197934,IM2512,0.1178082191780822,0.1850391593055728,0.1850391593055728,False,False,124.38291134172638,222.21528461205057,0.13874649657876764,28.20214750647009,0.8657534246575342,0.14359559734175936
2025-11-07,7541.878,4,4,0.038356164383561646,0.6136986301369863,0.18812394079013492,0.1473245385929001,-0.07091324667614624,IM2511,0.038356164383561646,0.18812394079013492,IM2512,0.11506849315068493,0.17096151627583148,IM2603,0.3643835616438356,0.15074403875256387,IM2606,0.6136986301369863,0.1473245385929001,0.1473245385929001,0.14539390826039447,IM2511,0.038356164383561646,0.18758302299317436,0.18758302299317436,False,False,140.9134791765504,247.06576727839575,IM2512,0.11506849315068493,0.1696579057187963,0.1696579057187963,False,False,76.791233058591,137.0595681150899,0.13406229198026148,30.26752531727387,0.863013698630137,0.13811924217432844
2025-11-10,7563.254,4,4,0.030136986301369864,0.6054794520547945,0.2597670004579135,0.15155040288229027,-0.18809075292905944,IM2511,0.030136986301369864,0.2597670004579135,IM2512,0.10684931506849316,0.1977054150152366,IM2603,0.3561643835616438,0.1585079878999101,IM2606,0.6054794520547945,0.15155040288229027,0.15155040288229027,0.14762910252010922,IM2511,0.030136986301369864,0.25890282241912255,0.25890282241912255,False,False,372.3669056496526,649.9968415791768,IM2512,0.10684931506849316,0.19602893390352055,0.19602893390352055,False,False,150.6301981599637,269.30836590936764,0.13779336950441864,35.28947689603931,0.8547945205479452,0.14299333763245295
2025-11-11,7540.791,4,4,0.0273972602739726,0.6027397260273972,0.3320363276863352,0.15540537975319857,-0.30700140950283267,IM2511,0.0273972602739726,0.3320363276863352,IM2512,0.10410958904109589,0.2135001681462894,IM2603,0.35342465753424657,0.16384940491196043,IM2606,0.6027397260273972,0.15540537975319857,0.15540537975319857,0.1506501339126253,IM2511,0.0273972602739726,0.33070633041016423,0.33070633041016423,False,False,608.0857671103167,1056.608469713217,IM2512,0.10410958904109589,0.21156413850734657,0.21156413850734657,False,False,189.80759902138257,338.49114865513894,0.13809445813012455,43.04881277086043,0.852054794520548,0.1439969517749022
2025-11-12,7486.377,4,4,0.024657534246575342,0.6,0.172929754114467,0.15116350234937814,-0.03783181854408303,IM2511,0.024657534246575342,0.172929754114467,IM2512,0.10136986301369863,0.17482313608681058,IM2603,0.3506849315068493,0.1516521794965356,IM2606,0.6,0.15116350234937814,0.15116350234937814,0.15088855432812034,IM2511,0.024657534246575342,0.1726417770423414,0.1726417770423414,False,False,74.21307780349224,128.86964815778003,IM2512,0.10136986301369863,0.17361453896208454,0.17361453896208454,False,False,77.58732661994574,134.7062196762396,0.13910602234148925,31.304524545953644,0.8493150684931506,0.1444275828084648
2025-11-13,7590.576,4,4,0.021917808219178082,0.5972602739726027,0.16795966881749125,0.1527470020227752,-0.02644106371462553,IM2511,0.021917808219178082,0.16795966881749125,IM2512,0.09863013698630137,0.17095398778386175,IM2603,0.34794520547945207,0.15352069421175132,IM2606,0.5972602739726027,0.1527470020227752,0.1527470020227752,0.15231213646576794,IM2511,0.021917808219178082,0.16772001492376876,0.16772001492376876,False,False,51.10884732611203,89.42785787442705,IM2512,0.09863013698630137,0.16983579638752103,0.16983579638752103,False,False,58.39761579531858,102.06458004149513,0.1370811049811643,33.60896574005913,0.8465753424657534,0.14164307331633338
2025-11-14,7502.757,4,4,0.019178082191780823,0.5945205479452055,0.25932355899807014,0.1576049927767324,-0.17679655557518226,IM2511,0.019178082191780823,0.25932355899807014,IM2512,0.0958904109589041,0.2033500660863385,IM2603,0.3452054794520548,0.1635602259880352,IM2606,0.5945205479452055,0.1576049927767324,0.1576049927767324,0.1542615278083634,IM2511,0.019178082191780823,0.25877517862528954,0.25877517862528954,False,False,343.74234045811875,601.477543264025,IM2512,0.0958904109589041,0.20174768478916622,0.20174768478916622,False,False,146.94858324263132,262.4373744300861,0.13895307007742178,51.237161550467256,0.8438356164383561,0.145906719064783
2025-11-17,7523.076,4,3,0.08767123287671233,0.5863013698630137,0.21678222086452212,0.16059799044294087,-0.11267716540591842,IM2512,0.08767123287671233,0.21678222086452212,IM2603,0.336986301369863,0.1659579368765365,IM2606,0.5863013698630137,0.16059799044294087,,,,0.16059799044294087,0.15760084201267827,IM2512,0.08767123287671233,0.2150944832938022,0.2150944832938022,False,True,180.10313387691656,319.51368411189964,IM2512,0.08767123287671233,0.2150944832938022,0.2150944832938022,False,False,180.10313387691656,319.51368411189964,0.14439770852813677,37.96384024151481,0.8356164383561644,0.14956768822595404
2025-11-18,7448.101,4,3,0.08493150684931507,0.5835616438356165,0.17322840547294083,0.15401732395738593,-0.03852771842405239,IM2512,0.08493150684931507,0.17322840547294083,IM2603,0.33424657534246577,0.15612978481415066,IM2606,0.5835616438356165,0.15401732395738593,,,,0.15401732395738593,0.1528379328952801,IM2512,0.08493150684931507,0.17223566556135847,0.17223566556135847,False,False,59.76092132158634,106.31525374373001,IM2512,0.08493150684931507,0.17223566556135847,0.17223566556135847,False,False,59.76092132158634,106.31525374373001,0.14156449715380795,28.431606384415232,0.8328767123287671,0.1453433249347215
2025-11-19,7387.208,4,3,0.0821917808219178,0.5808219178082191,0.16748571202494153,0.15285797425325226,-0.029335847728937273,IM2512,0.0821917808219178,0.16748571202494153,IM2603,0.3315068493150685,0.15290561438374659,IM2606,0.5808219178082191,0.15285797425325226,,,,0.15285797425325226,0.1528314211376165,IM2512,0.0821917808219178,0.16659539391156503,0.16659539391156503,False,False,46.311811979583354,79.78994431677468,IM2512,0.0821917808219178,0.16659539391156503,0.16659539391156503,False,False,46.311811979583354,79.78994431677468,0.13840426228181438,35.82579433334718,0.8301369863013699,0.14355760476822482
2025-11-20,7340.412,4,3,0.07945205479452055,0.5780821917808219,0.15239932139000806,0.15050648929889707,-0.003796064358546768,IM2512,0.07945205479452055,0.15239932139000806,IM2603,0.3287671232876712,0.14917609270733648,IM2606,0.5780821917808219,0.15050648929889707,,,,0.15050648929889707,0.15124668887776324,IM2512,0.07945205479452055,0.15170537622928107,0.15170537622928107,False,False,8.615894135973335,13.3959409563446,IM2512,0.07945205479452055,0.15170537622928107,0.15170537622928107,False,False,8.615894135973335,13.3959409563446,0.1349565972536687,43.46653331195028,0.8273972602739726,0.14117256197805256
2025-11-21,7067.703,3,3,0.07671232876712329,0.5753424657534246,0.11162488496227235,0.14575503871298595,0.06844783581873881,IM2512,0.07671232876712329,0.11162488496227235,IM2603,0.32602739726027397,0.1371718738546283,IM2606,0.5753424657534246,0.14575503871298595,,,,0.14575503871298595,0.1505214537607778,IM2512,0.07671232876712329,0.11130363348399362,0.11130363348399362,False,False,124.36706462699219,198.21356433119024,IM2512,0.07671232876712329,0.11130363348399362,0.11130363348399362,False,False,124.36706462699219,198.21356433119024,0.12380743236031763,56.76148757126034,0.8246575342465754,0.12972811279855867
2025-11-24,7156.409,4,4,0.0684931506849315,0.5671232876712329,0.14541136861565024,0.1462310693866506,0.0016439053923908186,IM2512,0.0684931506849315,0.14541136861565024,IM2601,0.14520547945205478,0.14292967868646794,IM2603,0.3178082191780822,0.1411987343549015,IM2606,0.5671232876712329,0.1462310693866506,0.1462310693866506,0.1490079062513773,IM2512,0.0684931506849315,0.14487427702916333,0.14487427702916333,False,False,7.137339788720445,11.681176718201524,IM2512,0.0684931506849315,0.14487427702916333,0.14487427702916333,False,False,7.137339788720445,11.681176718201524,0.13236761046926754,31.353992112971973,0.8164383561643835,0.13629100683551038
2025-11-25,7249.947,4,4,0.06575342465753424,0.5643835616438356,0.1843960418555941,0.15301772545859738,-0.06292904112584509,IM2512,0.06575342465753424,0.1843960418555941,IM2601,0.14246575342465753,0.1633370149712931,IM2603,0.3150684931506849,0.15227957036450784,IM2606,0.5643835616438356,0.15301772545859738,0.15301772545859738,0.153424083004749,IM2512,0.06575342465753424,0.18351070681390294,0.18351070681390294,False,False,100.15777953002875,172.09737422446455,IM2512,0.06575342465753424,0.18351070681390294,0.18351070681390294,False,False,100.15777953002875,172.09737422446455,0.1326157027660765,38.74953820849961,0.8136986301369863,0.1361381287890828
2025-11-26,7248.449,4,4,0.06301369863013699,0.5616438356164384,0.17897368532883254,0.15324572029321568,-0.051597292516484365,IM2512,0.06301369863013699,0.17897368532883254,IM2601,0.13972602739726028,0.16043826495560046,IM2603,0.31232876712328766,0.15047702732676396,IM2606,0.5616438356164384,0.15324572029321568,0.15324572029321568,0.15476614659783947,IM2512,0.06301369863013699,0.1781800765089609,0.1781800765089609,False,False,83.2363116917474,140.04227463637858,IM2512,0.06301369863013699,0.1781800765089609,0.1781800765089609,False,False,83.2363116917474,140.04227463637858,0.13323851046945906,34.788240824480155,0.810958904109589,0.13590089996525304
2025-11-27,7257.454,4,4,0.06027397260273973,0.5589041095890411,0.20032627620377833,0.15766390829962337,-0.0855591444231679,IM2512,0.06027397260273973,0.20032627620377833,IM2601,0.136986301369863,0.1764198800407752,IM2603,0.3095890410958904,0.15759211179931623,IM2606,0.5589041095890411,0.15766390829962337,0.15766390829962337,0.15770323371675685,IM2512,0.06027397260273973,0.19934983560600963,0.19934983560600963,False,False,134.14668564362964,232.98436083569385,IM2512,0.06027397260273973,0.19934983560600963,0.19934983560600963,False,False,134.14668564362964,232.98436083569385,0.13649898899678872,32.95626370094848,0.8082191780821918,0.13814647804227037
2025-11-28,7334.21,4,4,0.057534246575342465,0.5561643835616439,0.19484694760370733,0.15936746023749251,-0.07115391697070553,IM2512,0.057534246575342465,0.19484694760370733,IM2601,0.13424657534246576,0.1724856749321572,IM2603,0.30684931506849317,0.15991280751773834,IM2606,0.5561643835616439,0.15936746023749251,0.15936746023749251,0.15906955925742988,IM2512,0.057534246575342465,0.19397043639133754,0.19397043639133754,False,False,110.44268958618075,192.44942902001367,IM2512,0.057534246575342465,0.19397043639133754,0.19397043639133754,False,False,110.44268958618075,192.44942902001367,0.13746710277166072,29.93163579686009,0.8054794520547945,0.13824424773132207
2025-12-01,7386.681,4,4,0.049315068493150684,0.547945205479452,0.28715906566299715,0.16749030711438392,-0.2399950377485925,IM2512,0.049315068493150684,0.28715906566299715,IM2601,0.12602739726027398,0.20615700560189054,IM2603,0.29863013698630136,0.17260838619196653,IM2606,0.547945205479452,0.16749030711438392,0.16749030711438392,0.1647190094413349,IM2512,0.049315068493150684,0.28540686315455144,0.28540686315455144,False,False,367.7338629333101,646.1181152885895,IM2512,0.049315068493150684,0.28540686315455144,0.28540686315455144,False,False,367.7338629333101,646.1181152885895,0.14243477382620487,36.01894146515545,0.7972602739726027,0.14393939008204515
2025-12-02,7313.178,4,4,0.04657534246575343,0.5452054794520548,0.2371099431744464,0.16188064958231568,-0.15087193495125117,IM2512,0.04657534246575343,0.2371099431744464,IM2601,0.1232876712328767,0.18558054301896137,IM2603,0.2958904109589041,0.16405864805290837,IM2606,0.5452054794520548,0.16188064958231568,0.16188064958231568,0.16070506154736805,IM2512,0.04657534246575343,0.23601592921387393,0.23601592921387393,False,False,230.52580864900943,404.1896067583591,IM2512,0.04657534246575343,0.23601592921387393,0.23601592921387393,False,False,230.52580864900943,404.1896067583591,0.13929251600547077,37.37759210604699,0.7945205479452054,0.1422262987918735
2025-12-03,7248.274,4,4,0.043835616438356165,0.5424657534246575,0.18702031809684871,0.15648723456209626,-0.061233931264750796,IM2512,0.043835616438356165,0.18702031809684871,IM2601,0.12054794520547946,0.16672270837493386,IM2603,0.29315068493150687,0.15442380251789956,IM2606,0.5424657534246575,0.15648723456209626,0.15648723456209626,0.15759731937912927,IM2512,0.043835616438356165,0.1864103930121869,0.1864103930121869,False,False,94.47838301168397,162.3228869347368,IM2512,0.043835616438356165,0.1864103930121869,0.1864103930121869,False,False,94.47838301168397,162.3228869347368,0.1350330300786296,32.21127435701468,0.7917808219178082,0.13635735122491327
2025-12-04,7248.657,4,4,0.0410958904109589,0.5397260273972603,0.13864453763068432,0.15254948629597775,0.027886298147429135,IM2512,0.0410958904109589,0.13864453763068432,IM2601,0.1178082191780822,0.1515329937159085,IM2603,0.29041095890410956,0.14620198320445485,IM2606,0.5397260273972603,0.15254948629597775,0.15254948629597775,0.15595265760574265,IM2512,0.0410958904109589,0.13835576346533515,0.13835576346533515,False,False,40.70898110103515,76.60721637360462,IM2512,0.0410958904109589,0.13835576346533515,0.13835576346533515,False,False,40.70898110103515,76.60721637360462,0.13330064591582388,28.559782443220136,0.7890410958904109,0.13444748809269214
2025-12-05,7342.492,4,4,0.038356164383561646,0.536986301369863,0.10069861512610465,0.15038275698334844,0.099641273504912,IM2512,0.038356164383561646,0.10069861512610465,IM2601,0.11506849315068493,0.13904246084069466,IM2603,0.2876712328767123,0.14330957574187003,IM2606,0.536986301369863,0.15038275698334844,0.15038275698334844,0.15416157983838485,IM2512,0.038356164383561646,0.10057385110434677,0.10057385110434677,False,False,148.83871993060274,267.4670014324487,IM2512,0.038356164383561646,0.10057385110434677,0.10057385110434677,False,False,148.83871993060274,267.4670014324487,0.13045590124063294,32.7985832253684,0.7863013698630137,0.13286191262428632
2025-12-08,7423.046,4,4,0.030136986301369864,0.5287671232876713,0.21118193599091575,0.1581309184411851,-0.10639352420687741,IM2512,0.030136986301369864,0.21118193599091575,IM2601,0.10684931506849316,0.17182229086614265,IM2603,0.27945205479452057,0.15621196514539656,IM2606,0.5287671232876713,0.1581309184411851,0.1581309184411851,0.15914450015490825,IM2512,0.030136986301369864,0.21063223078259777,0.21063223078259777,False,False,159.62037362824833,277.60967895596286,IM2512,0.030136986301369864,0.21063223078259777,0.21063223078259777,False,False,159.62037362824833,277.60967895596286,0.135028951594976,37.54920581584051,0.7780821917808219,0.1370917553451676
2025-12-09,7380.584,4,4,0.0273972602739726,0.5260273972602739,0.18249141471056243,0.15644917065351277,-0.05222757736716004,IM2512,0.0273972602739726,0.18249141471056243,IM2601,0.10410958904109589,0.16421293294996836,IM2603,0.27671232876712326,0.1541664636989831,IM2606,0.5260273972602739,0.15644917065351277,0.15644917065351277,0.157650005776695,IM2512,0.0273972602739726,0.18213025961089083,0.18213025961089083,False,False,78.3975612803335,135.08956383059052,IM2512,0.0273972602739726,0.18213025961089083,0.18213025961089083,False,False,78.3975612803335,135.08956383059052,0.13281946304167558,39.115417054051264,0.7753424657534247,0.13486554626388397
2025-12-10,7408.244,4,4,0.024657534246575342,0.5232876712328767,0.2222013499366217,0.16192102401614064,-0.12089186242294277,IM2512,0.024657534246575342,0.2222013499366217,IM2601,0.10136986301369863,0.1787245722500859,IM2603,0.273972602739726,0.16331523947140944,IM2606,0.5232876712328767,0.16192102401614064,0.16192102401614064,0.16119065072330074,IM2512,0.024657534246575342,0.22169812021430327,0.22169812021430327,False,False,177.0101546609722,312.8061746260017,IM2512,0.024657534246575342,0.22169812021430327,0.22169812021430327,False,False,177.0101546609722,312.8061746260017,0.13654690084307275,39.07993687574338,0.7726027397260274,0.1377884827049891
2025-12-11,7311.995,4,4,0.021917808219178082,0.5205479452054794,0.06616627932667768,0.15364514538898533,0.17543838523484778,IM2512,0.021917808219178082,0.06616627932667768,IM2601,0.09863013698630137,0.1444392572048393,IM2603,0.27123287671232876,0.14773621080653904,IM2606,0.5205479452054794,0.15364514538898533,0.15364514538898533,0.15672725562956583,IM2512,0.021917808219178082,0.06614293021261344,0.06614293021261344,False,False,256.1311628714195,455.4909831098797,IM2512,0.021917808219178082,0.06614293021261344,0.06614293021261344,False,False,256.1311628714195,455.4909831098797,0.13148460047379543,34.13553640812143,0.7698630136986301,0.13237295422013814
2025-12-12,7370.942,4,4,0.019178082191780823,0.5178082191780822,0.08471165532972598,0.15311272205337645,0.13717796348424408,IM2512,0.019178082191780823,0.08471165532972598,IM2601,0.0958904109589041,0.1405893819044982,IM2603,0.2684931506849315,0.14911271021815334,IM2606,0.5178082191780822,0.15311272205337645,0.15311272205337645,0.15518986202429103,IM2512,0.019178082191780823,0.08467151688345816,0.08467151688345816,False,False,199.00145456648508,354.3941856743723,IM2512,0.019178082191780823,0.08467151688345816,0.08467151688345816,False,False,199.00145456648508,354.3941856743723,0.13321579679194007,33.19376279312904,0.7671232876712328,0.1350569688829021
2025-12-15,7309.078,4,3,0.08767123287671233,0.5095890410958904,0.13587762349149304,0.15355083424123694,0.04188780469906833,IM2601,0.08767123287671233,0.13587762349149304,IM2603,0.2602739726027397,0.14614561046446264,IM2606,0.5095890410958904,0.15355083424123694,,,,0.15355083424123694,0.1573420680309117,IM2601,0.08767123287671233,0.13529100353013157,0.13529100353013157,False,True,48.94201172802975,93.05009622645385,IM2606,0.5095890410958904,0.149107726153725,0.149107726153725,False,True,14.724485224996966,22.641591898005128,0.12998594657712997,41.010801827321956,0.7589041095890411,0.1328149036588367
2025-12-16,7181.62,4,3,0.08493150684931507,0.5068493150684932,0.12576162475063604,0.15207655262420053,0.06236979658344829,IM2601,0.08493150684931507,0.12576162475063604,IM2603,0.25753424657534246,0.14160237017790622,IM2606,0.5068493150684932,0.15207655262420053,,,,0.15207655262420053,0.15741218914358332,IM2601,0.08493150684931507,0.12528804220738807,0.12528804220738807,False,False,71.69216250410787,135.77738156466657,IM2606,0.5068493150684932,0.1477527760995278,0.1477527760995278,False,False,19.43864221919201,21.915031700394792,0.12576033172365594,38.261812750860344,0.7561643835616438,0.125911653481067
2025-12-17,7288.738,4,3,0.0821917808219178,0.5041095890410959,0.12181120747568841,0.14889352407042286,0.06418860751349399,IM2601,0.0821917808219178,0.12181120747568841,IM2603,0.2547945205479452,0.13736644230982437,IM2606,0.5041095890410959,0.14889352407042286,,,,0.14889352407042286,0.15473532347659943,IM2601,0.0821917808219178,0.12138641284677862,0.12138641284677862,False,False,72.60546797269436,138.66598534658903,IM2606,0.5041095890410959,0.14479524397179902,0.14479524397179902,False,False,18.57368630190503,20.65982296292677,0.12866129017725253,31.18343609975929,0.7534246575342466,0.12979870924149886
2025-12-18,7272.402,4,3,0.07945205479452055,0.5013698630136987,0.12322807100450872,0.14746006512758889,0.05743297308392376,IM2601,0.07945205479452055,0.12322807100450872,IM2603,0.25205479452054796,0.13422947535329588,IM2606,0.5013698630136987,0.14746006512758889,,,,0.14746006512758889,0.15412973230147906,IM2601,0.07945205479452055,0.1228059040285405,0.1228059040285405,False,False,63.55390495560414,123.60853372947474,IM2606,0.5013698630136987,0.1434728057911844,0.1434728057911844,False,False,17.73051215564166,23.298257542076133,0.1268509158190979,39.92778019377068,0.7506849315068493,0.13097264115525253
2025-12-19,7329.806,3,3,0.07671232876712329,0.4986301369863014,0.09885631681825029,0.1406060761995986,0.09895235178046843,IM2601,0.07671232876712329,0.09885631681825029,IM2603,0.2493150684931507,0.12422235490976603,IM2606,0.4986301369863014,0.1406060761995986,,,,0.1406060761995986,0.14882038029833658,IM2601,0.07671232876712329,0.09861828617486951,0.09861828617486951,False,False,126.36996672886926,209.3637749178278,IM2606,0.4986301369863014,0.13705119922922676,0.13705119922922676,False,False,27.053604300944787,31.984242001942725,0.12210577649128891,39.43819452850187,0.7479452054794521,0.12508251712309135
2025-12-22,7408.349,4,4,0.0684931506849315,0.4904109589041096,0.135446495911816,0.14612602641987912,0.02531187425612361,IM2601,0.0684931506849315,0.135446495911816,IM2602,0.1643835616438356,0.13200175685491622,IM2603,0.2410958904109589,0.13624713450671888,IM2606,0.4904109589041096,0.14612602641987912,0.14612602641987912,0.15099423966192657,IM2601,0.0684931506849315,0.1349912618857457,0.1349912618857457,False,False,27.45560872865079,54.60610552355766,IM2606,0.4904109589041096,0.14230454808977183,0.14230454808977183,False,False,14.77667921941364,18.740948522993012,0.1191751281457227,36.453300625650684,0.989041095890411,0.12553562876341923
2025-12-23,7392.42,4,4,0.06575342465753424,0.4876712328767123,0.12201251832238187,0.14383470999443349,0.051721428313628824,IM2601,0.06575342465753424,0.12201251832238187,IM2602,0.16164383561643836,0.12773305055041034,IM2603,0.23835616438356164,0.13216534416750683,IM2606,0.4876712328767123,0.14383470999443349,0.14383470999443349,0.14955046831562177,IM2601,0.06575342465753424,0.12167114873523617,0.12167114873523617,False,False,55.68702217808341,108.08531244211439,IM2606,0.4876712328767123,0.14016963078700512,0.14016963078700512,False,False,17.536587635439663,20.10296531394839,0.11770898143386457,35.58033012939917,0.9863013698630136,0.12392083005025097
2025-12-24,7506.381,4,4,0.06301369863013699,0.4849315068493151,0.1094281794200259,0.13809007700105388,0.0679324195913975,IM2601,0.06301369863013699,0.1094281794200259,IM2602,0.1589041095890411,0.11782337533377837,IM2603,0.2356164383561644,0.12230787909413729,IM2606,0.4849315068493151,0.13809007700105388,0.13809007700105388,0.14577234632994227,IM2601,0.06301369863013699,0.10917667920597028,0.10917667920597028,False,False,72.11959336068136,140.21017560903425,IM2606,0.4849315068493151,0.13477245705493124,0.13477245705493124,False,False,22.922541737953782,29.368594647350776,0.11642930075889046,37.53637095608927,0.9835616438356164,0.12286423815587964
2025-12-25,7579.379,4,4,0.06027397260273973,0.4821917808219178,0.09102795268308397,0.1313958163960353,0.09567707957939758,IM2601,0.06027397260273973,0.09102795268308397,IM2602,0.15616438356164383,0.10999785412354204,IM2603,0.2328767123287671,0.11183826392738687,IM2606,0.4821917808219178,0.1313958163960353,0.1313958163960353,0.1408551594762351,IM2601,0.06027397260273973,0.0908761292256983,0.0908761292256983,False,False,101.79521464725916,195.38260115011835,IM2606,0.4821917808219178,0.12845690581222835,0.12845690581222835,False,False,27.561298389605593,38.700946855111326,0.11509102231298285,29.273827005059054,0.9808219178082191,0.12032049941537533
2025-12-26,7605.53,4,4,0.057534246575342465,0.4794520547945205,0.04408093110542756,0.12445983126983946,0.1905084322078594,IM2601,0.057534246575342465,0.04408093110542756,IM2602,0.15342465753424658,0.08505194552374735,IM2603,0.23013698630136986,0.09673421762951531,IM2606,0.4794520547945205,0.12445983126983946,0.12445983126983946,0.13778214930986876,IM2601,0.057534246575342465,0.04406425700397266,0.04406425700397266,False,False,204.46589338471256,385.45823278155336,IM2606,0.4794520547945205,0.12188710432690794,0.12188710432690794,False,False,46.63885570335459,57.88609541317758,0.10863117951170462,38.8131283103225,0.9780821917808219,0.11578351197824888
2025-12-29,7594.158,4,4,0.049315068493150684,0.4712328767123288,0.07871676714415743,0.13133615195251308,0.12471477568214165,IM2601,0.049315068493150684,0.07871676714415743,IM2602,0.14520547945205478,0.10573767798682655,IM2603,0.2219178082191781,0.11302018819045337,IM2606,0.4712328767123288,0.13133615195251308,0.13133615195251308,0.13995675895213008,IM2601,0.049315068493150684,0.0786318383742418,0.0786318383742418,False,False,131.39222637072365,248.36005302637528,IM2606,0.4712328767123288,0.1284659265347035,0.1284659265347035,False,False,27.60853287400035,34.27684399682909,0.11115915100642534,36.70027681672338,0.9698630136986301,0.11745198198857894
2025-12-30,7597.299,4,4,0.04657534246575343,0.4684931506849315,0.029890737933289765,0.1263631700590147,0.22865219302525713,IM2601,0.04657534246575343,0.029890737933289765,IM2602,0.14246575342465753,0.09178322635570708,IM2603,0.2191780821917808,0.10369732659862647,IM2606,0.4684931506849315,0.1263631700590147,0.1263631700590147,0.13695398416424504,IM2601,0.04657534246575343,0.02988846012711751,0.02988846012711751,False,False,244.04381973582497,451.9774081740934,IM2606,0.4684931506849315,0.1237565844547697,0.1237565844547697,False,False,38.94959724481534,45.55108551099336,0.1068801868044209,39.88587145768504,0.9671232876712329,0.11371840203734852
2025-12-31,7595.285,4,4,0.043835616438356165,0.4657534246575342,0.06174187589401528,0.13534955521510394,0.174459759429853,IM2601,0.043835616438356165,0.06174187589401528,IM2602,0.13972602739726028,0.10615535035181492,IM2603,0.21643835616438356,0.11780010681968107,IM2606,0.4657534246575342,0.13534955521510394,0.13534955521510394,0.14348892756288323,IM2601,0.043835616438356165,0.061703709933202636,0.061703709933202636,False,False,184.5627428742827,343.0080465184433,IM2606,0.4657534246575342,0.1323057613645679,0.1323057613645679,False,False,29.489661971720476,36.538930456175876,0.11099800867908592,38.479144166734294,0.9643835616438357,0.1178172958490288
2026-01-05,7753.88,4,4,0.030136986301369864,0.4520547945205479,-0.00275850825850606,0.12231947466505913,0.2964510634227357,IM2601,0.030136986301369864,-0.00275850825850606,IM2602,0.12602739726027398,0.077596916651048,IM2603,0.20273972602739726,0.09362473541238747,IM2606,0.4520547945205479,0.12231947466505913,0.12231947466505913,0.13510532867498057,IM2601,0.030136986301369864,0.0,-0.002766314764642095,True,False,296.3733520878644,552.9510498557469,IM2606,0.4520547945205479,0.11998919797884976,0.11998919797884976,False,False,42.39920535377905,53.4512391758407,0.10351869092215432,33.2353369989566,0.9506849315068493,0.10888350351067266
2026-01-06,7864.903,4,4,0.0273972602739726,0.44931506849315067,-0.026828821061063896,0.11501601461065017,0.33619068194919244,IM2601,0.0273972602739726,-0.026828821061063896,IM2602,0.1232876712328767,0.07308234064435945,IM2603,0.2,0.08559319291905494,IM2606,0.44931506849315067,0.11501601461065017,0.11501601461065017,0.12801378858869553,IM2601,0.0273972602739726,0.0,-0.026858874165389072,True,False,275.9271129849016,516.7842848259353,IM2606,0.44931506849315067,0.11301635425872862,0.11301635425872862,False,False,41.77543301748319,54.846322679348,0.09613137728217354,28.00971483745103,0.947945205479452,0.09997554466961009
2026-01-07,7906.42,4,4,0.024657534246575342,0.4465753424657534,0.14545491650414177,0.1275072568137558,-0.04253828433110962,IM2601,0.024657534246575342,0.14545491650414177,IM2602,0.12054794520547946,0.11626487035127755,IM2603,0.19726027397260273,0.11463122116836476,IM2606,0.4465753424657534,0.1275072568137558,0.1275072568137558,0.13314534389569369,IM2601,0.024657534246575342,0.14526107475528363,0.14526107475528363,False,False,52.816731071232475,79.28417327312513,IM2606,0.4465753424657534,0.1249673494350471,0.1249673494350471,False,False,13.037856985425377,20.38907493701791,0.10039246602178907,38.749625916227714,0.9452054794520548,0.10604979843329597
2026-01-08,7971.589,4,4,0.021917808219178082,0.4438356164383562,0.12078100738352324,0.12838266565343023,0.018016917328026325,IM2601,0.021917808219178082,0.12078100738352324,IM2602,0.1178082191780822,0.11766026220364777,IM2603,0.19452054794520549,0.11830615748747388,IM2606,0.4438356164383562,0.12838266565343023,0.12838266565343023,0.13275516940763551,IM2601,0.021917808219178082,0.12066978177123751,0.12066978177123751,False,False,17.360701847890954,34.232525723704015,IM2606,0.4438356164383562,0.1258171428061505,0.1258171428061505,False,False,10.44846314166786,14.610409797974025,0.10118549393241728,25.06880133672833,0.9424657534246575,0.1041356299691381
2026-01-09,8129.183,4,4,0.019178082191780823,0.4410958904109589,-0.17857313866710242,0.10669074584104739,0.6761124535420433,IM2601,0.019178082191780823,-0.17857313866710242,IM2602,0.11506849315068493,0.05254169623140674,IM2603,0.1917808219178082,0.07207565852369108,IM2606,0.4410958904109589,0.10669074584104739,0.10669074584104739,0.12157268011447347,IM2601,0.019178082191780823,0.0,-0.17895172737530832,True,False,247.69299206570938,470.60849535365907,IM2606,0.4410958904109589,0.10505419141831622,0.10505419141831622,False,False,51.62894042248772,63.24650144174695,0.09039015385229245,27.175232511667925,0.9397260273972603,0.09213378984819201
2026-01-12,8357.011,4,3,0.10684931506849316,0.4328767123287671,0.022924502574932414,0.09079232411940082,0.20816600725824344,IM2602,0.10684931506849316,0.022924502574932414,IM2603,0.18356164383561643,0.04981429435629736,IM2606,0.4328767123287671,0.09079232411940082,,,,0.09079232411940082,0.1079027951350408,IM2602,0.10684931506849316,0.022924045696635965,0.022924045696635965,False,True,150.71053148743638,293.7859723505992,IM2606,0.4328767123287671,0.08971862732297929,0.08971862732297929,False,False,57.69390994848272,73.24904955527931,0.0819688056014918,34.455857935058354,0.9315068493150684,0.08668848876827574
2026-01-13,8203.133,4,3,0.10410958904109589,0.4301369863013699,0.023200674446587504,0.08983102029385964,0.20437038852314562,IM2602,0.10410958904109589,0.023200674446587504,IM2603,0.18082191780821918,0.04888459070915312,IM2606,0.4301369863013699,0.08983102029385964,,,,0.08983102029385964,0.10675447612221585,IM2602,0.10410958904109589,0.023200141240002813,0.023200141240002813,False,False,146.38215353594464,286.60405510837205,IM2606,0.4301369863013699,0.0887926885067459,0.0887926885067459,False,False,54.16851744098785,72.16258779838635,0.08126553007081992,25.841422974575334,0.9287671232876712,0.08334752349640108
2026-01-14,8257.172,4,3,0.10136986301369863,0.4273972602739726,0.07051209883386689,0.10428976040569365,0.10360375187997285,IM2602,0.10136986301369863,0.07051209883386689,IM2603,0.1780821917808219,0.08922816477640537,IM2606,0.4273972602739726,0.10428976040569365,,,,0.10428976040569365,0.1104499824928194,IM2602,0.10136986301369863,0.07038299808712786,0.07038299808712786,False,False,74.78537520050358,144.9165731971571,IM2606,0.4273972602739726,0.10278955120500884,0.10278955120500884,False,False,21.719134180606055,32.71960925293847,0.08249361834032584,35.864982468849774,0.9260273972602739,0.08773679426321813
2026-01-15,8240.775,4,3,0.09863013698630137,0.4246575342465753,0.019969241747560314,0.08770928019689285,0.20777406751265862,IM2602,0.09863013698630137,0.019969241747560314,IM2603,0.17534246575342466,0.05148907264538756,IM2606,0.4246575342465753,0.08770928019689285,,,,0.08770928019689285,0.10236529674038922,IM2602,0.09863013698630137,0.019969241700905735,0.019969241700905735,False,False,146.70867651244774,287.66317717473953,IM2606,0.4246575342465753,0.08674511215424556,0.08674511215424556,False,False,46.180914507433265,65.86113245590748,0.07501467938064169,27.113876167672206,0.9232876712328767,0.0789162255332138
2026-01-16,8232.729,3,3,0.0958904109589041,0.42191780821917807,0.02979508588299664,0.09419563840672962,0.19753110648035743,IM2602,0.0958904109589041,0.02979508588299664,IM2603,0.1726027397260274,0.0577931726432554,IM2606,0.42191780821917807,0.09419563840672962,,,,0.09419563840672962,0.10876429646465113,IM2602,0.0958904109589041,0.02979048728209345,0.02979048728209345,False,False,159.34972789957075,271.7368020053133,IM2606,0.42191780821917807,0.09304633516033145,0.09304633516033145,False,False,49.681098718015946,60.8479243445409,0.07802645209981167,32.661427626814245,0.9205479452054794,0.08218819541034991
2026-01-19,8265.646,3,3,0.08767123287671233,0.4136986301369863,0.06929638043554685,0.09805541377432322,0.08821048040885189,IM2602,0.08767123287671233,0.06929638043554685,IM2603,0.1643835616438356,0.07845607545444752,IM2606,0.4136986301369863,0.09805541377432322,,,,0.09805541377432322,0.10563197568993979,IM2602,0.08767123287671233,0.06919000735090848,0.06919000735090848,False,False,69.50335815515535,119.41579095714081,IM2606,0.4136986301369863,0.0968086101748073,0.0968086101748073,False,False,22.498413919858592,30.168550225248964,0.08385289696752062,37.89547444359122,0.9123287671232877,0.08890847471816969
2026-01-20,8182.752,3,3,0.08493150684931507,0.410958904109589,0.04960955202981119,0.09144234293626136,0.12831066118364967,IM2602,0.08493150684931507,0.04960955202981119,IM2603,0.16164383561643836,0.06701603890706861,IM2606,0.410958904109589,0.09144234293626136,,,,0.09144234293626136,0.10077088927406987,IM2602,0.08493150684931507,0.04957235240741239,0.04957235240741239,False,False,100.66877150276198,172.068454228146,IM2606,0.410958904109589,0.09040376310235657,0.09040376310235657,False,False,29.708838004659658,37.8048144526576,0.0841447040778168,25.83778915667566,0.9095890410958904,0.08755892829030112
2026-01-21,8247.68,3,3,0.0821917808219178,0.40821917808219177,0.0018395605968671708,0.07894166791999757,0.23648965691548401,IM2602,0.0821917808219178,0.0018395605968671708,IM2603,0.1589041095890411,0.03273997691163104,IM2606,0.40821917808219177,0.07894166791999757,,,,0.07894166791999757,0.0963679748582127,IM2602,0.0821917808219178,0.0018260003621224652,0.0018260003621224652,False,False,183.94995757275214,314.80094427735213,IM2606,0.40821917808219177,0.0782382198802914,0.0782382198802914,False,False,55.31227688534101,72.29857786800737,0.07902645015147068,21.39403327187524,0.9068493150684932,0.08208396526311783
2026-01-22,8309.346,3,3,0.07945205479452055,0.4054794520547945,0.006898565252944085,0.07709112543071701,0.2152965081082951,IM2602,0.07945205479452055,0.006898565252944085,IM2603,0.15616438356164383,0.03291814757886,IM2606,0.4054794520547945,0.07709112543071701,,,,0.07709112543071701,0.09354078862655081,IM2602,0.07945205479452055,0.00689174400936436,0.00689174400936436,False,False,166.00620219348858,284.64406713315367,IM2606,0.4054794520547945,0.07643538596763788,0.07643538596763788,False,False,50.5892176829065,67.95842707288652,0.07877525929828705,25.456893211990693,0.9041095890410958,0.08204246449136385
2026-01-23,8470.744,3,3,0.07671232876712329,0.40273972602739727,-0.07362269465025004,0.05083521295623452,0.3817406409778728,IM2602,0.07671232876712329,-0.07362269465025004,IM2603,0.15342465753424658,-0.01518897163913652,IM2606,0.40273972602739727,0.05083521295623452,,,,0.05083521295623452,0.07510205762100312,IM2602,0.07671232876712329,0.0,-0.07395970075692926,True,False,123.35400777763826,204.73359738538227,IM2606,0.40273972602739727,0.050644538521802354,0.050644538521802354,False,False,80.18738363865972,101.00483750719538,0.06356120465784196,30.515194259347236,0.9013698630136986,0.06630654948216767
2026-01-26,8365.435,3,3,0.0684931506849315,0.39452054794520547,0.08688362577413826,0.08874575918364173,0.005711585667804776,IM2602,0.0684931506849315,0.08688362577413826,IM2603,0.14520547945205478,0.08304770888106558,IM2606,0.39452054794520547,0.08874575918364173,,,,0.08874575918364173,0.09075513034709423,IM2602,0.0684931506849315,0.0867306601509643,0.0867306601509643,False,False,5.532106981761108,7.949979745356837,IM2606,0.39452054794520547,0.08782188237803641,0.08782188237803641,False,False,4.537099017247657,6.932361516149803,0.07611607415111876,45.97853955858307,0.8931506849315068,0.08252105967329304
2026-01-27,8382.153,3,3,0.06575342465753424,0.3917808219178082,0.01374714957472584,0.06979892320554776,0.17192350735504203,IM2602,0.06575342465753424,0.01374714957472584,IM2603,0.14246575342465753,0.040926853638895366,IM2606,0.3917808219178082,0.06979892320554776,,,,0.06979892320554776,0.07983352116061129,IM2602,0.06575342465753424,0.013745863980292202,0.013745863980292202,False,False,128.74513990832676,219.60513614278275,IM2606,0.3917808219178082,0.06931627213933428,0.06931627213933428,False,False,31.487876633214825,40.445198959528945,0.07139111613142086,33.88686720356277,0.8904109589041096,0.076211656977354
2026-01-28,8399.794,3,3,0.06301369863013699,0.38904109589041097,0.005636636159088,0.06855876103322107,0.19299643343746697,IM2602,0.06301369863013699,0.005636636159088,IM2603,0.13972602739726028,0.03876408850807367,IM2606,0.38904109589041097,0.06855876103322107,,,,0.06855876103322107,0.07876062195836037,IM2602,0.06301369863013699,0.005630134138590237,0.005630134138590237,False,False,143.85102308735077,244.81821969966037,IM2606,0.38904109589041097,0.06810296538224613,0.06810296538224613,False,False,32.82808966903194,40.99404713925501,0.07243574467671929,30.31860665252727,0.8876712328767123,0.07764111662313801
2026-01-29,8332.207,3,3,0.06027397260273973,0.3863013698630137,-0.01817273550695162,0.06152973746442636,0.2444655683575879,IM2602,0.06027397260273973,-0.01817273550695162,IM2603,0.136986301369863,0.022810252617247805,IM2606,0.3863013698630137,0.06152973746442636,,,,0.06152973746442636,0.07458583351405453,IM2602,0.06027397260273973,0.0,-0.018216683548765236,True,False,138.55562996118232,237.6902186981939,IM2606,0.3863013698630137,0.0611983811391522,0.0611983811391522,False,False,41.05140543701442,52.58647742726756,0.06697152762405688,35.3822657065104,0.8849315068493151,0.07387042942443452
2026-01-30,8254.86,3,3,0.057534246575342465,0.3835616438356164,-0.037890106471804214,0.055314313820472444,0.28587910425782337,IM2602,0.057534246575342465,-0.037890106471804214,IM2603,0.13424657534246576,0.014822167280992709,IM2606,0.3835616438356164,0.055314313820472444,,,,0.055314313820472444,0.06875480503220703,IM2602,0.057534246575342465,0.0,-0.03798661983018635,True,False,123.67287839790214,212.16449136619488,IM2606,0.3835616438356164,0.05507622003453562,0.05507622003453562,False,False,43.90152555324746,54.03968725818196,0.06586230850556175,25.198245314762335,0.8821917808219178,0.07108176543766219
2026-02-02,7975.428,3,3,0.049315068493150684,0.37534246575342467,0.1870388669140437,0.11308090250512322,-0.22684585722063846,IM2602,0.049315068493150684,0.1870388669140437,IM2603,0.12602739726027398,0.12377554645757055,IM2606,0.37534246575342467,0.11308090250512322,,,,0.11308090250512322,0.10970395155605599,IM2602,0.049315068493150684,0.1863527580519117,0.1863527580519117,False,False,165.18265395888568,275.0203893126033,IM2606,0.37534246575342467,0.11147368038741196,0.11147368038741196,False,False,23.561546833050066,37.265023492586714,0.08819004879646807,62.068948103610325,0.873972602739726,0.09441099521934798
2026-02-03,8209.101,3,3,0.04657534246575343,0.3726027397260274,0.009804736299893757,0.078867961275586,0.21183258080779555,IM2602,0.04657534246575343,0.009804736299893757,IM2603,0.1232876712328767,0.04583052532831268,IM2606,0.3726027397260274,0.078867961275586,,,,0.078867961275586,0.0891178717809797,IM2602,0.04657534246575343,0.009802315316939144,0.009802315316939144,False,False,150.77258408327012,257.34048905139736,IM2606,0.3726027397260274,0.07822704025833842,0.07822704025833842,False,False,29.53271431882878,39.94090881784103,0.07511195746482646,37.6580749841027,0.8712328767123287,0.08114129404704291
2026-02-04,8207.12,3,3,0.043835616438356165,0.3698630136986301,-0.04350873353820085,0.07387516234434695,0.36004304199268866,IM2602,0.043835616438356165,-0.04350873353820085,IM2603,0.12054794520547946,0.023760891359648803,IM2606,0.3698630136986301,0.07387516234434695,,,,0.07387516234434695,0.08914405960056086,IM2602,0.043835616438356165,0.0,-0.043597218025322126,True,False,158.9995751257683,273.236901821559,IM2606,0.3698630136986301,0.07334194013292195,0.07334194013292195,False,False,45.460350154376435,59.768935507507415,0.07419216153431789,31.899075992401936,0.8684931506849315,0.07887639069575793
2026-02-05,8068.077,3,3,0.0410958904109589,0.36712328767123287,-0.009306928152551786,0.08417974684898027,0.2867448434920941,IM2602,0.0410958904109589,-0.009306928152551786,IM2603,0.1178082191780822,0.04980230656555176,IM2606,0.36712328767123287,0.08417974684898027,,,,0.08417974684898027,0.0944603765143512,IM2602,0.0410958904109589,0.0,-0.009324583788677149,True,False,181.6267200795653,309.0434541852975,IM2606,0.36712328767123287,0.0834295526586291,0.0834295526586291,False,False,31.777482281773075,39.615659780886226,0.07539216495396081,46.536701306759944,0.8657534246575342,0.0818931769093903
2026-02-06,8051.574,3,3,0.038356164383561646,0.3643835616438356,0.10034320915517106,0.09630125854746847,-0.012397579595054149,IM2602,0.038356164383561646,0.10034320915517106,IM2603,0.11506849315068493,0.08584530776224165,IM2606,0.3643835616438356,0.09630125854746847,,,,0.09630125854746847,0.09936863125411458,IM2602,0.038356164383561646,0.10021954110197046,0.10021954110197046,False,False,12.615204312053152,16.540213705988332,IM2606,0.3643835616438356,0.09525032171778897,0.09525032171778897,False,False,6.723112239776816,10.822207839259232,0.08345876351947218,52.588619294321276,0.863013698630137,0.09009555326003676
2026-02-09,8233.778,3,3,0.030136986301369864,0.3561643835616438,-0.06943320037548861,0.07877752664858675,0.4545959274267858,IM2602,0.030136986301369864,-0.06943320037548861,IM2603,0.10684931506849316,0.021339076731225523,IM2606,0.3561643835616438,0.07877752664858675,,,,0.07877752664858675,0.09462649228136158,IM2602,0.030136986301369864,0.0,-0.06955383101613322,True,False,162.97388115304292,280.5774921730494,IM2606,0.3561643835616438,0.07816655956251671,0.07816655956251671,False,False,43.475224167951,60.719776175899426,0.08147705803359592,31.781822287053874,0.8547945205479452,0.08705083221117263
2026-02-10,8250.3,3,3,0.0273972602739726,0.35342465753424657,0.0009814050916926269,0.08497528434812746,0.2576282851142749,IM2602,0.0273972602739726,0.0009814050916926269,IM2603,0.10410958904109589,0.04483020749621679,IM2606,0.35342465753424657,0.08497528434812746,,,,0.08497528434812746,0.09581439466599394,IM2602,0.0273972602739726,0.0009764493412312454,0.0009764493412312454,False,False,173.41453706497916,296.8725949558774,IM2606,0.35342465753424657,0.08423492046847791,0.08423492046847791,False,False,27.142101799706392,41.02408473824458,0.08123486305880728,38.344519083301,0.852054794520548,0.08745140180956998
2026-02-11,8239.513,3,3,0.024657534246575342,0.3506849315068493,-0.08169549220516553,0.07341794801910204,0.47576811497359384,IM2602,0.024657534246575342,-0.08169549220516553,IM2603,0.10136986301369863,0.018219830402869883,IM2606,0.3506849315068493,0.07341794801910204,,,,0.07341794801910204,0.08799064991212445,IM2602,0.024657534246575342,0.0,-0.08182310262484853,True,False,149.48297633457346,257.4656807245216,IM2606,0.3506849315068493,0.07292072196044855,0.07292072196044855,False,False,38.864071894306896,55.45021883918876,0.07625115752547461,28.01154709088905,0.8493150684931506,0.08087632561059274
2026-02-12,8314.832,3,3,0.021917808219178082,0.34794520547945207,-0.1474246271031128,0.0662839787132319,0.6554927825459312,IM2602,0.021917808219178082,-0.1474246271031128,IM2603,0.09863013698630137,-0.008211169046664094,IM2606,0.34794520547945207,0.0662839787132319,,,,0.0662839787132319,0.0855004298951313,IM2602,0.021917808219178082,0.0,-0.14773219230406195,True,False,134.537176155971,230.63192593370954,IM2606,0.34794520547945207,0.06591328602219751,0.06591328602219751,False,False,50.10988128369654,73.10905157476866,0.07445817199099061,25.690193835709138,0.8465753424657534,0.07899121611162145
2026-02-13,8204.829,3,3,0.019178082191780823,0.3452054794520548,0.05069801756734513,0.0854247440756423,0.10651474937418877,IM2602,0.019178082191780823,0.05069801756734513,IM2603,0.0958904109589041,0.04013854218452645,IM2606,0.3452054794520548,0.0854247440756423,,,,0.0854247440756423,0.09682980440438485,IM2602,0.019178082191780823,0.05068898293222719,0.05068898293222719,False,False,69.47589321814743,119.90975079644706,IM2606,0.3452054794520548,0.0846914665296399,0.0846914665296399,False,False,24.993842454462836,42.72198224873832,0.08395980306174294,26.3789595403062,0.8438356164383561,0.08825442599492143
2026-02-24,8299.771,2,2,0.06575342465753424,0.3150684931506849,0.07281098845880808,0.09317798013323901,0.08169177979304713,IM2603,0.06575342465753424,0.07281098845880808,IM2606,0.3150684931506849,0.09317798013323901,,,,,,,0.09317798013323901,0.09685709950841848,IM2603,0.06575342465753424,0.07271940133448779,0.07271940133448779,False,True,45.57908776150361,64.45853594127053,IM2606,0.3150684931506849,0.09234082775872093,0.09234082775872093,False,False,9.269898977695151,12.841538169805895,0.08635438653081651,34.72736793219984,0.8136986301369863,0.08990573194544041
2026-02-25,8426.331,3,3,0.06301369863013699,0.31232876712328766,0.05909142960212804,0.088720684915849,0.11884261746712255,IM2603,0.06301369863013699,0.05909142960212804,IM2604,0.13972602739726028,0.06441474012738767,IM2606,0.31232876712328766,0.088720684915849,,,,0.088720684915849,0.10225146983592265,IM2603,0.06301369863013699,0.0590433222385562,0.0590433222385562,False,False,53.69028626017407,92.69094096469566,IM2606,0.31232876712328766,0.08798844171147434,0.08798844171147434,False,False,21.76964251208841,32.93859673392841,0.0858129165149576,19.433537582350684,0.810958904109589,0.08825681855521975
2026-02-26,8490.617,3,3,0.06027397260273973,0.3095890410958904,0.11252086905147024,0.10879080089091023,-0.014961262402246205,IM2603,0.06027397260273973,0.11252086905147024,IM2604,0.136986301369863,0.09989320198072058,IM2606,0.3095890410958904,0.10879080089091023,,,,0.10879080089091023,0.11366619755402783,IM2603,0.06027397260273973,0.11226337197231528,0.11226337197231528,False,False,11.586623161938999,16.945438344649716,IM2606,0.3095890410958904,0.10758153655804313,0.10758153655804313,False,False,6.678354783056862,10.531965174414111,0.09152699063067103,24.771206849837746,0.8082191780821918,0.09240883477308291
2026-02-27,8560.843,3,3,0.057534246575342465,0.30684931506849317,0.07988071748429215,0.1088487699921543,0.11619054027878772,IM2603,0.057534246575342465,0.07988071748429215,IM2604,0.13424657534246576,0.0852333354375962,IM2606,0.30684931506849317,0.1088487699921543,,,,0.1088487699921543,0.12158025693161317,IM2603,0.057534246575342465,0.07977768555648088,0.07977768555648088,False,False,51.67550675784374,89.2044234738488,IM2606,0.30684931506849317,0.10764855179232113,0.10764855179232113,False,False,19.784712275576396,30.091660311821656,0.0962055134420259,21.728741770336743,0.8054794520547945,0.09736017728285264
2026-03-02,8476.965,3,3,0.049315068493150684,0.29863013698630136,0.1475766643218477,0.11876286785686777,-0.11557182098590857,IM2603,0.049315068493150684,0.1475766643218477,IM2604,0.12602739726027398,0.11109689234661663,IM2606,0.29863013698630136,0.11876286785686777,,,,0.11876286785686777,0.12268870076005182,IM2603,0.049315068493150684,0.14717618340474134,0.14717618340474134,False,False,55.57933116874279,84.85072314296558,IM2606,0.29863013698630136,0.11732064666969011,0.11732064666969011,False,False,10.044926071486143,14.920775828461194,0.09918477733663308,26.1597408266593,0.7972602739726027,0.09960834053782477
2026-03-03,8142.454,3,3,0.04657534246575343,0.2958904109589041,0.054449315849555896,0.10109473566226711,0.18709426628175377,IM2603,0.04657534246575343,0.054449315849555896,IM2604,0.1232876712328767,0.07342379071667779,IM2606,0.2958904109589041,0.10109473566226711,,,,0.10109473566226711,0.11501143400085118,IM2603,0.04657534246575343,0.05442169385587334,0.05442169385587334,False,False,80.87178600687426,138.10105520796043,IM2606,0.2958904109589041,0.10012953079237769,0.10012953079237769,False,False,22.692587712629425,32.924885024835554,0.09045953992581451,21.37850395615603,0.7945205479452054,0.09035388861101316
2026-03-04,8094.518,3,3,0.043835616438356165,0.29315068493150687,0.10560458652684127,0.11378745856876232,0.03282140983847457,IM2603,0.043835616438356165,0.10560458652684127,IM2604,0.12054794520547946,0.09837663001630254,IM2606,0.29315068493150687,0.11378745856876232,,,,0.11378745856876232,0.12139536140535827,IM2603,0.043835616438356165,0.10544417036320197,0.10544417036320197,False,False,14.95331796710329,24.458406520410822,IM2606,0.29315068493150687,0.11250990412426652,0.11250990412426652,False,False,10.22188678965654,17.037371527407803,0.0955361745041884,25.694928365217333,0.7917808219178082,0.09589948106389966
2026-03-05,8171.119,3,3,0.0410958904109589,0.29041095890410956,0.142760217317243,0.12400801362217415,-0.07521488295274872,IM2603,0.0410958904109589,0.142760217317243,IM2604,0.1178082191780822,0.12002239736782741,IM2606,0.29041095890410956,0.12400801362217415,,,,0.12400801362217415,0.1259383379633205,IM2603,0.0410958904109589,0.1424510784059473,0.1424510784059473,False,False,34.48153443252806,53.560681289862224,IM2606,0.29041095890410956,0.12245292562374999,0.12245292562374999,False,False,5.722504065149406,8.345462339790535,0.10191872258226035,22.349949558163726,0.7890410958904109,0.10014408313543838
2026-03-06,8248.857,3,3,0.038356164383561646,0.2876712328767123,0.1373866341697295,0.1256175640325988,-0.04720561098959013,IM2603,0.038356164383561646,0.1373866341697295,IM2604,0.11506849315068493,0.11348301446012668,IM2606,0.2876712328767123,0.1256175640325988,,,,0.1256175640325988,0.1313800898569691,IM2603,0.038356164383561646,0.13712276362306275,0.13712276362306275,False,False,24.734423272380468,33.09714950681314,IM2606,0.2876712328767123,0.1240291948788726,0.1240291948788726,False,False,8.04971692077314,12.135330892803209,0.10355594788997283,22.690414840243026,0.7863013698630137,0.10277773632746698
2026-03-09,8203.869,3,3,0.030136986301369864,0.27945205479452057,0.07209153008559295,0.12313399952264353,0.20473078400575231,IM2603,0.030136986301369864,0.07209153008559295,IM2604,0.10684931506849316,0.10442121274384432,IM2606,0.27945205479452057,0.12313399952264353,,,,0.12313399952264353,0.13148090337087764,IM2603,0.030136986301369864,0.07205066270339494,0.07205066270339494,False,False,84.80340586077835,142.75343439899652,IM2606,0.27945205479452057,0.12166196237027052,0.12166196237027052,False,False,13.89787701335881,18.42162288851057,0.1043023929463167,10.245695996786157,0.7780821917808219,0.09891863580297286
2026-03-10,8350.09,3,3,0.0273972602739726,0.27671232876712326,0.17985500557013184,0.12873140186649729,-0.20505621265743534,IM2603,0.0273972602739726,0.17985500557013184,IM2604,0.10410958904109589,0.12466045575598216,IM2606,0.27671232876712326,0.12873140186649729,,,,0.12873140186649729,0.13050742845404623,IM2603,0.0273972602739726,0.17950546640814555,0.17950546640814555,False,False,87.55952333618104,140.49809640291696,IM2606,0.27671232876712326,0.12711196579383513,0.12711196579383513,False,False,8.858174331058994,14.450147883917511,0.1049881006660893,17.45419805693336,0.7753424657534247,0.10404707276120005
2026-03-11,8363.526,3,3,0.024657534246575342,0.273972602739726,0.2657485773673002,0.14172848493854237,-0.497443227873589,IM2603,0.024657534246575342,0.2657485773673002,IM2604,0.10136986301369863,0.16080272060682785,IM2606,0.273972602739726,0.14172848493854237,,,,0.14172848493854237,0.13359528725523998,IM2603,0.024657534246575342,0.2650055156162596,0.2650055156162596,False,False,204.31157560272652,337.7452895279917,IM2606,0.273972602739726,0.1397210243622128,0.1397210243622128,False,False,22.00469627422641,31.0752870423515,0.10968011601242168,19.195205369900012,0.7726027397260274,0.10804506199396445
2026-03-12,8335.908,3,3,0.021917808219178082,0.27123287671232876,0.34246388213478557,0.15188040105398035,-0.7644282482911419,IM2603,0.021917808219178082,0.34246388213478557,IM2604,0.09863013698630137,0.17258029911822695,IM2606,0.27123287671232876,0.15188040105398035,,,,0.15188040105398035,0.14326016953133522,IM2603,0.021917808219178082,0.3413270228030278,0.3413270228030278,False,False,311.8406765041125,513.8415220042657,IM2606,0.27123287671232876,0.1495495743635044,0.1495495743635044,False,False,27.950947804280467,42.28258800466388,0.11392531367755816,16.6739757277863,0.7698630136986301,0.11051295120996392
2026-03-13,8214.293,3,3,0.019178082191780823,0.2684931506849315,0.19353952686859807,0.14124266466171725,-0.20976213962100548,IM2603,0.019178082191780823,0.19353952686859807,IM2604,0.0958904109589041,0.14348619223728748,IM2606,0.2684931506849315,0.14124266466171725,,,,0.14124266466171725,0.14033091144607454,IM2603,0.019178082191780823,0.19325106372514134,0.19325106372514134,False,False,85.19824714299375,139.63898926617978,IM2606,0.2684931506849315,0.1392905091013372,0.1392905091013372,False,False,7.115721925885167,10.403921215638762,0.10765895877808554,28.192869837593072,0.7671232876712328,0.10524553434925533
2026-03-16,8211.352,3,2,0.08767123287671233,0.2602739726027397,0.14620203305131677,0.14292246855763874,-0.01900065143162667,IM2604,0.08767123287671233,0.14620203305131677,IM2606,0.2602739726027397,0.14292246855763874,,,,,,,0.14292246855763874,0.14169022514709825,IM2604,0.08767123287671233,0.1455064330453753,0.1455064330453753,False,True,9.998193373006398,15.946437702385003,IM2606,0.2602739726027397,0.14097691098859266,0.14097691098859266,False,False,10.279319499461685,16.442823681208083,0.11279848882986346,16.894309678209424,0.7589041095890411,0.10799204335411818
2026-03-17,8019.857,3,2,0.08493150684931507,0.25753424657534246,0.12152750959041984,0.14249816299208648,0.12149664272394162,IM2604,0.08493150684931507,0.12152750959041984,IM2606,0.25753424657534246,0.14249816299208648,,,,,,,0.14249816299208648,0.15015958761602213,IM2604,0.08493150684931507,0.12109103505976354,0.12109103505976354,False,False,31.835703501730038,55.13068563392755,IM2606,0.25753424657534246,0.1405860692921199,0.1405860692921199,False,False,9.883432799680564,16.18672193842997,0.10953875929113592,31.781992820661284,0.7561643835616438,0.10872842400956878
2026-03-18,8096.595,3,2,0.0821917808219178,0.2547945205479452,0.13382605673380402,0.1440929587690505,0.0594828451248408,IM2604,0.0821917808219178,0.13382605673380402,IM2606,0.2547945205479452,0.1440929587690505,,,,,,,0.1440929587690505,0.14773626908031864,IM2604,0.0821917808219178,0.1332952597151443,0.1332952597151443,False,False,17.775756570519686,27.511945534610774,IM2606,0.2547945205479452,0.1421516741801463,0.1421516741801463,False,False,9.10960891262087,13.329024273769628,0.11370932870820982,26.714048895569576,0.7534246575342466,0.11063250226723535
2026-03-19,7909.234,3,2,0.07945205479452055,0.25205479452054796,0.0931492064913797,0.13616994108654748,0.24924711313073394,IM2604,0.07945205479452055,0.0931492064913797,IM2606,0.25205479452054796,0.13616994108654748,,,,,,,0.13616994108654748,0.1509816460567559,IM2604,0.07945205479452055,0.09293705141314076,0.09293705141314076,False,False,64.00698788430778,108.97057123160008,IM2606,0.25205479452054796,0.1344856236339098,0.1344856236339098,False,False,22.8069121309288,32.842632798174854,0.11655899190311997,23.418933738623732,0.7506849315068493,0.11151702507402252
2026-03-20,7783.435,2,2,0.07671232876712329,0.2493150684931507,0.11351222830979826,0.1368263412419768,0.13507382889278036,IM2604,0.07671232876712329,0.11351222830979826,IM2606,0.2493150684931507,0.1368263412419768,,,,,,,0.1368263412419768,0.14460480936181472,IM2604,0.07671232876712329,0.11317762199924802,0.11317762199924802,False,False,41.69128403748291,58.95982057776184,IM2606,0.2493150684931507,0.13514136492054357,0.13514136492054357,False,False,12.10266784553102,16.59221438632536,0.10713200436241846,48.49397342716763,0.7479452054794521,0.10757064101370571
2026-03-23,7409.107,3,3,0.0684931506849315,0.2410958904109589,0.1091571754742082,0.1445095776668182,0.20481947302067707,IM2604,0.0684931506849315,0.1091571754742082,IM2605,0.14520547945205478,0.12405654984915596,IM2606,0.2410958904109589,0.1445095776668182,,,,0.1445095776668182,0.16801414920428195,IM2604,0.0684931506849315,0.1088855026658408,0.1088855026658408,False,False,51.19277136937786,85.88818082427302,IM2606,0.2410958904109589,0.14265932716931398,0.14265932716931398,False,False,20.624510322267408,27.01225199913386,0.11370568972901551,21.681662252057194,0.7397260273972602,0.10577107595199128
2026-03-24,7600.857,3,3,0.06575342465753424,0.23835616438356164,0.11686384072374102,0.13962028083496097,0.13184286731103623,IM2604,0.06575342465753424,0.11686384072374102,IM2605,0.14246575342465753,0.13945331558815272,IM2606,0.23835616438356164,0.13962028083496097,,,,0.13962028083496097,0.13980921622500875,IM2604,0.06575342465753424,0.11655602541485266,0.11655602541485266,False,False,36.90716363553459,54.97507456299681,IM2606,0.23835616438356164,0.13793105290173435,0.13793105290173435,False,False,8.42227917012967,13.852413486899383,0.11236999500992603,12.89608058600395,0.736986301369863,0.10520020303937207
2026-03-25,7751.181,3,3,0.06301369863013699,0.2356164383561644,0.22851927913285358,0.17262127347452355,-0.3238535248458803,IM2604,0.06301369863013699,0.22851927913285358,IM2605,0.13972602739726028,0.17397569070336466,IM2606,0.2356164383561644,0.17262127347452355,,,,0.17262127347452355,0.1711127018307521,IM2604,0.06301369863013699,0.2271553326210371,0.2271553326210371,False,False,85.69729917353881,128.49120785206017,IM2606,0.2356164383561644,0.1699097363356629,0.1699097363356629,False,False,21.88659205257769,36.93204066672286,0.12015042954473983,35.0287501607478,0.7342465753424657,0.11372166612416221
2026-03-26,7639.376,3,3,0.06027397260273973,0.2328767123287671,0.19723832335354785,0.1708895812289826,-0.1526554107216876,IM2604,0.06027397260273973,0.19723832335354785,IM2605,0.136986301369863,0.171174757989969,IM2606,0.2328767123287671,0.1708895812289826,,,,0.1708895812289826,0.17057705875118928,IM2604,0.06027397260273973,0.19629497963755713,0.19629497963755713,False,False,39.516870709929286,59.163256567913564,IM2606,0.2328767123287671,0.16826933200703661,0.16826933200703661,False,False,10.92325785466612,17.46076190748552,0.12063390843556743,26.6661785838775,0.7315068493150685,0.11438292237769454
2026-03-27,7746.313,3,3,0.057534246575342465,0.23013698630136986,0.12829120569480013,0.14664482670572562,0.10633447093631437,IM2604,0.057534246575342465,0.12829120569480013,IM2605,0.13424657534246576,0.12996360790221173,IM2606,0.23013698630136986,0.14664482670572562,,,,0.14664482670572562,0.16462398143806087,IM2604,0.057534246575342465,0.12795455359275656,0.12795455359275656,False,False,24.882723971216247,43.01323127368217,IM2606,0.23013698630136986,0.14481705351768176,0.14481705351768176,False,False,12.983443136437264,19.940242059123733,0.11760715614130078,14.121692869711108,0.7287671232876712,0.10935452316265694
2026-03-30,7767.93,3,3,0.049315068493150684,0.2219178082191781,0.20917126965875937,0.1725256164996033,-0.2123121175093963,IM2604,0.049315068493150684,0.20917126965875937,IM2605,0.12602739726027398,0.1686088498835497,IM2606,0.2219178082191781,0.1725256164996033,,,,0.1725256164996033,0.1765309894211003,IM2604,0.049315068493150684,0.20829161837337787,0.20829161837337787,False,False,54.16358004056526,79.37112744591164,IM2606,0.2219178082191781,0.16997314138998854,0.16997314138998854,False,False,11.67209111227859,19.330583803778065,0.12113395075418254,16.971201667039885,0.9698630136986301,0.12354389335638347
2026-03-31,7619.85,3,3,0.04657534246575343,0.2191780821917808,0.15071656182376142,0.16629359674336816,0.09024790072470573,IM2604,0.04657534246575343,0.15071656182376142,IM2605,0.1232876712328767,0.15075408100832827,IM2606,0.2191780821917808,0.16629359674336816,,,,0.16629359674336816,0.18189393250085442,IM2604,0.04657534246575343,0.1503194558793615,0.1503194558793615,False,False,20.216730385999927,35.011815592343936,IM2606,0.2191780821917808,0.16397306049331722,0.16397306049331722,False,False,10.48163947448646,16.297371967794763,0.11579680083979041,25.888046417297684,0.9671232876712329,0.11959090839644826
2026-04-01,7764.153,3,3,0.043835616438356165,0.21643835616438356,0.1891390706343683,0.16848302122554829,-0.11967393705110008,IM2604,0.043835616438356165,0.1891390706343683,IM2605,0.12054794520547946,0.15154950420595997,IM2606,0.21643835616438356,0.16848302122554829,,,,0.16848302122554829,0.1851633639397948,IM2604,0.043835616438356165,0.18851359221025157,0.18851359221025157,False,False,35.894172925541376,44.559448553118706,IM2606,0.21643835616438356,0.16612244572156876,0.16612244572156876,False,False,12.06253594503514,17.56738155306295,0.11905817308468528,20.6037661206565,0.9643835616438357,0.1221984588093343
2026-04-02,7623.417,3,3,0.0410958904109589,0.2136986301369863,0.17632097511394465,0.17718357850771801,0.004997622836940921,IM2604,0.0410958904109589,0.17632097511394465,IM2605,0.1178082191780822,0.16239337524664385,IM2606,0.2136986301369863,0.17718357850771801,,,,0.17718357850771801,0.19147132006896392,IM2604,0.0410958904109589,0.17581993393950945,0.17581993393950945,False,False,9.286737149765509,15.817589692964965,IM2606,0.2136986301369863,0.1745729983125576,0.1745729983125576,False,False,8.897958182136524,14.348597036555914,0.12400324978941658,15.93548795417598,0.7123287671232876,0.11483779391541661
2026-04-03,7536.6,3,3,0.038356164383561646,0.21095890410958903,0.12051346898544098,0.16509916525540855,0.25831395457997086,IM2604,0.038356164383561646,0.12051346898544098,IM2605,0.11506849315068493,0.14145940252546618,IM2606,0.21095890410958903,0.16509916525540855,,,,0.16509916525540855,0.1874824584046362,IM2604,0.038356164383561646,0.12031996239304574,0.12031996239304574,False,False,56.31895638945063,94.46571562745093,IM2606,0.21095890410958903,0.16290091194796277,0.16290091194796277,False,False,17.26811086555484,24.672421801228104,0.1190301386524697,21.43496699179946,0.958904109589041,0.12202930767079055
2026-04-07,7606.017,3,3,0.0273972602739726,0.2,0.21061218608881577,0.17313408366389357,-0.2171350378586762,IM2604,0.0273972602739726,0.21061218608881577,IM2605,0.10410958904109589,0.16379456625323313,IM2606,0.2,0.17313408366389357,,,,0.17313408366389357,0.18124612164343865,IM2604,0.0273972602739726,0.2101153389480995,0.2101153389480995,False,False,50.97731843352079,73.96251056841085,IM2606,0.2,0.17081283673176081,0.17081283673176081,False,False,8.038163633738945,10.903931330701266,0.1207608182701245,15.071379665311166,0.947945205479452,0.12234124132227854
2026-04-08,7955.768,3,3,0.024657534246575342,0.19726027397260273,0.06267941082044527,0.13455912534135003,0.4164459650814324,IM2604,0.024657534246575342,0.06267941082044527,IM2605,0.10136986301369863,0.10864281771523568,IM2606,0.19726027397260273,0.13455912534135003,,,,0.13455912534135003,0.15655197786383188,IM2604,0.024657534246575342,0.06265696145097555,0.06265696145097555,False,False,86.19750841773586,141.8344054823828,IM2606,0.19726027397260273,0.1332744192641113,0.1332744192641113,False,False,17.63403419515601,24.96902074817717,0.10954910854293431,13.496494622711907,0.9452054794520548,0.11056402064345255
2026-04-09,7921.447,3,3,0.021917808219178082,0.19452054794520549,0.13792043219436903,0.1594892617249121,0.1249622663277495,IM2604,0.021917808219178082,0.13792043219436903,IM2605,0.09863013698630137,0.1421300421825758,IM2606,0.19452054794520549,0.1594892617249121,,,,0.1594892617249121,0.17387125621697375,IM2604,0.021917808219178082,0.13776817732921842,0.13776817732921842,False,False,24.52032125137956,42.25197238614421,IM2606,0.19452054794520549,0.1576138443705916,0.1576138443705916,False,False,9.401491169486572,15.271695308728694,0.11515564409378305,13.754190375643933,0.9424657534246575,0.11581948094551937
2026-04-10,7998.232,3,3,0.019178082191780823,0.1917808219178082,0.171676719066088,0.1603631252538775,-0.0655470117691561,IM2604,0.019178082191780823,0.171676719066088,IM2605,0.0958904109589041,0.14333092921716892,IM2606,0.1917808219178082,0.1603631252538775,,,,0.1603631252538775,0.17412887273560088,IM2604,0.019178082191780823,0.17145632899156407,0.17145632899156407,False,False,19.83237439577191,26.969561427502708,IM2606,0.1917808219178082,0.15849074931274082,0.15849074931274082,False,False,8.767518217504998,14.536813790275522,0.11464929421032206,20.11153877647781,0.9397260273972603,0.11621288583522879
2026-04-13,8025.572,3,2,0.08767123287671233,0.18356164383561643,0.17680076055911909,0.178385331277853,0.016524808923939382,IM2605,0.08767123287671233,0.17680076055911909,IM2606,0.18356164383561643,0.178385331277853,,,,,,,0.178385331277853,0.17956814664958265,IM2605,0.08767123287671233,0.1757279188324522,0.1757279188324522,False,True,14.491060263273294,24.60270346715961,IM2606,0.18356164383561643,0.1761050772846386,0.1761050772846386,False,False,14.389264400698554,24.561371034044697,0.12106118656266762,20.347703293844848,0.9315068493150684,0.12181438921997893
2026-04-14,8144.762,3,2,0.08493150684931507,0.18082191780821918,0.17682215599368237,0.17964903463773954,0.02948030585945338,IM2605,0.08493150684931507,0.17682215599368237,IM2606,0.18082191780821918,0.17964903463773954,,,,,,,0.17964903463773954,0.18170009828954117,IM2605,0.08493150684931507,0.17578240900854894,0.17578240900854894,False,False,15.565301553282696,26.02252982273629,IM2606,0.18082191780821918,0.1773666720904907,0.1773666720904907,False,False,15.139992843344853,25.89231641874242,0.12037554892408679,21.75015615821326,0.9287671232876712,0.12067490432163842
2026-04-15,8106.165,3,2,0.0821917808219178,0.1780821917808219,0.15123230697652668,0.16139546769878893,0.10598724753216351,IM2605,0.0821917808219178,0.15123230697652668,IM2606,0.1780821917808219,0.16139546769878893,,,,,,,0.16139546769878893,0.16855542437200696,IM2605,0.0821917808219178,0.15052709470713568,0.15052709470713568,False,False,11.434555291016212,19.354636834450908,IM2606,0.1780821917808219,0.15963014569774953,0.15963014569774953,False,False,4.862537228453774,6.9023331955256335,0.11621094474092718,22.430382314705493,0.9260273972602739,0.11795769307007668
2026-04-16,8232.983,3,2,0.07945205479452055,0.17534246575342466,0.11265094242125716,0.14662681193244195,0.35431978204521286,IM2605,0.07945205479452055,0.11265094242125716,IM2606,0.17534246575342466,0.14662681193244195,,,,,,,0.14662681193244195,0.16984210468885153,IM2605,0.07945205479452055,0.11231076160784983,0.11231076160784983,False,False,34.799437897888936,60.170608788326746,IM2606,0.17534246575342466,0.14523140724024353,0.14523140724024353,False,False,15.08802495812255,25.88584876029037,0.11108275814639289,14.233819931155002,0.9232876712328767,0.11218942004418815
2026-04-17,8307.436,2,2,0.07671232876712329,0.1726027397260274,0.10885940920122607,0.14366038686687269,0.3629244813703147,IM2605,0.07671232876712329,0.10885940920122607,IM2606,0.1726027397260274,0.14366038686687269,,,,,,,0.14366038686687269,0.16669577372720204,IM2605,0.07671232876712329,0.10855723612298276,0.10855723612298276,False,False,42.84320625075272,60.58899991411177,IM2606,0.1726027397260274,0.1423500151713379,0.1423500151713379,False,False,18.23684061161893,25.691423757893023,0.11109551550331598,11.840877402429387,0.9205479452054794,0.11100469416889489
2026-04-20,8357.814,2,2,0.0684931506849315,0.1643835616438356,0.16185835590702347,0.16630894023487486,0.04641323656187881,IM2605,0.0684931506849315,0.16185835590702347,IM2606,0.1643835616438356,0.16630894023487486,,,,,,,0.16630894023487486,0.16896535553819123,IM2605,0.0684931506849315,0.16117141156766643,0.16117141156766643,False,False,5.980956070363564,8.445252603630703,IM2606,0.1643835616438356,0.164563538583973,0.164563538583973,False,False,2.4150723972172763,2.8691533987420255,0.11309356446443682,23.555540217294475,0.9123287671232877,0.11403310612209655
2026-04-21,8351.156,2,2,0.06575342465753424,0.16164383561643836,0.14977042251095155,0.15567522348517804,0.06157863873121913,IM2605,0.06575342465753424,0.14977042251095155,IM2606,0.16164383561643836,0.15567522348517804,,,,,,,0.15567522348517804,0.15906973294543006,IM2605,0.06575342465753424,0.1492183381558196,0.1492183381558196,False,False,7.384647179270367,10.437157107729298,IM2606,0.16164383561643836,0.1541982891299878,0.1541982891299878,False,False,2.662351590359477,2.9114739412855797,0.11402942866080158,18.538340547428977,0.9095890410958904,0.11462973780104815
2026-04-22,8481.24,2,2,0.06301369863013699,0.1589041095890411,0.09961042175574704,0.13867489707690284,0.407386671206339,IM2605,0.06301369863013699,0.09961042175574704,IM2606,0.1589041095890411,0.13867489707690284,,,,,,,0.13867489707690284,0.16026661999218117,IM2605,0.06301369863013699,0.09941107053049968,0.09941107053049968,False,False,44.11777830669538,62.391833964147324,IM2606,0.1589041095890411,0.13756291654814987,0.13756291654814987,False,False,16.956744975020964,23.915270691101625,0.11186453745891632,12.443883773448167,0.9068493150684932,0.11134369527169007
2026-04-23,8362.74,2,2,0.06027397260273973,0.15616438356164383,0.08149595196765648,0.13086550894872548,0.5148539513740052,IM2605,0.06027397260273973,0.08149595196765648,IM2606,0.15616438356164383,0.13086550894872548,,,,,,,0.13086550894872548,0.15705166300772536,IM2605,0.06027397260273973,0.08138212204047188,0.08138212204047188,False,False,54.64199937313817,77.27542613069684,IM2606,0.15616438356164383,0.12991130288910105,0.12991130288910105,False,False,20.66157265447972,29.181855349912876,0.10911229295182547,16.745227622431948,0.9041095890410958,0.1095269107698132
2026-04-24,8304.141,2,2,0.057534246575342465,0.15342465753424658,0.0958098782597369,0.13173274136276847,0.37462414378875775,IM2605,0.057534246575342465,0.0958098782597369,IM2606,0.15342465753424658,0.13173274136276847,,,,,,,0.13173274136276847,0.14997958744304804,IM2605,0.057534246575342465,0.09564478975007691,0.09564478975007691,False,False,39.151015883486274,55.367816172899026,IM2606,0.15342465753424658,0.13078049794674698,0.13078049794674698,False,False,14.264504436955296,20.120082559648985,0.10493253171964735,21.15543409359526,0.9013698630136986,0.10590395338701422
2026-04-27,8338.726,2,2,0.049315068493150684,0.14520547945205478,0.10999456522635605,0.1362067604933993,0.27335575064202255,IM2605,0.049315068493150684,0.10999456522635605,IM2606,0.14520547945205478,0.1362067604933993,,,,,,,0.1362067604933993,0.14772986723466855,IM2605,0.049315068493150684,0.10979515842375065,0.10979515842375065,False,False,27.118407369368963,38.35109341620215,IM2606,0.14520547945205478,0.1352318236351193,0.1352318236351193,False,False,8.857237737224516,12.445771270072768,0.10470481667763135,15.072998260637831,0.8931506849315068,0.10398470547102852
2026-04-28,8226.692,2,2,0.04657534246575343,0.14246575342465753,0.08192222338193805,0.12581899180549808,0.45778058498855456,IM2605,0.04657534246575343,0.08192222338193805,IM2606,0.14246575342465753,0.12581899180549808,,,,,,,0.12581899180549808,0.14410272603499027,IM2605,0.04657534246575343,0.08183301580642242,0.08183301580642242,False,False,44.310822318194724,62.66495210827155,IM2606,0.14246575342465753,0.12502534358234696,0.12502534358234696,False,False,14.217966683529617,20.075425846766468,0.10268475529505224,16.843252423392233,0.8904109589041096,0.10263147174508809
2026-04-29,8343.065,2,2,0.043835616438356165,0.13972602739726028,0.04918003733899254,0.10375261778603229,0.5691140532334145,IM2605,0.043835616438356165,0.04918003733899254,IM2606,0.13972602739726028,0.10375261778603229,,,,,,,0.10375261778603229,0.12521427290665282,IM2605,0.043835616438356165,0.04916138283712519,0.04916138283712519,False,False,53.936807260945564,76.2781639012128,IM2606,0.13972602739726028,0.10326446963471396,0.10326446963471396,False,False,16.771196543723946,23.708244294015753,0.09737612448455608,16.614361490041752,0.8876712328767123,0.0971573580505125
2026-04-30,8381.947,3,3,0.0410958904109589,0.3863013698630137,0.05645204059455003,0.11542196609076061,0.1708255778263243,IM2605,0.0410958904109589,0.05645204059455003,IM2606,0.136986301369863,0.11003733157601674,IM2609,0.3863013698630137,0.11542196609076061,,,,0.11542196609076061,0.11723764896190711,IM2605,0.0410958904109589,0.05642475111490744,0.05642475111490744,False,False,138.24535526614997,227.9070496327477,IM2606,0.136986301369863,0.10948435250187045,0.10948435250187045,False,False,18.272624362734998,22.937082631055222,0.09583255674660053,18.48459424900326,0.8849315068493151,0.09592488257901219
2026-05-06,8574.556,3,3,0.024657534246575342,0.3698630136986301,0.16667925053326366,0.11836718126580605,-0.13995162922715895,IM2605,0.024657534246575342,0.16667925053326366,IM2606,0.12054794520547946,0.13000546074417774,IM2609,0.3698630136986301,0.11836718126580605,,,,0.11836718126580605,0.11482121142323128,IM2605,0.024657534246575342,0.16641431903620235,0.16641431903620235,False,False,105.6830030635688,177.7085917535207,IM2606,0.12054794520547946,0.12927928672182729,0.12927928672182729,False,False,23.907647043973423,40.35984209761289,0.09543805578213155,31.67689722313174,0.8684931506849315,0.0978686604210604
2026-05-07,8714.51,3,3,0.021917808219178082,0.36712328767123287,0.06457605212305292,0.11073603499158262,0.13371741069058207,IM2605,0.021917808219178082,0.06457605212305292,IM2606,0.1178082191780822,0.10507968115937469,IM2609,0.36712328767123287,0.11073603499158262,,,,0.11073603499158262,0.11242757684361697,IM2605,0.021917808219178082,0.06455428360286579,0.06455428360286579,False,False,101.69313006756205,169.54396400241268,IM2606,0.1178082191780822,0.10465472167736913,0.10465472167736913,False,False,13.854750195330414,22.32591737272888,0.09497369956438817,18.118575387406295,0.8657534246575342,0.09570973307159462
2026-05-08,8741.151,3,3,0.019178082191780823,0.3643835616438356,0.13795229810256543,0.11615107002317496,-0.06315435118236129,IM2605,0.019178082191780823,0.13795229810256543,IM2606,0.11506849315068493,0.1189384149890479,IM2609,0.3643835616438356,0.11615107002317496,,,,0.11615107002317496,0.11533337050947735,IM2605,0.019178082191780823,0.13781898876115764,0.13781898876115764,False,False,47.27856756273259,78.95433403155289,IM2606,0.11506849315068493,0.11837735436944195,0.11837735436944195,False,False,5.174233644669617,8.112214193246114,0.09587745505211454,20.793205623168642,0.863013698630137,0.0962298187635463
2026-05-11,8866.779,3,2,0.10684931506849316,0.3561643835616438,0.17300407635427162,0.13379368908401326,-0.1572724324576297,IM2606,0.10684931506849316,0.17300407635427162,IM2609,0.3561643835616438,0.13379368908401326,,,,,,,0.13379368908401326,0.12297438457304179,IM2606,0.10684931506849316,0.17176017969535254,0.17176017969535254,False,True,80.79992945773654,135.22311724586726,IM2606,0.10684931506849316,0.17176017969535254,0.17176017969535254,False,False,80.79992945773654,135.22311724586726,0.10358669038992704,36.30789989721248,0.8547945205479452,0.10394695350342968
2026-05-12,8821.887,3,2,0.10410958904109589,0.35342465753424657,0.1516486985296559,0.12783415378746535,-0.09551987726263245,IM2606,0.10410958904109589,0.1516486985296559,IM2609,0.35342465753424657,0.12783415378746535,,,,,,,0.12783415378746535,0.12140426255615526,IM2606,0.10410958904109589,0.15075062476340018,0.15075062476340018,False,False,47.683484648214716,80.99245906563176,IM2606,0.10410958904109589,0.15075062476340018,0.15075062476340018,False,False,47.683484648214716,80.99245906563176,0.10263815707954596,16.86689949732156,0.852054794520548,0.10087375749632486
2026-05-13,8955.447,3,2,0.10136986301369863,0.3506849315068493,0.11390870674071385,0.11414773253730359,0.0009587298434643515,IM2606,0.10136986301369863,0.11390870674071385,IM2609,0.3506849315068493,0.11414773253730359,,,,,,,0.11414773253730359,0.1142108370747203,IM2606,0.10136986301369863,0.11346313915868038,0.11346313915868038,False,False,6.686080794193796,11.32004177186148,IM2606,0.10136986301369863,0.11346313915868038,0.11346313915868038,False,False,6.686080794193796,11.32004177186148,0.09810568649663202,8.734560458703344,0.8493150684931506,0.09609740220865938
2026-05-14,8778.709,3,2,0.09863013698630137,0.34794520547945207,0.12320815087262912,0.11773345963621416,-0.021958926387818246,IM2606,0.09863013698630137,0.12320815087262912,IM2609,0.34794520547945207,0.11773345963621416,,,,,,,0.11773345963621416,0.11632123159124642,IM2606,0.09863013698630137,0.1226846284826433,0.1226846284826433,False,False,11.84053725360123,17.227354616341138,IM2606,0.09863013698630137,0.1226846284826433,0.1226846284826433,False,False,11.84053725360123,17.227354616341138,0.10106519774671163,20.62988902593763,0.8465753424657534,0.10239435905903266
2026-05-15,8682.654,2,2,0.0958904109589041,0.3452054794520548,0.14087073453280022,0.12284655533673561,-0.0722947846875119,IM2606,0.0958904109589041,0.14087073453280022,IM2609,0.3452054794520548,0.12284655533673561,,,,,,,0.12284655533673561,0.11830727311559815,IM2606,0.0958904109589041,0.14017296620529698,0.14017296620529698,False,False,42.2959188343079,59.81171971065062,IM2606,0.0958904109589041,0.14017296620529698,0.14017296620529698,False,False,42.2959188343079,59.81171971065062,0.10428233680776175,25.73522741542123,0.8438356164383561,0.10639148609867771
2026-05-18,8720.213,3,3,0.08767123287671233,0.336986301369863,0.13517951273265663,0.1238917105665467,-0.04527525044648489,IM2606,0.08767123287671233,0.13517951273265663,IM2607,0.1643835616438356,0.1272654336549209,IM2609,0.336986301369863,0.1238917105665467,,,,0.1238917105665467,0.12176140140180682,IM2606,0.08767123287671233,0.13459992792033781,0.13459992792033781,False,False,21.967899208731158,36.08522560318676,IM2606,0.08767123287671233,0.13459992792033781,0.13459992792033781,False,False,21.967899208731158,36.08522560318676,0.10448372362301356,16.70080524998617,0.8356164383561644,0.10501325277256807
2026-05-19,8808.645,3,3,0.08493150684931507,0.33424657534246577,0.14097926235749625,0.12685082418593502,-0.05666901024856976,IM2606,0.08493150684931507,0.14097926235749625,IM2607,0.16164383561643836,0.13873118135457468,IM2609,0.33424657534246577,0.12685082418593502,,,,0.12685082418593502,0.1194436191097538,IM2606,0.08493150684931507,0.14035985762447198,0.14035985762447198,False,False,26.11541386480057,45.153481630179826,IM2606,0.08493150684931507,0.14035985762447198,0.14035985762447198,False,False,26.11541386480057,45.153481630179826,0.10690173092886704,14.293742217838869,0.8328767123287671,0.10633083626021302
2026-05-20,8808.91,3,3,0.0821917808219178,0.3315068493150685,0.16437132171793575,0.13336620231821927,-0.12436119319666498,IM2606,0.0821917808219178,0.16437132171793575,IM2607,0.1589041095890411,0.1516092852877798,IM2609,0.3315068493150685,0.13336620231821927,,,,0.13336620231821927,0.12213871329081243,IM2606,0.0821917808219178,0.1635181348581529,0.1635181348581529,False,False,58.73597025901709,99.9557215707395,IM2606,0.0821917808219178,0.1635181348581529,0.1635181348581529,False,False,58.73597025901709,99.9557215707395,0.11082584527192355,14.639955551064125,0.8301369863013699,0.10914493378415134
2026-05-21,8510.496,3,3,0.07945205479452055,0.3287671232876712,0.12737556832017838,0.12083051069813788,-0.026252154198294297,IM2606,0.07945205479452055,0.12737556832017838,IM2607,0.15616438356164383,0.12674800184684684,IM2609,0.3287671232876712,0.12083051069813788,,,,0.12083051069813788,0.11723678319686716,IM2606,0.07945205479452055,0.12691884630379757,0.12691884630379757,False,False,11.559425635948424,20.01644582682549,IM2606,0.07945205479452055,0.12691884630379757,0.12691884630379757,False,False,11.559425635948424,20.01644582682549,0.1060162574258141,18.63491962634614,0.8273972602739726,0.10627449967550245
2026-05-22,8692.666,3,3,0.07671232876712329,0.32602739726027397,0.17518012545639705,0.13587372372055756,-0.1576575454239716,IM2606,0.07671232876712329,0.17518012545639705,IM2607,0.15342465753424658,0.1516880618387996,IM2609,0.32602739726027397,0.13587372372055756,,,,0.13587372372055756,0.12639956316752854,IM2606,0.07671232876712329,0.1742601298283272,0.1742601298283272,False,False,74.97196178543055,125.1502007349207,IM2606,0.07671232876712329,0.1742601298283272,0.1742601298283272,False,False,74.97196178543055,125.1502007349207,0.1089062912538166,23.500023214577844,0.8246575342465754,0.10795257152750908
2026-05-25,8799.312,3,3,0.0684931506849315,0.3178082191780822,0.25063859854276116,0.15319744625802859,-0.3908353910321691,IM2606,0.0684931506849315,0.25063859854276116,IM2607,0.14520547945205478,0.1874017859712575,IM2609,0.3178082191780822,0.15319744625802859,,,,0.15319744625802859,0.13356732357068432,IM2606,0.0684931506849315,0.248826435521323,0.248826435521323,False,False,182.8680395553657,303.91678779567553,IM2606,0.0684931506849315,0.248826435521323,0.248826435521323,False,False,182.8680395553657,303.91678779567553,0.11727470619815784,30.97683170976998,0.8164383561643835,0.11624222850435909
2026-05-26,8687.253,3,3,0.06575342465753424,0.3150684931506849,0.1805969591208693,0.1404306694583881,-0.16110654644841352,IM2606,0.06575342465753424,0.1805969591208693,IM2607,0.14246575342465753,0.15415051002471394,IM2609,0.3150684931506849,0.1404306694583881,,,,0.1404306694583881,0.1326742907951032,IM2606,0.06575342465753424,0.1797520000472734,0.1797520000472734,False,False,74.56346143002858,123.88912377319919,IM2606,0.06575342465753424,0.1797520000472734,0.1797520000472734,False,False,74.56346143002858,123.88912377319919,0.11284603755242957,10.255150731237329,0.8136986301369863,0.11045877148152937
2026-05-27,8546.514,3,3,0.06301369863013699,0.31232876712328766,0.21676676950938223,0.14885025511746894,-0.27241239289064123,IM2606,0.06301369863013699,0.21676676950938223,IM2607,0.13972602739726028,0.16987388932674924,IM2609,0.31232876712328766,0.14885025511746894,,,,0.14885025511746894,0.13714668731955645,IM2606,0.06301369863013699,0.2155519398089471,0.2155519398089471,False,False,125.79730984586153,208.32854944735828,IM2606,0.06301369863013699,0.2155519398089471,0.2155519398089471,False,False,125.79730984586153,208.32854944735828,0.11954021982541088,17.042966406318428,0.810958904109589,0.11772658607103702
2026-05-28,8637.743,3,3,0.06027397260273973,0.3095890410958904,0.23914404853416024,0.15374191999075468,-0.34254699910267067,IM2606,0.06027397260273973,0.23914404853416024,IM2607,0.136986301369863,0.1792072601521589,IM2609,0.3095890410958904,0.15374191999075468,,,,0.15374191999075468,0.1397883089434099,IM2606,0.06027397260273973,0.23770309779891824,0.23770309779891824,False,False,157.0432807515013,259.93460526910826,IM2606,0.06027397260273973,0.23770309779891824,0.23770309779891824,False,False,157.0432807515013,259.93460526910826,0.12104458430041189,21.74811848523624,0.8082191780821918,0.11989595211042263
2026-05-29,8408.736,3,3,0.057534246575342465,0.30684931506849317,0.15266142338913208,0.1366808927144277,-0.06409773292601202,IM2606,0.057534246575342465,0.15266142338913208,IM2607,0.13424657534246576,0.14392611391307428,IM2609,0.30684931506849317,0.1366808927144277,,,,0.1366808927144277,0.1327748693528438,IM2606,0.057534246575342465,0.1521564348587704,0.1521564348587704,False,False,28.14924420340619,47.48659507305205,IM2606,0.057534246575342465,0.1521564348587704,0.1521564348587704,False,False,28.14924420340619,47.48659507305205,0.1177546855282177,7.611850052491881,0.8054794520547945,0.11560931236510501
2026-06-01,8345.129,3,3,0.049315068493150684,0.29863013698630136,0.11579119643049232,0.12736825049213266,0.04643543662086508,IM2606,0.049315068493150684,0.11579119643049232,IM2607,0.12602739726027398,0.12521811704862096,IM2609,0.29863013698630136,0.12736825049213266,,,,0.12736825049213266,0.12846935818644856,IM2606,0.049315068493150684,0.11556529590162758,0.11556529590162758,False,False,21.52802935355187,35.247179462055065,IM2606,0.049315068493150684,0.11556529590162758,0.11556529590162758,False,False,21.52802935355187,35.247179462055065,0.11034618805266755,21.996316118520443,0.7972602739726027,0.11091379607615906
2026-06-02,8384.781,3,3,0.04657534246575343,0.2958904109589041,0.17465887786638376,0.13411117921908544,-0.16263637369520753,IM2606,0.04657534246575343,0.17465887786638376,IM2607,0.1232876712328767,0.145544330362667,IM2609,0.2958904109589041,0.13411117921908544,,,,0.13411117921908544,0.1283610425382626,IM2606,0.04657534246575343,0.17410318654574825,0.17410318654574825,False,False,71.27964499573208,118.33251482957729,IM2606,0.04657534246575343,0.17410318654574825,0.17410318654574825,False,False,71.27964499573208,118.33251482957729,0.11219035075862345,22.6376704814477,0.7945205479452054,0.11182351714395662
2026-06-03,8432.679,3,3,0.043835616438356165,0.29315068493150687,0.19455686532401717,0.14075035030750238,-0.215817340450856,IM2606,0.043835616438356165,0.19455686532401717,IM2607,0.12054794520547946,0.1557563786070368,IM2609,0.29315068493150687,0.14075035030750238,,,,0.14075035030750238,0.13334228623895203,IM2606,0.043835616438356165,0.19389072766792262,0.19389072766792262,False,False,93.77487332871837,155.78138020725885,IM2606,0.043835616438356165,0.19389072766792262,0.19389072766792262,False,False,93.77487332871837,155.78138020725885,0.11712112511003875,13.170975870644032,0.7917808219178082,0.11519678074850832
2026-06-04,8420.095,3,3,0.0410958904109589,0.29041095890410956,0.20943224672942543,0.14292923950739947,-0.266742831165269,IM2606,0.0410958904109589,0.20943224672942543,IM2607,0.1178082191780822,0.1583194435097024,IM2609,0.29041095890410956,0.14292923950739947,,,,0.14292923950739947,0.13547541467706034,IM2606,0.0410958904109589,0.20869680211446567,0.20869680211446567,False,False,115.47280747575101,190.99620921504183,IM2606,0.0410958904109589,0.20869680211446567,0.20869680211446567,False,False,115.47280747575101,190.99620921504183,0.11753361313353185,17.78142928973492,0.7890410958904109,0.11663080202136962
2026-06-05,8340.963,3,3,0.038356164383561646,0.2876712328767123,0.1741239270511235,0.1410102770165809,-0.13281848640228633,IM2606,0.038356164383561646,0.1741239270511235,IM2607,0.11506849315068493,0.15330027513463906,IM2609,0.2876712328767123,0.1410102770165809,,,,0.1410102770165809,0.13517393087832494,IM2606,0.038356164383561646,0.17366926371177463,0.17366926371177463,False,False,55.90492534884603,93.95050967110546,IM2606,0.038356164383561646,0.17366926371177463,0.17366926371177463,False,False,55.90492534884603,93.95050967110546,0.11766594119015243,18.399009910549747,0.7863013698630137,0.1163642961200904
2026-06-08,8081.261,3,3,0.030136986301369864,0.27945205479452057,0.05475923352148032,0.12699871354674622,0.2897517605409016,IM2606,0.030136986301369864,0.05475923352148032,IM2607,0.10684931506849316,0.11388348291009547,IM2609,0.27945205479452057,0.12699871354674622,,,,0.12699871354674622,0.1328488079429248,IM2606,0.030136986301369864,0.054741034058468294,0.054741034058468294,False,False,122.15745199947429,201.92557007683322,IM2606,0.030136986301369864,0.054741034058468294,0.054741034058468294,False,False,122.15745199947429,201.92557007683322,0.11379097720857961,16.629741154171537,0.7780821917808219,0.11253795697945279
2026-06-09,8318.698,3,3,0.0273972602739726,0.27671232876712326,0.39619455378038676,0.1643361549399361,-0.9299814898545549,IM2606,0.0273972602739726,0.39619455378038676,IM2607,0.10410958904109589,0.21231346631815876,IM2609,0.27671232876712326,0.1643361549399361,,,,0.1643361549399361,0.1434051530809959,IM2606,0.0273972602739726,0.39426253483418017,0.39426253483418017,False,False,383.2654298153707,636.2346402553055,IM2606,0.0273972602739726,0.39426253483418017,0.39426253483418017,False,False,383.2654298153707,636.2346402553055,0.12607501248353034,22.912591755748956,0.7753424657534247,0.12283416957463394
2026-06-10,8198.723,3,3,0.024657534246575342,0.273972602739726,0.20106717035502236,0.14762613449845566,-0.2143514075565588,IM2606,0.024657534246575342,0.20106717035502236,IM2607,0.10136986301369863,0.16365004845243875,IM2609,0.273972602739726,0.14762613449845566,,,,0.14762613449845566,0.14079358497382838,IM2606,0.024657534246575342,0.20066356865033264,0.20066356865033264,False,False,86.64530774428023,145.3080387722658,IM2606,0.024657534246575342,0.20066356865033264,0.20066356865033264,False,False,86.64530774428023,145.3080387722658,0.12209114404231265,18.030885365100985,0.7726027397260274,0.12115658774614217
2026-06-11,8159.455,3,3,0.021917808219178082,0.27123287671232876,0.20520813871502958,0.14539873919811191,-0.2398948442162082,IM2606,0.021917808219178082,0.20520813871502958,IM2607,0.09863013698630137,0.15818816271264569,IM2609,0.27123287671232876,0.14539873919811191,,,,0.14539873919811191,0.14007273269342937,IM2606,0.021917808219178082,0.204832733926471,0.204832733926471,False,False,96.78743734317246,161.2045336467819,IM2606,0.021917808219178082,0.204832733926471,0.204832733926471,False,False,96.78743734317246,161.2045336467819,0.12022403671552985,20.321870095809555,0.7698630136986301,0.11834349489661089
2026-06-12,8202.799,3,3,0.019178082191780823,0.2684931506849315,0.05814788568334174,0.13256276900199818,0.29847727924516043,IM2606,0.019178082191780823,0.05814788568334174,IM2607,0.0958904109589041,0.12220537248144078,IM2609,0.2684931506849315,0.13256276900199818,,,,0.13256276900199818,0.13677193927747583,IM2606,0.019178082191780823,0.058133934526505435,0.058133934526505435,False,False,120.70518987980317,199.83632270132298,IM2606,0.019178082191780823,0.058133934526505435,0.058133934526505435,False,False,120.70518987980317,199.83632270132298,0.11620528072364383,22.539032945783124,0.7671232876712328,0.11733283836747002
2026-06-15,8521.233,3,2,0.08767123287671233,0.2602739726027397,0.17882818529486175,0.14679949426647,-0.18556305119623798,IM2607,0.08767123287671233,0.17882818529486175,IM2609,0.2602739726027397,0.14679949426647,,,,,,,0.14679949426647,0.134765230709814,IM2607,0.08767123287671233,0.17772748571128216,0.17772748571128216,False,True,51.124420107192364,80.49751197964815,IM2609,0.2602739726027397,0.14472996633974886,0.14472996633974886,False,True,29.228114913734387,40.49893131564367,0.12020755763474163,18.05811905888112,0.7589041095890411,0.11816230655476216
2026-06-16,8646.403,3,2,0.08493150684931507,0.25753424657534246,0.1881489713340925,0.1559105655361275,-0.18677806533741625,IM2607,0.08493150684931507,0.1881489713340925,IM2609,0.25753424657534246,0.1559105655361275,,,,,,,0.1559105655361275,0.14413257696866918,IM2607,0.08493150684931507,0.18695398671712557,0.18695398671712557,False,False,50.937435013640226,79.94744084969253,IM2609,0.25753424657534246,0.1535595300469567,0.1535595300469567,False,False,28.88609502388626,40.04412652629458,0.12359636227340774,30.968327197023683,0.7561643835616438,0.12253201591663165
2026-06-17,8704.468,3,2,0.0821917808219178,0.2547945205479452,0.1499385101716598,0.1387698492323516,-0.06470732131503948,IM2607,0.0821917808219178,0.1499385101716598,IM2609,0.2547945205479452,0.1387698492323516,,,,,,,0.1387698492323516,0.1348065409799161,IM2607,0.0821917808219178,0.14924711002824556,0.14924711002824556,False,False,15.571555047902926,26.695486411454926,IM2609,0.2547945205479452,0.13699073976004475,0.13699073976004475,False,False,7.160202545336403,10.64200307804098,0.12062217825993508,11.932167336351489,0.7534246575342466,0.11744165766855832
2026-06-18,8771.024,3,2,0.07945205479452055,0.25205479452054796,0.152749827813985,0.13986131320268094,-0.07467155290676157,IM2607,0.07945205479452055,0.152749827813985,IM2609,0.25205479452054796,0.13986131320268094,,,,,,,0.13986131320268094,0.13542389766983925,IM2607,0.07945205479452055,0.15205221003251942,0.15205221003251942,False,False,17.785392857566844,30.72773995466142,IM2609,0.25205479452054796,0.13806880790955361,0.13806880790955361,False,False,7.364213949342476,11.664371978862519,0.1191900949669573,13.296247086290048,0.7506849315068493,0.11713943362438521
2026-06-22,8865.676,2,2,0.0684931506849315,0.2410958904109589,0.28501592996908287,0.1829144916703015,-0.5915400790326222,IM2607,0.0684931506849315,0.28501592996908287,IM2609,0.2410958904109589,0.1829144916703015,,,,,,,0.1829144916703015,0.15216639598780263,IM2607,0.0684931506849315,0.28262516248055786,0.28262516248055786,False,False,169.99123261485946,240.39832962472715,IM2609,0.2410958904109589,0.17975649439273586,0.17975649439273586,False,False,51.26271377241289,72.09550381941551,0.13169053800694053,32.90570855398616,0.7397260273972602,0.12848879002243838
2026-06-23,8680.039,3,3,0.06575342465753424,0.23835616438356164,0.16300948062941192,0.15608725785435792,-0.0401049414745192,IM2607,0.06575342465753424,0.16300948062941192,IM2608,0.16164383561643836,0.1387592929966259,IM2609,0.23835616438356164,0.15608725785435792,,,,0.15608725785435792,0.18389677640587662,IM2607,0.06575342465753424,0.162339198207138,0.162339198207138,False,False,23.629423505707507,38.115463216992794,IM2609,0.23835616438356164,0.15390378285987735,0.15390378285987735,False,False,14.857221644962404,24.480134299501877,0.12317384592002496,15.10919939617542,0.9863013698630136,0.12550438597383823
2026-06-24,8793.487,3,3,0.06301369863013699,0.2356164383561644,0.24882957641415251,0.17787316262947966,-0.4110966830381839,IM2607,0.06301369863013699,0.24882957641415251,IM2608,0.1589041095890411,0.18347595257430388,IM2609,0.2356164383561644,0.17787316262947966,,,,0.17787316262947966,0.16900189581077657,IM2607,0.06301369863013699,0.2471876852176753,0.2471876852176753,False,False,110.93988055189959,163.31640938588447,IM2609,0.2356164383561644,0.1749729891129966,0.1749729891129966,False,False,28.256007887551682,46.53976734045419,0.12883643560651534,20.337421058017338,0.9835616438356164,0.1316407942846165
2026-06-25,8825.92,3,3,0.06027397260273973,0.2328767123287671,0.20928057593244612,0.1695666764228481,-0.2300884654127505,IM2607,0.06027397260273973,0.20928057593244612,IM2608,0.15616438356164383,0.16924134953119024,IM2609,0.2328767123287671,0.1695666764228481,,,,0.1695666764228481,0.17007472115776587,IM2607,0.06027397260273973,0.20820494839992107,0.20820494839992107,False,False,62.71397245493293,89.9795374808543,IM2609,0.2328767123287671,0.16699190832563804,0.16699190832563804,False,False,15.253246230351111,25.48905992739017,0.12959000218326389,15.975679053771419,0.9808219178082191,0.13161798969668026
2026-06-26,8601.408,3,3,0.057534246575342465,0.23013698630136986,0.15960014499884395,0.16495633648958188,0.03103190308125945,IM2607,0.057534246575342465,0.15960014499884395,IM2608,0.15342465753424658,0.1553753285565259,IM2609,0.23013698630136986,0.16495633648958188,,,,0.16495633648958188,0.17970846377280783,IM2607,0.057534246575342465,0.15904102344971374,0.15904102344971374,False,False,8.506004224262218,13.613323160246201,IM2609,0.23013698630136986,0.1625651419373371,0.1625651419373371,False,False,7.185056275226718,11.03094655686166,0.13056532227008985,17.237220172698432,0.7287671232876712,0.12512982455047322
2026-06-29,8597.893,3,3,0.049315068493150684,0.2219178082191781,0.2183534787586183,0.17422849821349848,-0.25564472855505926,IM2607,0.049315068493150684,0.2183534787586183,IM2608,0.14520547945205478,0.1757725158512297,IM2609,0.2219178082191781,0.17422849821349848,,,,0.17422849821349848,0.17195447145389672,IM2607,0.049315068493150684,0.2173865056887241,0.2173865056887241,False,False,65.3819873778647,95.77530426008991,IM2609,0.2219178082191781,0.17161903727567412,0.17161903727567412,False,False,14.154831619608348,23.04712182720699,0.1341963810487164,18.02393025272409,0.9698630136986301,0.13583505236186302
2026-06-30,8809.786,3,3,0.04657534246575343,0.2191780821917808,0.2764146645875097,0.18106989172341617,-0.5523943189745101,IM2607,0.04657534246575343,0.2764146645875097,IM2608,0.14246575342465753,0.18411154797207188,IM2609,0.2191780821917808,0.18106989172341617,,,,0.18106989172341617,0.17665919254483714,IM2607,0.04657534246575343,0.2748896126621528,0.2748896126621528,False,False,140.25069815691276,205.63226507120493,IM2609,0.2191780821917808,0.17825993105848392,0.17825993105848392,False,False,27.063954621262187,45.71590328749041,0.13065490237222172,31.007602908686234,0.9671232876712329,0.13191232256053684
2026-07-01,8876.63,3,3,0.043835616438356165,0.21643835616438356,0.40625126960326613,0.21075809936339707,-1.132619160913527,IM2607,0.043835616438356165,0.40625126960326613,IM2608,0.13972602739726028,0.22946199640108755,IM2609,0.21643835616438356,0.21075809936339707,,,,0.21075809936339707,0.18406386822917464,IM2607,0.043835616438356165,0.4029997279372886,0.4029997279372886,False,False,278.04299559086854,416.08462074897,IM2609,0.21643835616438356,0.20687379035409617,0.20687379035409617,False,False,53.868004615938524,87.39834706812961,0.14116017416403476,19.498804478304198,0.9643835616438357,0.14269822562345502
2026-07-02,8625.334,3,3,0.0410958904109589,0.2136986301369863,0.17660821876049623,0.1605058502600929,-0.09329150004201932,IM2607,0.0410958904109589,0.17660821876049623,IM2608,0.136986301369863,0.15007906199968746,IM2609,0.2136986301369863,0.1605058502600929,,,,0.1605058502600929,0.17514620363942934,IM2607,0.0410958904109589,0.1761053365199173,0.1761053365199173,False,False,28.180489668861483,35.6524308496309,IM2609,0.2136986301369863,0.15841739717572464,0.15841739717572464,False,False,8.292060827261428,11.422376953476306,0.1303746751194685,13.99901329927842,0.9616438356164384,0.13187076378739848
2026-07-03,8620.789,3,3,0.038356164383561646,0.21095890410958903,0.18257240016198917,0.1582466822634167,-0.14093471480918968,IM2607,0.038356164383561646,0.18257240016198917,IM2608,0.13424657534246576,0.152852722322535,IM2609,0.21095890410958903,0.1582466822634167,,,,0.1582466822634167,0.16569478037356566,IM2607,0.038356164383561646,0.18206657948759492,0.18206657948759492,False,False,36.80225743041144,50.25019414415695,IM2609,0.21095890410958903,0.15625019946309135,0.15625019946309135,False,False,6.842869321849336,10.096186569441475,0.12810234905102102,20.656358240734647,0.958904109589041,0.13047142146173735
2026-07-06,8472.603,3,3,0.030136986301369864,0.20273972602739726,0.07724004172435361,0.1423640310498079,0.3773056524411241,IM2607,0.030136986301369864,0.07724004172435361,IM2608,0.12602739726027398,0.12426422154956453,IM2609,0.20273972602739726,0.1423640310498079,,,,0.1423640310498079,0.16607088525433408,IM2607,0.030136986301369864,0.07719069935285094,0.07719069935285094,False,False,83.62305622682582,132.13223412533813,IM2609,0.20273972602739726,0.14085869835636888,0.14085869835636888,False,False,16.475096877858043,20.91358720857561,0.12675807699705188,9.183457865822033,0.9506849315068493,0.12791354186334647
2026-07-07,8301.804,3,3,0.0273972602739726,0.2,0.04288726147691402,0.13366997101261993,0.525963317151312,IM2607,0.0273972602739726,0.04288726147691402,IM2608,0.1232876712328767,0.12008045564970173,IM2609,0.2,0.13366997101261993,,,,0.13366997101261993,0.15114220505065762,IM2607,0.0273972602739726,0.04288008726777817,0.04288008726777817,False,False,118.3640792207745,181.5797674896829,IM2609,0.2,0.13238762081109134,0.13238762081109134,False,False,16.713929436180845,24.520646392925606,0.12268102704733898,13.374625989327281,0.6986301369863014,0.11943839338326022
2026-07-08,8117.861,3,3,0.024657534246575342,0.19726027397260273,-0.046584853989294725,0.11064393203409859,0.9109286809291834,IM2607,0.024657534246575342,-0.046584853989294725,IM2608,0.12054794520547946,0.09376004861311323,IM2609,0.19726027397260273,0.11064393203409859,,,,0.11064393203409859,0.1319420753866762,IM2607,0.024657534246575342,0.0,-0.04663954403204898,True,False,142.05948044410994,218.25652346452384,IM2609,0.19726027397260273,0.10983836348296942,0.10983836348296942,False,False,24.938880967684113,38.570108417820634,0.113895506096843,19.531665728145995,0.9452054794520548,0.116873498313737
2026-07-09,8300.077,3,3,0.021917808219178082,0.19452054794520549,0.11617125392222936,0.12807970096884885,0.06899338368279545,IM2607,0.021917808219178082,0.11617125392222936,IM2608,0.1178082191780822,0.11572628547531172,IM2609,0.19452054794520549,0.12807970096884885,,,,0.12807970096884885,0.14336070670948448,IM2607,0.021917808219178082,0.11606996718222642,0.11606996718222642,False,False,13.489742194543522,23.361399968498286,IM2609,0.19452054794520549,0.12695150228429813,0.12695150228429813,False,False,7.85873562282882,13.224228021545807,0.11629070968700221,8.26916027295902,0.9424657534246575,0.11740769088384898
2026-07-10,8198.308,3,3,0.019178082191780823,0.1917808219178082,0.09706619316409641,0.13504896674552763,0.2200589263051174,IM2607,0.019178082191780823,0.09706619316409641,IM2608,0.11506849315068493,0.12569791794239688,IM2609,0.1917808219178082,0.13504896674552763,,,,0.13504896674552763,0.14638551221233684,IM2607,0.019178082191780823,0.0970092699964152,0.0970092699964152,False,False,46.230880121153575,72.95284308048969,IM2609,0.1917808219178082,0.13378901946248362,0.13378901946248362,False,False,6.882844166398314,9.310308598454588,0.1174229256119783,23.215507985005676,0.9397260273972603,0.12096859256839364
2026-07-13,7787.853,3,2,0.10684931506849316,0.18356164383561643,0.06560037442291156,0.09285243304443183,0.35525004988767506,IM2608,0.10684931506849316,0.06560037442291156,IM2609,0.18356164383561643,0.09285243304443183,,,,,,,0.09285243304443183,0.12384298346510782,IM2608,0.10684931506849316,0.06548946370845174,0.06548946370845174,False,True,38.896624466459066,50.22791631536186,IM2609,0.18356164383561643,0.09236747262768988,0.09236747262768988,False,False,32.18667927730979,47.84525196346559,0.10311721805731826,29.07643060610869,0.9315068493150684,0.10472488538577301
2026-07-14,7925.123,3,2,0.10410958904109589,0.18082191780821918,0.10610115464431363,0.1165245411023275,0.1358762877562522,IM2608,0.10410958904109589,0.10610115464431363,IM2609,0.18082191780821918,0.1165245411023275,,,,,,,0.1165245411023275,0.12811265430545404,IM2608,0.10410958904109589,0.10571640166541127,0.10571640166541127,False,False,11.803615957610871,19.543485009218962,IM2609,0.18082191780821918,0.11568706282845583,0.11568706282845583,False,False,6.547620837044936,9.979849616365705,0.10632239333613304,17.018916560859054,0.9287671232876712,0.10842756295220385
2026-07-15,7817.831,3,2,0.10136986301369863,0.1780821917808219,0.06734542853513492,0.0883862002677329,0.27428148865708085,IM2608,0.10136986301369863,0.06734542853513492,IM2609,0.1780821917808219,0.0883862002677329,,,,,,,0.0883862002677329,0.11123870185597533,IM2608,0.10136986301369863,0.06723199526272206,0.06723199526272206,False,False,25.95299559504933,37.671871926731015,IM2609,0.1780821917808219,0.08797146952120906,0.08797146952120906,False,False,19.1157735027932,25.66171860988062,0.09872287331668714,15.852992530895902,0.9260273972602739,0.09882948158954878
2026-07-16,7631.762,3,2,0.09863013698630137,0.17534246575342466,0.06281789495744662,0.07946576768347484,0.21701691232143924,IM2608,0.09863013698630137,0.06281789495744662,IM2609,0.17534246575342466,0.07946576768347484,,,,,,,0.07946576768347484,0.09711707383408558,IM2608,0.09863013698630137,0.0627276092263409,0.0627276092263409,False,False,24.888138813386966,31.57341879367009,IM2609,0.17534246575342466,0.07915682135396732,0.07915682135396732,False,False,20.70021595166891,32.02353419442633,0.09631394684903019,26.150209221370652,0.9232876712328767,0.09698377006871658
2026-07-17,7167.996,2,2,0.0958904109589041,0.1726027397260274,0.09182100560625772,0.10368808838455434,0.15469590050279522,IM2608,0.0958904109589041,0.09182100560625772,IM2609,0.1726027397260274,0.10368808838455434,,,,,,,0.10368808838455434,0.11596157810731317,IM2608,0.0958904109589041,0.09157425869099246,0.09157425869099246,False,False,14.785702234449465,20.90880193683365,IM2609,0.1726027397260274,0.10308655961640166,0.10308655961640166,False,False,7.673781297798197,10.80258603712306,0.10444424290988193,22.641764230688835,0.6712328767123288,0.10626518666558032
2026-07-20,6965.376,2,2,0.08767123287671233,0.1643835616438356,0.1110441423022795,0.1217871558840919,0.1400428556200545,IM2608,0.08767123287671233,0.1110441423022795,IM2609,0.1643835616438356,0.1217871558840919,,,,,,,0.1217871558840919,0.13204662873717302,IM2608,0.08767123287671233,0.11068175214087543,0.11068175214087543,False,False,12.910513065919801,18.255458208026003,IM2609,0.1643835616438356,0.12094032731805628,0.12094032731805628,False,False,6.2133982063640065,8.67610741109107,0.10444424290988193,46.74362479936502,0.6712328767123288,0.10921688323010457
2026-07-21,7259.863,2,2,0.08493150684931507,0.16164383561643836,0.08482877126237807,0.10188769287608812,0.22237522817872024,IM2608,0.08493150684931507,0.08482877126237807,IM2609,0.16164383561643836,0.10188769287608812,,,,,,,0.10188769287608812,0.11772144340716968,IM2608,0.08493150684931507,0.08465062459434265,0.08465062459434265,False,False,19.70216512292262,27.86265831843852,IM2609,0.16164383561643836,0.10134811723591505,0.10134811723591505,False,False,9.93995093807838,14.030129456977095,0.10444424290988193,19.199342892877794,0.6712328767123288,0.10594284034532266
2026-07-22,7158.762,2,2,0.0821917808219178,0.1589041095890411,0.13537020136661607,0.13529636837478617,-0.0009624657863539477,IM2608,0.0821917808219178,0.13537020136661607,IM2609,0.1589041095890411,0.13529636837478617,,,,,,,0.13529636837478617,0.13522983198978095,IM2608,0.0821917808219178,0.13482492829532985,0.13482492829532985,False,False,0.6172775985929385,0.7491376605072538,IM2609,0.1589041095890411,0.13424661280048486,0.13424661280048486,False,False,1.348224943049284,1.6681047482049285,0.10293694321622268,11.054978246517683,0.9068493150684932,0.10150646654687594
2026-07-23,7195.5,2,2,0.07945205479452055,0.15616438356164383,0.12380327017355958,0.13122297915967535,0.096721206426152,IM2608,0.07945205479452055,0.12380327017355958,IM2609,0.15616438356164383,0.13122297915967535,,,,,,,0.13122297915967535,0.1377076015338423,IM2608,0.07945205479452055,0.12337639185410486,0.12337639185410486,False,False,8.667904152231689,12.253574696369641,IM2609,0.15616438356164383,0.1302626275925374,0.1302626275925374,False,False,3.7807110241478523,5.132092195900205,0.10532153919917052,12.184768101924925,0.9041095890410958,0.10534749876293269
2026-07-24,6995.693,2,2,0.07671232876712329,0.15342465753424658,0.11593105446943605,0.12850245946418348,0.163877243681529,IM2608,0.07671232876712329,0.11593105446943605,IM2609,0.15342465753424658,0.12850245946418348,,,,,,,0.12850245946418348,0.13914510095288746,IM2608,0.07671232876712329,0.11557893590487037,0.11557893590487037,False,False,14.021723548536189,19.8278717622355,IM2609,0.15342465753424658,0.1276043324085266,0.1276043324085266,False,False,6.406557621442202,8.954843350536413,0.10081574992234171,18.616032112146424,0.9013698630136986,0.09996471250394835
2026-07-27,7228.785,2,2,0.0684931506849315,0.14520547945205478,0.06244510953101498,0.09662563317507353,0.445567540360049,IM2608,0.0684931506849315,0.06244510953101498,IM2609,0.14520547945205478,0.09662563317507353,,,,,,,0.09662563317507353,0.12271252988971702,IM2608,0.0684931506849315,0.062383471081239136,0.062383471081239136,False,False,35.15841941382122,49.721495643101676,IM2609,0.14520547945205478,0.09620092371534365,0.09620092371534365,False,False,16.354421004388556,23.12042067419691,0.09877283220627942,15.467547195913724,0.8931506849315068,0.09749520587059354
2026-07-28,7026.276,2,2,0.06575342465753424,0.14246575342465753,0.07393949740221012,0.10348723888140075,0.3851759157108779,IM2608,0.06575342465753424,0.07393949740221012,IM2609,0.14246575342465753,0.10348723888140075,,,,,,,0.10348723888140075,0.12520569621913852,IM2608,0.06575342465753424,0.07384395659948502,0.07384395659948502,False,False,29.862231059833583,42.23152544272816,IM2609,0.14246575342465753,0.10299269988605851,0.10299269988605851,False,False,13.517380831743216,19.103475605817554,0.09877283220627942,13.424825973506467,0.8931506849315068,0.09846507671459352
2026-07-29,7095.186,2,2,0.06301369863013699,0.13972602739726028,0.031155939701945426,0.06856755198843098,0.4876870887345438,IM2608,0.06301369863013699,0.031155939701945426,IM2609,0.13972602739726028,0.06856755198843098,,,,,,,0.06856755198843098,0.09500460325389072,IM2608,0.06301369863013699,0.03115201943598252,0.03115201943598252,False,False,36.967003226656324,52.279237265063784,IM2609,0.13972602739726028,0.06840313075460934,0.06840313075460934,False,False,16.597180010600347,23.47083271811584,0.09050692728521754,15.59280667124431,0.8876712328767123,0.08906061807014405
2026-07-30,6900.658,2,2,0.06027397260273973,0.136986301369863,0.05720658956602058,0.07890437637564389,0.2828461494825896,IM2608,0.06027397260273973,0.05720658956602058,IM2609,0.136986301369863,0.07890437637564389,,,,,,,0.07890437637564389,0.09361725921230626,IM2608,0.06027397260273973,0.05716490119163732,0.05716490119163732,False,False,21.057720265733963,29.78010299179048,IM2609,0.136986301369863,0.07866736186607189,0.07866736186607189,False,False,9.149490890603682,12.935260016469446,0.08908426853344169,8.642462392062743,0.8849315068493151,0.08771972831327306
2026-07-31,7075.507,2,2,0.057534246575342465,0.13424657534246576,0.09905019843834045,0.11291358336249739,0.18071912490418865,IM2608,0.057534246575342465,0.09905019843834045,IM2609,0.13424657534246576,0.11291358336249739,,,,,,,0.11291358336249739,0.12191528809407327,IM2608,0.057534246575342465,0.09887070680521376,0.09887070680521376,False,False,13.330634215693918,18.852080857722378,IM2609,0.13424657534246576,0.11233651426833728,0.11233651426833728,False,False,5.432939680030299,7.644181710409275,0.0883888812845117,21.229338176460207,0.8821917808219178,0.08767313310398964
2026-08-03,7079.776,2,2,0.049315068493150684,0.12602739726027398,0.0543305064658908,0.08343729767452605,0.3794278139697095,IM2608,0.049315068493150684,0.0543305064658908,IM2609,0.12602739726027398,0.08343729767452605,,,,,,,0.08343729767452605,0.0997906435766771,IM2608,0.049315068493150684,0.05430146189182536,0.05430146189182536,False,False,25.964351691668433,36.719135506965436,IM2609,0.12602739726027398,0.08318438667379134,0.08318438667379134,False,False,10.064166106982844,14.22931078745796,0.08845912671031247,7.284418060465944,0.873972602739726,0.08735956660811654
2026-08-04,7279.193,2,2,0.04657534246575343,0.1232876712328767,0.08851890794482065,0.09589483293434727,0.09615045075632915,IM2608,0.04657534246575343,0.08851890794482065,IM2609,0.1232876712328767,0.09589483293434727,,,,,,,0.09589483293434727,0.09982096130450624,IM2608,0.04657534246575343,0.08840969224764077,0.08840969224764077,False,False,6.525461274481699,9.228255641144646,IM2609,0.1232876712328767,0.09554086772469973,0.09554086772469973,False,False,2.3330905602598495,3.270501815286503,0.09312177894708924,14.947655433563245,0.8712328767123287,0.09313453317298966
2026-08-05,7493.048,2,2,0.043835616438356165,0.12054794520547946,0.062199085946506985,0.08585337668439294,0.30835057569029906,IM2608,0.043835616438356165,0.062199085946506985,IM2609,0.12054794520547946,0.08585337668439294,,,,,,,0.08585337668439294,0.09774069930961628,IM2608,0.043835616438356165,0.062160079583101435,0.062160079583101435,False,False,20.196233924684833,28.561782807036547,IM2609,0.12054794520547946,0.08559267882830693,0.08559267882830693,False,False,7.2545903107227,10.254725646817114,0.09111088226563727,7.0902724055666635,0.8684931506849315,0.08942714404601648
2026-08-06,7530.425,2,2,0.0410958904109589,0.1178082191780822,0.09062630361002355,0.10909282602526828,0.24072431005586875,IM2608,0.0410958904109589,0.09062630361002355,IM2609,0.1178082191780822,0.10909282602526828,,,,,,,0.10909282602526828,0.11782015511192505,IM2608,0.0410958904109589,0.09052390801315938,0.09052390801315938,False,False,15.468492656175817,21.875711630704913,IM2609,0.1178082191780822,0.10862690430008314,0.10862690430008314,False,False,5.245207169421947,7.397507132902437,0.10079104805327405,5.707890129355504,0.8657534246575342,0.09819002819546216
2026-08-07,7679.529,2,2,0.038356164383561646,0.11506849315068493,0.10136400034542949,0.12122299483091227,0.25887617811432917,IM2608,0.038356164383561646,0.10136400034542949,IM2609,0.11506849315068493,0.12122299483091227,,,,,,,0.12122299483091227,0.13000991978818754,IM2608,0.038356164383561646,0.10123717148352672,0.10123717148352672,False,False,16.26164380890848,22.99738576959326,IM2609,0.11506849315068493,0.1206357755980683,0.1206357755980683,False,False,5.248664872725083,7.3919137955341405,0.10663706386219454,8.137548133733526,0.863013698630137,0.10365889984328408
2026-08-10,7733.9,2,2,0.030136986301369864,0.10684931506849316,0.23996888032621416,0.17459243634826055,-0.8522286447126095,IM2608,0.030136986301369864,0.23996888032621416,IM2609,0.10684931506849316,0.17459243634826055,,,,,,,0.17459243634826055,0.1516531087450373,IM2608,0.030136986301369864,0.23924138003993986,0.23924138003993986,False,False,48.84502829653383,69.07695353357552,IM2609,0.10684931506849316,0.17332265109221084,0.17332265109221084,False,False,14.234722357764468,20.085164974631365,0.11344651264344809,9.117654176134588,0.8547945205479452,0.11095079158313166
2026-08-11,7698.048,2,2,0.0273972602739726,0.10410958904109589,0.08476890163591304,0.12645712367630355,0.5434357515979477,IM2608,0.0273972602739726,0.08476890163591304,IM2609,0.10410958904109589,0.12645712367630355,,,,,,,0.12645712367630355,0.13979572309627192,IM2608,0.0273972602739726,0.08471146971284214,0.08471146971284214,False,False,30.731731605846377,43.46122878387654,IM2609,0.10410958904109589,0.1258693539480466,0.1258693539480466,False,False,7.974052059675176,11.260397893736277,0.11206470752900034,2.613506181396143,0.852054794520548,0.10935654811742447
2026-08-12,7793.717,2,2,0.024657534246575342,0.10136986301369863,0.2251085898703749,0.16833746099151092,-0.740052215742334,IM2608,0.024657534246575342,0.2251085898703749,IM2609,0.10136986301369863,0.16833746099151092,,,,,,,0.16833746099151092,0.15193938149538502,IM2608,0.024657534246575342,0.22459079766147244,0.22459079766147244,False,False,40.32210888787792,57.023930322974486,IM2609,0.10136986301369863,0.16722775878139873,0.16722775878139873,False,False,10.12311674639998,14.271985747965521,0.11873969281608437,6.131796835939531,0.8493150684931506,0.1168635102615979
2026-08-13,7715.895,2,2,0.021917808219178082,0.09863013698630137,0.058421876860402205,0.12792172275032943,0.9059801339222656,IM2608,0.021917808219178082,0.058421876860402205,IM2609,0.09863013698630137,0.12792172275032943,,,,,,,0.12792172275032943,0.14582031319869423,IM2608,0.021917808219178082,0.05840570342131879,0.05840570342131879,False,False,48.48188916263377,68.56374509162809,IM2609,0.09863013698630137,0.12734937784635275,0.12734937784635275,False,False,10.689998220546824,15.107397476373539,0.11254160815137426,11.93861348429636,0.8465753424657534,0.11054816506079018
2026-08-14,7769.82,2,2,0.019178082191780823,0.0958904109589041,0.2825209292843458,0.18180144234809656,-1.3129504547046777,IM2608,0.019178082191780823,0.2825209292843458,IM2609,0.0958904109589041,0.18180144234809656,,,,,,,0.18180144234809656,0.15903607886250598,IM2608,0.019178082191780823,0.2818611867088634,0.2818611867088634,False,False,67.84532835030855,95.94770007196848,IM2609,0.0958904109589041,0.18055271734553865,0.18055271734553865,False,False,13.853758021609455,19.55554749511437,0.11866973124271366,12.368932203485981,0.8438356164383561,0.11674709999341569
2026-08-17,7968.383,2,1,0.08767123287671233,0.08767123287671233,0.1544614567136288,0.1544614567136288,,IM2609,0.08767123287671233,0.1544614567136288,,,,,,,,,,0.1544614567136288,0.1544614567136288,IM2609,0.08767123287671233,0.15367201899682756,0.15367201899682756,False,True,1.1081458152347952,1.4060435090358718,IM2609,0.08767123287671233,0.15367201899682756,0.15367201899682756,False,False,1.1081458152347952,1.4060435090358718,0.1189433826510479,6.427934516879962,0.8356164383561644,0.11478122070807233
2026-08-18,7945.964,2,1,0.08493150684931507,0.08493150684931507,0.2277363315108523,0.2277363315108523,,IM2609,0.08493150684931507,0.2277363315108523,,,,,,,,,,0.2277363315108523,0.2277363315108523,IM2609,0.08493150684931507,0.2259144783764517,0.2259144783764517,False,False,28.35954142144576,40.076588645184486,IM2609,0.08493150684931507,0.2259144783764517,0.2259144783764517,False,False,28.35954142144576,40.076588645184486,0.12660974586379148,28.465244911113665,0.8328767123287671,0.12273343225297714
2026-08-19,7517.768,2,1,0.0821917808219178,0.0821917808219178,0.09950845765053265,0.09950845765053265,,IM2609,0.0821917808219178,0.09950845765053265,,,,,,,,,,0.09950845765053265,0.09950845765053265,IM2609,0.0821917808219178,0.09924923106609988,0.09924923106609988,False,False,20.94961051898024,29.626457195806097,IM2609,0.0821917808219178,0.09924923106609988,0.09924923106609988,False,False,20.94961051898024,29.626457195806097,0.11222338435522838,20.971095422904995,0.8301369863013699,0.11078425083342446
2026-08-20,7589.779,2,1,0.07945205479452055,0.07945205479452055,0.14261209169732622,0.14261209169732622,,IM2609,0.07945205479452055,0.14261209169732622,,,,,,,,,,0.14261209169732622,0.14261209169732622,IM2609,0.07945205479452055,0.14201679617303575,0.14201679617303575,False,False,2.116573734877731,2.955683313205718,IM2609,0.07945205479452055,0.14201679617303575,0.14201679617303575,False,False,2.116573734877731,2.955683313205718,0.11791468099383366,3.971766967634522,0.8273972602739726,0.1173565826926942
2026-08-21,7601.804,1,1,0.07671232876712329,0.07671232876712329,0.1489105891119142,0.1489105891119142,,IM2609,0.07671232876712329,0.1489105891119142,,,,,,,,,,0.1489105891119142,0.1489105891119142,IM2609,0.07671232876712329,0.14827528458094583,0.14827528458094583,False,False,0.48735690047022423,0.48735690047022423,IM2609,0.07671232876712329,0.14827528458094583,0.14827528458094583,False,False,0.48735690047022423,0.48735690047022423,0.11906384802946203,6.489639702458569,0.8246575342465754,0.116812255918791
2026-08-24,7491.49,2,2,0.0684931506849315,0.14520547945205478,0.14858638525766588,0.14082702933330166,-0.10114874687117645,IM2609,0.0684931506849315,0.14858638525766588,IM2610,0.14520547945205478,0.14082702933330166,,,,,,,0.14082702933330166,0.13490501600550897,IM2609,0.0684931506849315,0.14802179539717655,0.14802179539717655,False,False,7.392341144629701,10.447194558503963,IM2609,0.0684931506849315,0.14802179539717655,0.14802179539717655,False,False,7.392341144629701,10.447194558503963,0.12312381371893333,14.026097122137417,0.8164383561643835,0.12263332833338776
2026-08-25,7527.498,2,2,0.06575342465753424,0.14246575342465753,0.14394427293030523,0.1389590414435204,-0.06498605330987382,IM2609,0.06575342465753424,0.14394427293030523,IM2610,0.14246575342465753,0.1389590414435204,,,,,,,0.1389590414435204,0.13529474996321436,IM2609,0.06575342465753424,0.14344058410908903,0.14344058410908903,False,False,4.5207088426530255,6.384663523550433,IM2609,0.06575342465753424,0.14344058410908903,0.14344058410908903,False,False,4.5207088426530255,6.384663523550433,0.12364805253008063,14.145837086552543,0.8136986301369863,0.12432646644569958
2026-08-26,7544.67,2,2,0.06301369863013699,0.13972602739726028,0.13159898177036108,0.1344287095096655,0.03688752231593271,IM2609,0.06301369863013699,0.13159898177036108,IM2610,0.13972602739726028,0.1344287095096655,,,,,,,0.1344287095096655,0.13642834686125618,IM2609,0.06301369863013699,0.13120750318350258,0.13120750318350258,False,False,3.1873678017293936,4.500863633817702,IM2609,0.06301369863013699,0.13120750318350258,0.13120750318350258,False,False,3.1873678017293936,4.500863633817702,0.12323497673900001,7.862957881470939,0.810958904109589,0.12322707224924548
2026-08-27,7732.945,2,2,0.06027397260273973,0.136986301369863,0.11973160649929773,0.12357683018144759,0.050125237285167816,IM2609,0.06027397260273973,0.11973160649929773,IM2610,0.136986301369863,0.12357683018144759,,,,,,,0.12357683018144759,0.12618420788372728,IM2609,0.06027397260273973,0.11943245190780111,0.11943245190780111,False,False,4.016432423839908,5.677230511845668,IM2609,0.06027397260273973,0.11943245190780111,0.11943245190780111,False,False,4.016432423839908,5.677230511845668,0.12016067489687618,9.580060237860657,0.8082191780821918,0.1207346865932734
2026-08-28,7705.029,2,2,0.057534246575342465,0.13424657534246576,0.10690477900213205,0.11675043448166607,0.12834515178678274,IM2609,0.057534246575342465,0.10690477900213205,IM2610,0.13424657534246576,0.11675043448166607,,,,,,,0.11675043448166607,0.12314336694371966,IM2609,0.057534246575342465,0.10668787866309401,0.10668787866309401,False,False,9.552456104147662,13.508636578355729,IM2609,0.057534246575342465,0.10668787866309401,0.10668787866309401,False,False,9.552456104147662,13.508636578355729,0.12040081436210552,3.6462100673441538,0.8054794520547945,0.12006850169032447
2026-08-31,7770.422,2,2,0.049315068493150684,0.12602739726027398,0.16882813537716965,0.14496928732725176,-0.311017126365001,IM2609,0.049315068493150684,0.16882813537716965,IM2610,0.12602739726027398,0.14496928732725176,,,,,,,0.14496928732725176,0.13156444334460707,IM2609,0.049315068493150684,0.16828330930918203,0.16828330930918203,False,False,20.777119044718262,29.3820551005151,IM2609,0.049315068493150684,0.16828330930918203,0.16828330930918203,False,False,20.777119044718262,29.3820551005151,0.12436247768900396,13.046519179424754,0.7972602739726027,0.12563699757187793
2026-09-01,7691.369,3,3,0.04657534246575343,0.2958904109589041,0.14983161001358192,0.1377535543545147,-0.048444948522632265,IM2609,0.04657534246575343,0.14983161001358192,IM2610,0.1232876712328767,0.13830535267762062,IM2612,0.2958904109589041,0.1377535543545147,,,,0.1377535543545147,0.13747603543271775,IM2609,0.04657534246575343,0.14943985731049259,0.14943985731049259,False,False,21.479911463646058,34.578649842347076,IM2609,0.04657534246575343,0.14943985731049259,0.14943985731049259,False,False,21.479911463646058,34.578649842347076,0.12487983138314711,12.518758796009038,0.7945205479452054,0.12544221355167087
2026-09-02,7583.756,3,3,0.043835616438356165,0.29315068493150687,0.1507922847810449,0.14056468555973486,-0.04102278808547429,IM2609,0.043835616438356165,0.1507922847810449,IM2610,0.12054794520547946,0.14026737805778103,IM2612,0.29315068493150687,0.14056468555973486,,,,0.14056468555973486,0.1407114581086446,IM2609,0.043835616438356165,0.15041806065490707,0.15041806065490707,False,False,18.111821638389248,28.8852365803684,IM2609,0.043835616438356165,0.15041806065490707,0.15041806065490707,False,False,18.111821638389248,28.8852365803684,0.12822146102354964,12.292430715721169,0.7917808219178082,0.1283528474024383
2026-09-03,7600.097,3,3,0.0410958904109589,0.29041095890410956,0.1506502512182583,0.14187742065000508,-0.035187727004532196,IM2609,0.0410958904109589,0.1506502512182583,IM2610,0.1178082191780822,0.14386413224314656,IM2612,0.29041095890410956,0.14187742065000508,,,,0.14187742065000508,0.14091521116912592,IM2609,0.0410958904109589,0.1503001352044151,0.1503001352044151,False,False,14.785408764378085,24.46048610321834,IM2609,0.0410958904109589,0.1503001352044151,0.1503001352044151,False,False,14.785408764378085,24.46048610321834,0.1270538962212089,18.308448369993275,0.7890410958904109,0.1277149063603031
2026-09-04,7508.092,3,3,0.038356164383561646,0.2876712328767123,0.15889204194736956,0.14054212298969743,-0.07360132329176185,IM2609,0.038356164383561646,0.15889204194736956,IM2610,0.11506849315068493,0.14132754285587512,IM2612,0.2876712328767123,0.14054212298969743,,,,0.14054212298969743,0.14016913821306506,IM2609,0.038356164383561646,0.15852273368139652,0.15852273368139652,False,False,31.973926142014054,51.72504445557322,IM2609,0.038356164383561646,0.15852273368139652,0.15852273368139652,False,False,31.973926142014054,51.72504445557322,0.13190346548339218,13.98940709894844,0.7863013698630137,0.133624145284978
2026-09-07,7639.361,3,3,0.030136986301369864,0.27945205479452057,0.17394825031543426,0.14311532357291556,-0.12367053034087168,IM2609,0.030136986301369864,0.17394825031543426,IM2610,0.10684931506849316,0.14699516610520255,IM2612,0.27945205479452057,0.14311532357291556,,,,0.14311532357291556,0.14138470627116875,IM2609,0.030136986301369864,0.17359167772373482,0.17359167772373482,False,False,51.83624395952409,85.16679790091939,IM2609,0.030136986301369864,0.17359167772373482,0.17359167772373482,False,False,51.83624395952409,85.16679790091939,0.13076832167596586,9.166674820175118,0.7780821917808219,0.13128110787519062
