variant,variant_label,tenor,combo,combo_label,ko_barrier,ki_barrier,spot,price,delta,gamma,vega,dividend_rho
airbag,Airbag,1,KO100_KI80,KO 100 / KI 80,100.0,80.0,60.0,-25.818083048254053,0.32193088762570693,0.8482094691849795,0.16487225670164207,-0.12532666420668193
airbag,Airbag,1,KO100_KI80,KO 100 / KI 80,100.0,80.0,62.5,-25.179112861999293,0.37846848343228884,-0.7588970264003728,0.15917234513436185,-0.1674779918904079
airbag,Airbag,1,KO100_KI80,KO 100 / KI 80,100.0,80.0,65.0,-24.4555662484677,0.3264688358761265,-1.4278723387479313,0.2215841709407691,-0.21995362436264543
airbag,Airbag,1,KO100_KI80,KO 100 / KI 80,100.0,80.0,67.5,-23.546153659129374,0.5164456757875223,-0.6391065070004144,0.19541648066359585,-0.28036897259759996
airbag,Airbag,1,KO100_KI80,KO 100 / KI 80,100.0,80.0,70.0,-22.51214832381989,0.5882973252786019,0.6290350100804416,0.30520321173911213,-0.34587800557872583
airbag,Airbag,1,KO100_KI80,KO 100 / KI 80,100.0,80.0,72.5,-21.202686742138862,0.5625764283100445,1.1127083887302869,0.3958798414211806,-0.41050436250174016
airbag,Airbag,1,KO100_KI80,KO 100 / KI 80,100.0,80.0,75.0,-19.637741452505697,0.6337196588949136,-0.9397256768201664,0.25447814441535144,-0.46923175378630333
airbag,Airbag,1,KO100_KI80,KO 100 / KI 80,100.0,80.0,77.5,-18.043659259946935,0.6927079680102248,0.9056948538916308,0.37337708010809934,-0.5224021390823452
airbag,Airbag,1,KO100_KI80,KO 100 / KI 80,100.0,80.0,80.0,-16.183384121944282,0.8208401880268945,-0.3715792023892827,0.20775910318546664,-0.5601555190121843
airbag,Airbag,1,KO100_KI80,KO 100 / KI 80,100.0,80.0,82.5,-13.956668647762049,0.9236286516133547,0.6702309883421406,0.21761068246154913,-0.5972134166107423
airbag,Airbag,1,KO100_KI80,KO 100 / KI 80,100.0,80.0,85.0,-11.643543058857556,0.977982362600183,0.2666002703139932,0.09685467224124622,-0.6092635347139108
airbag,Airbag,1,KO100_KI80,KO 100 / KI 80,100.0,80.0,87.5,-9.336336972983752,0.8849604052831056,-0.4925020486324201,-0.05757509364652158,-0.5941047437241664
airbag,Airbag,1,KO100_KI80,KO 100 / KI 80,100.0,80.0,90.0,-7.252420276943212,0.7971813984734005,0.1024064404093596,-0.06788637468659431,-0.5604240441761554
airbag,Airbag,1,KO100_KI80,KO 100 / KI 80,100.0,80.0,92.5,-5.283546607845529,0.7417395692166022,0.16143844606723995,-0.14292237640735106,-0.4999611976246321
airbag,Airbag,1,KO100_KI80,KO 100 / KI 80,100.0,80.0,95.0,-3.5486045779360715,0.6395389328578904,0.10726916031985091,-0.1876668163304207,-0.4212801711592551
airbag,Airbag,1,KO100_KI80,KO 100 / KI 80,100.0,80.0,97.5,-2.0919864548899496,0.521961058080404,0.0644207323975046,-0.20231302025834585,-0.3323526249738862
airbag,Airbag,1,KO100_KI80,KO 100 / KI 80,100.0,80.0,100.0,-0.9388010793578772,0.3978555999872285,0.023447486853167554,-0.19127758658895488,-0.2434276868716334
airbag,Airbag,1,KO100_KI80,KO 100 / KI 80,100.0,80.0,102.5,-0.09074498265448305,0.27962936896841445,0.011903141689472253,-0.16329812296673424,-0.16448918831243886
airbag,Airbag,1,KO100_KI80,KO 100 / KI 80,100.0,80.0,103.0,0.050854828939404684,0.2663706055903323,-0.0662800189617429,-0.16234279079884212,-0.1500078513483022
airbag,Airbag,1,KO100_KI80,KO 100 / KI 80,100.0,80.0,105.0,0.48626876994290014,0.1785813307762984,-0.013662274886973323,-0.12464064516150031,-0.10209547530056762
airbag,Airbag,1,KO100_KI80,KO 100 / KI 80,100.0,80.0,107.5,0.8500028195369056,0.1105524839284902,-0.04107798528809798,-0.08896079755688757,-0.05777887720862518
airbag,Airbag,1,KO100_KI80,KO 100 / KI 80,100.0,80.0,110.0,1.054450553721716,0.05854509573617105,-0.022375328499445096,-0.056247535548607064,-0.030077688243856926
airbag,Airbag,1,KO100_KI80,KO 100 / KI 80,100.0,80.0,112.5,1.1604242382996235,0.029711835209472466,-0.004679376964703144,-0.03149330118650662,-0.014385676599015795
airbag,Airbag,1,KO100_KI80,KO 100 / KI 80,100.0,80.0,115.0,1.2115421865763651,0.013003322426447406,-0.0031410368741036374,-0.016140012056841346,-0.006305423895680562
airbag,Airbag,1,KO100_KI80,KO 100 / KI 80,100.0,80.0,117.5,1.2341251823558868,0.005584009053403833,-0.003041975436782119,-0.008039898212996333,-0.0025251162673267658
airbag,Airbag,1,KO100_KI80,KO 100 / KI 80,100.0,80.0,120.0,1.2429286008387082,0.002174261020390089,-0.0006816357720756332,-0.003498998799658315,-0.0009466078735087535
european_ki,European KI,1,KO100_KI80,KO 100 / KI 80,100.0,80.0,60.0,-37.949651869476945,1.2146220801174699,-0.0017054908222272995,0.14480910382203405,-0.7309960641904922
european_ki,European KI,1,KO100_KI80,KO 100 / KI 80,100.0,80.0,62.5,-34.850575695893156,1.2597979162613568,0.031781286897385144,0.1347040074413144,-0.7893400364949343
european_ki,European KI,1,KO100_KI80,KO 100 / KI 80,100.0,80.0,65.0,-31.650095723990656,1.297747807811503,0.05227695541214836,0.1041676294360343,-0.8440931523999495
european_ki,European KI,1,KO100_KI80,KO 100 / KI 80,100.0,80.0,67.5,-28.378817467709084,1.3141257502385357,0.02536265880575608,0.052236799450128046,-0.891379504051315
european_ki,European KI,1,KO100_KI80,KO 100 / KI 80,100.0,80.0,70.0,-25.074228778305006,1.3158671398127502,-0.028871654916835198,-0.019795500649951947,-0.9277798661582182
european_ki,European KI,1,KO100_KI80,KO 100 / KI 80,100.0,80.0,72.5,-21.789445695633724,1.303576792954857,-0.06389059090300123,-0.10239061557974338,-0.9499729556491587
european_ki,European KI,1,KO100_KI80,KO 100 / KI 80,100.0,80.0,75.0,-18.57789839471705,1.2650470095106812,0.03400414754383342,-0.19084173102456958,-0.9556250203193173
european_ki,European KI,1,KO100_KI80,KO 100 / KI 80,100.0,80.0,77.5,-15.48133663995607,1.2054996696875377,-0.08645922990806318,-0.288599035986131,-0.9440579539695904
european_ki,European KI,1,KO100_KI80,KO 100 / KI 80,100.0,80.0,80.0,-12.566902163275493,1.1262984827304656,0.017302034613853042,-0.3713217678718461,-0.9137353308457108
european_ki,European KI,1,KO100_KI80,KO 100 / KI 80,100.0,80.0,82.5,-9.86423758024075,1.028271452505311,-0.10036543952912183,-0.4533510324358776,-0.8666806495691404
european_ki,European KI,1,KO100_KI80,KO 100 / KI 80,100.0,80.0,85.0,-7.426794473558066,0.9121168581524137,-0.07540356178150694,-0.5099175349940577,-0.8027215085182782
european_ki,European KI,1,KO100_KI80,KO 100 / KI 80,100.0,80.0,87.5,-5.288134006727986,0.7940865257337221,0.0069402523166881645,-0.5392508624071661,-0.7228269129292642
european_ki,European KI,1,KO100_KI80,KO 100 / KI 80,100.0,80.0,90.0,-3.4789206768446936,0.6184943242550093,0.14505877254481586,-0.5080850430214641,-0.6319193469486173
european_ki,European KI,1,KO100_KI80,KO 100 / KI 80,100.0,80.0,92.5,-1.9879968280319364,0.5247803502791272,0.25185093221022603,-0.4895897226086652,-0.5303973890629088
european_ki,European KI,1,KO100_KI80,KO 100 / KI 80,100.0,80.0,95.0,-0.8351230554479582,0.39344095751464236,0.1835993638739048,-0.4410030842545315,-0.42372490495170556
european_ki,European KI,1,KO100_KI80,KO 100 / KI 80,100.0,80.0,97.5,-0.0009732296943130627,0.2734401295353857,0.1301888433594142,-0.36833315433660213,-0.31887223175148316
european_ki,European KI,1,KO100_KI80,KO 100 / KI 80,100.0,80.0,100.0,0.5577002705339288,0.17362908161014623,0.0824543962628983,-0.2834402497660242,-0.22383311916326365
european_ki,European KI,1,KO100_KI80,KO 100 / KI 80,100.0,80.0,102.5,0.8982171141171743,0.0993710680524227,0.058660997444816905,-0.20075169623784528,-0.14552995057612872
european_ki,European KI,1,KO100_KI80,KO 100 / KI 80,100.0,80.0,103.0,0.9557268100089418,0.09905153556788017,-0.06110987361255551,-0.1949768107373534,-0.13168866639605703
european_ki,European KI,1,KO100_KI80,KO 100 / KI 80,100.0,80.0,105.0,1.0871382893229231,0.04610635331671825,0.013921440054297319,-0.13440843897785015,-0.08716520540532624
european_ki,European KI,1,KO100_KI80,KO 100 / KI 80,100.0,80.0,107.5,1.185795031272417,0.025477402555057614,-0.03583263043412847,-0.08276910120065284,-0.04764063341800018
european_ki,European KI,1,KO100_KI80,KO 100 / KI 80,100.0,80.0,110.0,1.2259095244676061,0.010213229794679776,-0.01788683483520447,-0.04307658511795531,-0.024019432436217514
european_ki,European KI,1,KO100_KI80,KO 100 / KI 80,100.0,80.0,112.5,1.240251266508004,0.0035658583235850866,0.005384161312553749,-0.02004057345552046,-0.011166386880434587
european_ki,European KI,1,KO100_KI80,KO 100 / KI 80,100.0,80.0,115.0,1.2459116294595831,0.0006496525750067914,0.0012957656190239674,-0.009161019877524046,-0.004756032774233532
european_ki,European KI,1,KO100_KI80,KO 100 / KI 80,100.0,80.0,117.5,1.2477747915338004,0.0003018103176739042,-0.0014578043127583303,-0.003926366873052922,-0.0018461487838461466
european_ki,European KI,1,KO100_KI80,KO 100 / KI 80,100.0,80.0,120.0,1.247917060258447,1.9605934706290462e-05,0.00043210431582655734,-0.0014491143795680728,-0.0006761997105808604
parachute,Parachute,1,KO100_KI80,KO 100 / KI 80,100.0,80.0,60.0,-37.81956319873678,1.2091078674017908,-0.0042249766188717786,0.13526203372533985,-0.7884551110407756
parachute,Parachute,1,KO100_KI80,KO 100 / KI 80,100.0,80.0,62.5,-34.7428938369829,1.2471108112210232,0.02910438972787233,0.11936428600249371,-0.8467808358773254
parachute,Parachute,1,KO100_KI80,KO 100 / KI 80,100.0,80.0,65.0,-31.583571923973988,1.277234348292293,0.0493392871913574,0.08389778362407085,-0.9003128747778533
parachute,Parachute,1,KO100_KI80,KO 100 / KI 80,100.0,80.0,67.5,-28.373155863894144,1.2858655289855234,0.02267933779713519,0.028882194246580895,-0.945355530080505
parachute,Parachute,1,KO100_KI80,KO 100 / KI 80,100.0,80.0,70.0,-25.148005409053102,1.280770061903763,-0.031210255606305158,-0.04427996473904727,-0.9787973399561167
parachute,Parachute,1,KO100_KI80,KO 100 / KI 80,100.0,80.0,72.5,-21.958466642068935,1.2627622483084966,-0.06565308789808229,-0.12606825587628734,-0.9975502055254992
parachute,Parachute,1,KO100_KI80,KO 100 / KI 80,100.0,80.0,75.0,-18.853825125414986,1.2205689796849934,0.032518791916497015,-0.21153014075392562,-0.9995022789031083
parachute,Parachute,1,KO100_KI80,KO 100 / KI 80,100.0,80.0,77.5,-15.871070842173028,1.1593059131223824,-0.08690725688731435,-0.3049519818405084,-0.9843442072776654
parachute,Parachute,1,KO100_KI80,KO 100 / KI 80,100.0,80.0,80.0,-13.072252130928453,1.1103753481873935,0.16774269545850592,-0.3824620012794817,-0.9503892686943516
parachute,Parachute,1,KO100_KI80,KO 100 / KI 80,100.0,80.0,82.5,-10.332167658290427,1.0443343426465816,-0.09701561063926147,-0.4641080608951764,-0.9056017507939274
parachute,Parachute,1,KO100_KI80,KO 100 / KI 80,100.0,80.0,85.0,-7.852521848556498,0.9304857530265247,-0.07202401343445776,-0.5203082467396554,-0.8421613507461956
parachute,Parachute,1,KO100_KI80,KO 100 / KI 80,100.0,80.0,87.5,-5.666467896972485,0.8136484685720698,0.000444794900352704,-0.549750023065358,-0.7610567482457142
parachute,Parachute,1,KO100_KI80,KO 100 / KI 80,100.0,80.0,90.0,-3.804637797190979,0.6440995090026627,0.12540647123010903,-0.5222091916504543,-0.6675869238156107
parachute,Parachute,1,KO100_KI80,KO 100 / KI 80,100.0,80.0,92.5,-2.25974771073771,0.5469664613330666,0.21766785016442983,-0.5028792366549966,-0.5621303165496805
parachute,Parachute,1,KO100_KI80,KO 100 / KI 80,100.0,80.0,95.0,-1.0516518097881087,0.4156617783008833,0.15555427004946726,-0.45328315740298075,-0.4504629962693407
parachute,Parachute,1,KO100_KI80,KO 100 / KI 80,100.0,80.0,97.5,-0.1639582881225746,0.29431486495721326,0.10841572521531653,-0.37946600904074346,-0.3400175890219792
parachute,Parachute,1,KO100_KI80,KO 100 / KI 80,100.0,80.0,100.0,0.4430034796462459,0.19166620894952296,0.06624858935755307,-0.2932273557199625,-0.2393896716005206
parachute,Parachute,1,KO100_KI80,KO 100 / KI 80,100.0,80.0,102.5,0.8233243998859275,0.11349071624675579,0.047665994118366674,-0.20899019981739686,-0.15610389445184225
parachute,Parachute,1,KO100_KI80,KO 100 / KI 80,100.0,80.0,103.0,0.8864584874785107,0.11118584684177615,-0.05801577979416935,-0.20173176800829917,-0.1414225425097948
parachute,Parachute,1,KO100_KI80,KO 100 / KI 80,100.0,80.0,105.0,1.0420300349440856,0.05681493083687811,0.009386826496114244,-0.139896536420675,-0.09377334302835827
parachute,Parachute,1,KO100_KI80,KO 100 / KI 80,100.0,80.0,107.5,1.1604146491698235,0.03188031008396052,-0.03394498878866338,-0.08641940878979892,-0.051443327460365396
parachute,Parachute,1,KO100_KI80,KO 100 / KI 80,100.0,80.0,110.0,1.213009383573308,0.013821458746988195,-0.017093855479249034,-0.045914380843517844,-0.0260155883828439
parachute,Parachute,1,KO100_KI80,KO 100 / KI 80,100.0,80.0,112.5,1.23434690904409,0.005533906463999156,0.004113965926788094,-0.02188138977668408,-0.012119135634280909
parachute,Parachute,1,KO100_KI80,KO 100 / KI 80,100.0,80.0,115.0,1.2433765904465905,0.00160059664181987,0.0008370881519277162,-0.010084477818894433,-0.005176860124200822
parachute,Parachute,1,KO100_KI80,KO 100 / KI 80,100.0,80.0,117.5,1.2467563420368417,0.0006913599006466294,-0.0014945680525363938,-0.004405537982622221,-0.0020179963980737625
parachute,Parachute,1,KO100_KI80,KO 100 / KI 80,100.0,80.0,120.0,1.2475505705578867,0.0001803526838604445,0.0003205870860180217,-0.001668228084228618,-0.0007403265205763176
standard_dki,Standard DKI,1,KO100_KI80,KO 100 / KI 80,100.0,80.0,60.0,-39.672786067702425,0.9912251842583686,0.026619850123823754,0.02836920789729902,-0.6388680887731368
standard_dki,Standard DKI,1,KO100_KI80,KO 100 / KI 80,100.0,80.0,62.5,-37.190773577888535,1.001668899746278,-0.030678021449857623,0.03365054250276245,-0.6689517141317936
standard_dki,Standard DKI,1,KO100_KI80,KO 100 / KI 80,100.0,80.0,65.0,-34.689364375898165,1.0050796456992936,-0.09094012661492035,0.040760325203443415,-0.6987952762422367
standard_dki,Standard DKI,1,KO100_KI80,KO 100 / KI 80,100.0,80.0,67.5,-32.16419351502995,1.0251018594255796,-0.056706057786858784,0.037755616088851696,-0.7277432039877851
standard_dki,Standard DKI,1,KO100_KI80,KO 100 / KI 80,100.0,80.0,70.0,-29.625364693722123,1.0363476782191938,0.08295314775721156,0.046037170059921806,-0.7540315927851537
standard_dki,Standard DKI,1,KO100_KI80,KO 100 / KI 80,100.0,80.0,72.5,-27.059825834767786,1.0311621650860474,0.1920928907910021,0.05695361536576016,-0.7770355889260117
standard_dki,Standard DKI,1,KO100_KI80,KO 100 / KI 80,100.0,80.0,75.0,-24.4658607463079,1.0325284558357641,-0.2230875261977619,0.0186846829048406,-0.794917969404807
standard_dki,Standard DKI,1,KO100_KI80,KO 100 / KI 80,100.0,80.0,77.5,-21.901906992038697,1.031624935542597,0.2620182293041663,0.04014155326144575,-0.8038399259788775
standard_dki,Standard DKI,1,KO100_KI80,KO 100 / KI 80,100.0,80.0,80.0,-19.312949557937962,1.1007753103467488,0.10248502004344127,-0.0263380623428624,-0.8034552633159109
standard_dki,Standard DKI,1,KO100_KI80,KO 100 / KI 80,100.0,80.0,82.5,-16.409650088128508,1.1562369193374316,0.25410067899790745,-0.07394804217976159,-0.8012102035085178
standard_dki,Standard DKI,1,KO100_KI80,KO 100 / KI 80,100.0,80.0,85.0,-13.573216680204546,1.1351301111173902,0.10097373304089793,-0.16533923152311836,-0.779467289440916
standard_dki,Standard DKI,1,KO100_KI80,KO 100 / KI 80,100.0,80.0,87.5,-10.860886967701335,1.0390937036349146,-0.2661124716246377,-0.26523833156112,-0.7356709068858436
standard_dki,Standard DKI,1,KO100_KI80,KO 100 / KI 80,100.0,80.0,90.0,-8.382166130434241,0.9425685274559785,-0.0025457221273886377,-0.3223791365689177,-0.6718156293249677
standard_dki,Standard DKI,1,KO100_KI80,KO 100 / KI 80,100.0,80.0,92.5,-6.132260357413527,0.8445640292142657,0.017312289999665567,-0.3522769113675084,-0.5878432739460315
standard_dki,Standard DKI,1,KO100_KI80,KO 100 / KI 80,100.0,80.0,95.0,-4.168029654392046,0.723480056052775,0.0033434638553309108,-0.35400981702759093,-0.48846637370187906
standard_dki,Standard DKI,1,KO100_KI80,KO 100 / KI 80,100.0,80.0,97.5,-2.5262762252466593,0.5890679859371499,-0.0075557478175695735,-0.32930945553394686,-0.38158081505508257
standard_dki,Standard DKI,1,KO100_KI80,KO 100 / KI 80,100.0,80.0,100.0,-1.2277321971111217,0.44926593524819247,-0.025481913708284232,-0.2839194851719935,-0.2775856548198119
standard_dki,Standard DKI,1,KO100_KI80,KO 100 / KI 80,100.0,80.0,102.5,-0.2714349314454718,0.31653307111387785,-0.018422576321879797,-0.22771835454794254,-0.18671707323247855
standard_dki,Standard DKI,1,KO100_KI80,KO 100 / KI 80,100.0,80.0,103.0,-0.11533848945972364,0.29756745916367305,-0.05868831026437421,-0.21881358138230445,-0.17054687931270796
standard_dki,Standard DKI,1,KO100_KI80,KO 100 / KI 80,100.0,80.0,105.0,0.38099358627941,0.20498719080036235,-0.02557031286945348,-0.1640105597821519,-0.11554512520983717
standard_dki,Standard DKI,1,KO100_KI80,KO 100 / KI 80,100.0,80.0,107.5,0.7922075495816031,0.12564604434452167,-0.03663107070264334,-0.11221856824162013,-0.06541337768805056
standard_dki,Standard DKI,1,KO100_KI80,KO 100 / KI 80,100.0,80.0,110.0,1.0256569292533306,0.0667826069894291,-0.02055088738576981,-0.07061921166294916,-0.03401412446770724
standard_dki,Standard DKI,1,KO100_KI80,KO 100 / KI 80,100.0,80.0,112.5,1.1474587815905912,0.0341137139264516,-0.0075779652486380935,-0.03946639519439943,-0.016221959827134036
standard_dki,Standard DKI,1,KO100_KI80,KO 100 / KI 80,100.0,80.0,115.0,1.2060424893334856,0.015093125348921129,-0.004163880016543045,-0.019876176773233167,-0.007108803981625833
standard_dki,Standard DKI,1,KO100_KI80,KO 100 / KI 80,100.0,80.0,117.5,1.231936994232744,0.0064285924599640915,-0.0031265770597192163,-0.00981727699787771,-0.0028537039323373037
standard_dki,Standard DKI,1,KO100_KI80,KO 100 / KI 80,100.0,80.0,120.0,1.2421473859376906,0.0025194313965226645,-0.0009215333106678733,-0.0042557153714763984,-0.0010675192648745835
stepdown,Step-down,1,KO100_KI80,KO 100 / KI 80,100.0,80.0,60.0,-39.49419110124938,1.015435345542682,-0.005266163608613144,0.056968734403675114,-0.6557263824880977
stepdown,Step-down,1,KO100_KI80,KO 100 / KI 80,100.0,80.0,62.5,-36.932231303142906,1.0323778671628019,0.01600035113769991,0.07045472414304044,-0.6908723255293125
stepdown,Step-down,1,KO100_KI80,KO 100 / KI 80,100.0,80.0,65.0,-34.32678251242366,1.0517882697330203,0.033243251065207174,0.08074743935160456,-0.7261679191472581
stepdown,Step-down,1,KO100_KI80,KO 100 / KI 80,100.0,80.0,67.5,-31.677917094721167,1.0655848250684024,0.019726760308723435,0.08520341098903117,-0.7600450162588146
stepdown,Step-down,1,KO100_KI80,KO 100 / KI 80,100.0,80.0,70.0,-28.9881200528861,1.078237955144914,-0.014673700936712945,0.08083924330864889,-0.7907218776388447
stepdown,Step-down,1,KO100_KI80,KO 100 / KI 80,100.0,80.0,72.5,-26.270916796704146,1.0912133674822424,-0.03647245454794324,0.07140570025552861,-0.8156087744186635
stepdown,Step-down,1,KO100_KI80,KO 100 / KI 80,100.0,80.0,75.0,-23.543397935615985,1.0921444685454749,0.041040724589594096,0.05362385695270788,-0.8322470052636533
stepdown,Step-down,1,KO100_KI80,KO 100 / KI 80,100.0,80.0,77.5,-20.818587783301002,1.0833477497022346,-0.043346007085169155,0.023102127046094267,-0.8385636802646701
stepdown,Step-down,1,KO100_KI80,KO 100 / KI 80,100.0,80.0,80.0,-18.135730921478668,1.1176582025913762,0.30169052078454767,-0.011610665378078977,-0.8317954482055967
stepdown,Step-down,1,KO100_KI80,KO 100 / KI 80,100.0,80.0,82.5,-15.243183625065463,1.1354536289428616,-0.05354010291231969,-0.08884648219252256,-0.8165966246556522
stepdown,Step-down,1,KO100_KI80,KO 100 / KI 80,100.0,80.0,85.0,-12.472086418003876,1.0747833484029372,-0.04083996954465503,-0.16163536519644062,-0.7818790710345525
stepdown,Step-down,1,KO100_KI80,KO 100 / KI 80,100.0,80.0,87.5,-9.870420702604333,1.000330462598961,-0.04307201437538369,-0.2258914364372444,-0.7275234362657201
stepdown,Step-down,1,KO100_KI80,KO 100 / KI 80,100.0,80.0,90.0,-7.4870249820790375,0.9034490986112479,-0.04370837273551192,-0.2716648321318127,-0.6540391585607708
stepdown,Step-down,1,KO100_KI80,KO 100 / KI 80,100.0,80.0,92.5,-5.365059141563862,0.7886700522330965,-0.037943819577157416,-0.2958029849883843,-0.5644541217627363
stepdown,Step-down,1,KO100_KI80,KO 100 / KI 80,100.0,80.0,95.0,-3.538600620579695,0.6681658307376075,-0.028504328088754888,-0.2998636620891246,-0.4628987109523308
stepdown,Step-down,1,KO100_KI80,KO 100 / KI 80,100.0,80.0,97.5,-2.0409327836225293,0.5336158718899452,-0.027954767550140786,-0.27999551623547525,-0.35738467719026445
stepdown,Step-down,1,KO100_KI80,KO 100 / KI 80,100.0,80.0,100.0,-0.8787472466329742,0.39738239533445063,-0.037321078382475115,-0.24133143148864789,-0.25700971326649835
stepdown,Step-down,1,KO100_KI80,KO 100 / KI 80,100.0,80.0,102.5,-0.03945665712103161,0.27523471409738215,-0.026355746203713698,-0.19289408115859466,-0.17120623465111673
stepdown,Step-down,1,KO100_KI80,KO 100 / KI 80,100.0,80.0,103.0,0.09492610386383576,0.2568092924979728,-0.048413436364790306,-0.18421330833356042,-0.1561724588513877
stepdown,Step-down,1,KO100_KI80,KO 100 / KI 80,100.0,80.0,105.0,0.5228065043039434,0.17568238552134813,-0.02535905934752705,-0.13848139115514996,-0.10503590968499177
stepdown,Step-down,1,KO100_KI80,KO 100 / KI 80,100.0,80.0,107.5,0.8710689980744226,0.10563346452649207,-0.029532206143001855,-0.09369024847206231,-0.05902557921129148
stepdown,Step-down,1,KO100_KI80,KO 100 / KI 80,100.0,80.0,110.0,1.0661394370144803,0.055326624922672984,-0.016604897133110082,-0.0584448627783114,-0.030479833837970816
stepdown,Step-down,1,KO100_KI80,KO 100 / KI 80,100.0,80.0,112.5,1.16660223558905,0.027946786478957836,-0.006514671099400829,-0.0324542473357603,-0.01444320163914714
stepdown,Step-down,1,KO100_KI80,KO 100 / KI 80,100.0,80.0,115.0,1.2143186816803926,0.01222553638812542,-0.003432953019417172,-0.016203788786653073,-0.0062942173978175475
stepdown,Step-down,1,KO100_KI80,KO 100 / KI 80,100.0,80.0,117.5,1.2352009241987592,0.005156536193137422,-0.002545811639360727,-0.007951668930017641,-0.0025136075240350664
stepdown,Step-down,1,KO100_KI80,KO 100 / KI 80,100.0,80.0,120.0,1.2433567134283663,0.0020041395104051602,-0.0007261859290779653,-0.0034167729849785555,-0.0009360357174470479
airbag,Airbag,2,KO100_KI80,KO 100 / KI 80,100.0,80.0,60.0,-23.31884094862239,0.6015887867562479,1.1265901693742346,0.22591823076943385,-0.5032513152688267
airbag,Airbag,2,KO100_KI80,KO 100 / KI 80,100.0,80.0,62.5,-22.16871158649417,0.6511287984894523,1.1109705490328998,0.27898564404140913,-0.5704704619844847
airbag,Airbag,2,KO100_KI80,KO 100 / KI 80,100.0,80.0,65.0,-20.900883596052473,0.3632755042711284,1.062767795065694,0.24881177113128317,-0.6404465437459095
airbag,Airbag,2,KO100_KI80,KO 100 / KI 80,100.0,80.0,67.5,-19.516154469501302,0.4079929445608625,0.9870899655171206,0.2792854989968063,-0.70940394772947
airbag,Airbag,2,KO100_KI80,KO 100 / KI 80,100.0,80.0,70.0,-17.90835902844638,0.4502285314426706,-0.923581563059323,0.2509483404461541,-0.7736247221888704
airbag,Airbag,2,KO100_KI80,KO 100 / KI 80,100.0,80.0,72.5,-16.438362810185673,0.8153422862807541,0.901282949747163,0.3668903085727031,-0.8285729173117318
airbag,Airbag,2,KO100_KI80,KO 100 / KI 80,100.0,80.0,75.0,-14.77950023844427,0.5150090276146125,0.8602744267035405,0.2954109432693066,-0.8712576311449283
airbag,Airbag,2,KO100_KI80,KO 100 / KI 80,100.0,80.0,77.5,-12.953118068580475,0.8426611591208265,-0.786692938558794,0.20361440791619678,-0.8958078056446439
airbag,Airbag,2,KO100_KI80,KO 100 / KI 80,100.0,80.0,80.0,-11.347258853854637,0.715580826045239,0.1350993869190131,0.2381551614742854,-0.906826437829622
airbag,Airbag,2,KO100_KI80,KO 100 / KI 80,100.0,80.0,82.5,-9.390673751101879,0.8671649342236024,-0.6851045851548065,0.1137358243369686,-0.896795522480609
airbag,Airbag,2,KO100_KI80,KO 100 / KI 80,100.0,80.0,85.0,-7.713229971421102,0.5714007868461344,0.5952957362383617,0.13739838465954612,-0.8721894283652887
airbag,Airbag,2,KO100_KI80,KO 100 / KI 80,100.0,80.0,87.5,-5.906569926803915,0.775047633840313,-0.5625536598382376,-0.02035289269417362,-0.8128194772898389
airbag,Airbag,2,KO100_KI80,KO 100 / KI 80,100.0,80.0,90.0,-4.456294830942047,0.5308667026500627,0.2880178649023724,0.0717387879127438,-0.7443418152965009
airbag,Airbag,2,KO100_KI80,KO 100 / KI 80,100.0,80.0,92.5,-3.0401763084576685,0.5869918854302926,0.24289557282020924,0.008055216350331573,-0.6462463066473134
airbag,Airbag,2,KO100_KI80,KO 100 / KI 80,100.0,80.0,95.0,-1.7739344112224218,0.39098436919467605,-0.2670258876514803,-0.08024751338523406,-0.5284992687370593
airbag,Airbag,2,KO100_KI80,KO 100 / KI 80,100.0,80.0,97.5,-0.8343413187981956,0.3091461265857417,0.15838999635404963,-0.0565717585023896,-0.4121746604152099
airbag,Airbag,2,KO100_KI80,KO 100 / KI 80,100.0,80.0,100.0,-0.07345959962073047,0.25720303367796277,-0.07019797348308254,-0.06800031383728235,-0.29666397508086306
airbag,Airbag,2,KO100_KI80,KO 100 / KI 80,100.0,80.0,102.5,0.45994619470341735,0.1923618238236841,0.05533819519324734,-0.06489057600787923,-0.19766366146207748
airbag,Airbag,2,KO100_KI80,KO 100 / KI 80,100.0,80.0,103.0,0.5637002953965846,0.17695911913654291,-0.1146122722146241,-0.07959262201441308,-0.1783642965489607
airbag,Airbag,2,KO100_KI80,KO 100 / KI 80,100.0,80.0,105.0,0.8253746843199983,0.12076156174059585,-0.06946014327433933,-0.06426973818043125,-0.11970833587263696
airbag,Airbag,2,KO100_KI80,KO 100 / KI 80,100.0,80.0,107.5,1.0341039244581858,0.06156191216277235,-0.02948771869838507,-0.04552747838973881,-0.06686059616010098
airbag,Airbag,2,KO100_KI80,KO 100 / KI 80,100.0,80.0,110.0,1.1463245435135159,0.029166859104643245,-0.020739734381285912,-0.026698515974974413,-0.03458320710538754
airbag,Airbag,2,KO100_KI80,KO 100 / KI 80,100.0,80.0,112.5,1.2033279064322002,0.013944875428559279,-0.006567868140583262,-0.015131065474118799,-0.01640224315369032
airbag,Airbag,2,KO100_KI80,KO 100 / KI 80,100.0,80.0,115.0,1.2290148041171585,0.006216720678113079,0.002647502399051286,-0.007064697058395186,-0.0071611436710083964
airbag,Airbag,2,KO100_KI80,KO 100 / KI 80,100.0,80.0,117.5,1.2407877896961987,0.0025418564946857835,0.0007077655369155824,-0.003410186444967378,-0.0028621964060837612
airbag,Airbag,2,KO100_KI80,KO 100 / KI 80,100.0,80.0,120.0,1.245417100580735,0.0009589455302363067,0.00017409417713677556,-0.0014975015055640473,-0.0010575195599882292
european_ki,European KI,2,KO100_KI80,KO 100 / KI 80,100.0,80.0,60.0,-36.54397057427715,1.1999466665580747,0.13380598445335876,0.12992141278324,-1.401521767943592
european_ki,European KI,2,KO100_KI80,KO 100 / KI 80,100.0,80.0,62.5,-33.56963540572881,1.2154677645230207,0.14839134231784556,0.10516039308923553,-1.4689859697455177
european_ki,European KI,2,KO100_KI80,KO 100 / KI 80,100.0,80.0,65.0,-30.57343078962813,1.17769603939357,0.146437557167366,0.07124036107499876,-1.5254262752112169
european_ki,European KI,2,KO100_KI80,KO 100 / KI 80,100.0,80.0,67.5,-27.57665610381569,1.1700621603203947,0.13320430803857083,0.026719827743203695,-1.5680093603382517
european_ki,European KI,2,KO100_KI80,KO 100 / KI 80,100.0,80.0,70.0,-24.584091026486753,1.1527764622108296,-0.16850662694547713,-0.045658090738683654,-1.594515119394302
european_ki,European KI,2,KO100_KI80,KO 100 / KI 80,100.0,80.0,72.5,-21.679676933514102,1.1888727610693293,0.1626795964380589,-0.08186212257957948,-1.6022954169319092
european_ki,European KI,2,KO100_KI80,KO 100 / KI 80,100.0,80.0,75.0,-18.83040106487787,1.087404917441371,0.16329740738337428,-0.13434299768419677,-1.5901352784510436
european_ki,European KI,2,KO100_KI80,KO 100 / KI 80,100.0,80.0,77.5,-16.0543685610533,1.1118521195829023,-0.21102997737653592,-0.22575343098575473,-1.5552124282319113
european_ki,European KI,2,KO100_KI80,KO 100 / KI 80,100.0,80.0,80.0,-13.462945880203003,1.0182840465886267,-0.03764771874474881,-0.24362757249592448,-1.5009642508497123
european_ki,European KI,2,KO100_KI80,KO 100 / KI 80,100.0,80.0,82.5,-10.966614959307778,0.9900112424986565,-0.2325769972083053,-0.3317004103450394,-1.4197021991030567
european_ki,European KI,2,KO100_KI80,KO 100 / KI 80,100.0,80.0,85.0,-8.715585414510173,0.8352353983963191,0.1359774925732947,-0.32727309176741315,-1.3221047712331568
european_ki,European KI,2,KO100_KI80,KO 100 / KI 80,100.0,80.0,87.5,-6.606140027498199,0.8244368488321824,-0.20230862297476238,-0.3837098547661899,-1.1946696868323947
european_ki,European KI,2,KO100_KI80,KO 100 / KI 80,100.0,80.0,90.0,-4.764212985728709,0.7042770338262796,-0.1169270960626104,-0.3997151969936432,-1.0547286672195177
european_ki,European KI,2,KO100_KI80,KO 100 / KI 80,100.0,80.0,92.5,-3.174943476062105,0.5737386848441234,-0.050672060698567986,-0.374342697435198,-0.8940195329625311
european_ki,European KI,2,KO100_KI80,KO 100 / KI 80,100.0,80.0,95.0,-1.8562155086360808,0.4780134585539879,-0.06360824874588847,-0.3397974936116428,-0.7201525939127817
european_ki,European KI,2,KO100_KI80,KO 100 / KI 80,100.0,80.0,97.5,-0.8139937732812152,0.3646128193525866,-0.01796148281190482,-0.3065237284462776,-0.5503998357404449
european_ki,European KI,2,KO100_KI80,KO 100 / KI 80,100.0,80.0,100.0,-0.035441062630189736,0.25945968529785757,-0.07630428560903024,-0.24641008463401567,-0.391084295001929
european_ki,European KI,2,KO100_KI80,KO 100 / KI 80,100.0,80.0,102.5,0.49594527990039416,0.17344706204420687,-0.00806341592488641,-0.18328571001197191,-0.25798636896702254
european_ki,European KI,2,KO100_KI80,KO 100 / KI 80,100.0,80.0,103.0,0.5816740989374389,0.15916722712709977,-0.047449529155877065,-0.16601660156695575,-0.23368512620242088
european_ki,European KI,2,KO100_KI80,KO 100 / KI 80,100.0,80.0,105.0,0.8412428487577189,0.10738040955445774,-0.025199994603822568,-0.12242209753855271,-0.1558699704274913
european_ki,European KI,2,KO100_KI80,KO 100 / KI 80,100.0,80.0,107.5,1.045057642212319,0.05955343787832817,-0.029322228934004,-0.0783298806858711,-0.08647461065749429
european_ki,European KI,2,KO100_KI80,KO 100 / KI 80,100.0,80.0,110.0,1.1527512682970298,0.02998319528192143,-0.011908532819024396,-0.04369920587780385,-0.04448981460438706
european_ki,European KI,2,KO100_KI80,KO 100 / KI 80,100.0,80.0,112.5,1.206652334489231,0.014029652485269908,-0.002815245920109287,-0.023308783665923816,-0.021003719146528432
european_ki,European KI,2,KO100_KI80,KO 100 / KI 80,100.0,80.0,115.0,1.2311557585933968,0.006126874841440177,0.00048051515344197277,-0.011297581685202118,-0.009066462865514602
european_ki,European KI,2,KO100_KI80,KO 100 / KI 80,100.0,80.0,117.5,1.2416688625657795,0.002460388845662351,-8.570475179239809e-05,-0.0051364517762853,-0.0036095144371417476
european_ki,European KI,2,KO100_KI80,KO 100 / KI 80,100.0,80.0,120.0,1.2457498026775637,0.0009126868345538108,-9.4021237211238e-05,-0.0021503572980741126,-0.0013289036543628896
parachute,Parachute,2,KO100_KI80,KO 100 / KI 80,100.0,80.0,60.0,-35.396947433792,1.2482438262606976,0.05984173780646529,0.11173527517166804,-1.547323047470428
parachute,Parachute,2,KO100_KI80,KO 100 / KI 80,100.0,80.0,62.5,-32.281540308137096,1.255448421944493,0.059386340084456604,0.064716348541765,-1.6181938641999238
parachute,Parachute,2,KO100_KI80,KO 100 / KI 80,100.0,80.0,65.0,-29.16284598695076,1.236886555745225,0.04859596471253378,0.00399570229388857,-1.6741604273320831
parachute,Parachute,2,KO100_KI80,KO 100 / KI 80,100.0,80.0,67.5,-26.069510693143325,1.2201350276809924,0.029434596325355774,-0.06447417203735739,-1.712357712217738
parachute,Parachute,2,KO100_KI80,KO 100 / KI 80,100.0,80.0,70.0,-23.026185747173194,1.1912225503463805,-0.06127491642783932,-0.14252051922270326,-1.7296932984528723
parachute,Parachute,2,KO100_KI80,KO 100 / KI 80,100.0,80.0,72.5,-20.080478695915048,1.1689875041006192,0.03591782287342331,-0.21265403194933796,-1.7273331744586784
parachute,Parachute,2,KO100_KI80,KO 100 / KI 80,100.0,80.0,75.0,-17.244481315855655,1.0976027291010269,0.028295818224705727,-0.2862736568832176,-1.701279817144652
parachute,Parachute,2,KO100_KI80,KO 100 / KI 80,100.0,80.0,77.5,-14.544928907540825,1.0539732370551838,-0.09046468242530192,-0.3646940575447868,-1.6494019854128794
parachute,Parachute,2,KO100_KI80,KO 100 / KI 80,100.0,80.0,80.0,-12.03334866853911,0.9942656665930882,0.07152557466575392,-0.4152145076718998,-1.5795018814337425
parachute,Parachute,2,KO100_KI80,KO 100 / KI 80,100.0,80.0,82.5,-9.578993269205945,0.9464831646119124,-0.11226625451835695,-0.47672837007108804,-1.4862899501075333
parachute,Parachute,2,KO100_KI80,KO 100 / KI 80,100.0,80.0,85.0,-7.364691304336891,0.8310668703229507,-0.0016287482322464811,-0.4966888903542932,-1.3778789647899359
parachute,Parachute,2,KO100_KI80,KO 100 / KI 80,100.0,80.0,87.5,-5.375710804346045,0.7520418231295137,-0.08420048401329468,-0.520004347564325,-1.237712057342133
parachute,Parachute,2,KO100_KI80,KO 100 / KI 80,100.0,80.0,90.0,-3.6435844874823284,0.6666481977093374,-0.21620845455589432,-0.5340375104914856,-1.0868062991137517
parachute,Parachute,2,KO100_KI80,KO 100 / KI 80,100.0,80.0,92.5,-2.2144078139815493,0.48757752598138443,-0.12660825256600455,-0.49655758891820234,-0.9158892015281417
parachute,Parachute,2,KO100_KI80,KO 100 / KI 80,100.0,80.0,95.0,-1.0883783455758662,0.4200075604518678,-0.005354398695093849,-0.4228289441766102,-0.7335363164099773
parachute,Parachute,2,KO100_KI80,KO 100 / KI 80,100.0,80.0,97.5,-0.21563118210214316,0.304535465762776,-0.06690573389119105,-0.37080871750944333,-0.5573615936242837
parachute,Parachute,2,KO100_KI80,KO 100 / KI 80,100.0,80.0,100.0,0.3907429624423053,0.1952918156523214,-0.06806455623957874,-0.28679158648053993,-0.3937467794644933
parachute,Parachute,2,KO100_KI80,KO 100 / KI 80,100.0,80.0,102.5,0.7773155525729472,0.11724571918922695,-0.02429125438134474,-0.2046376938576686,-0.25831761030901124
parachute,Parachute,2,KO100_KI80,KO 100 / KI 80,100.0,80.0,103.0,0.8327305976411091,0.10623646090919657,-0.0186582124050703,-0.1818962622037421,-0.23380286051239985
parachute,Parachute,2,KO100_KI80,KO 100 / KI 80,100.0,80.0,105.0,1.0086844604591743,0.06762185309858779,-0.007091014651252483,-0.12928773547846917,-0.15528478936379653
parachute,Parachute,2,KO100_KI80,KO 100 / KI 80,100.0,80.0,107.5,1.1378933886338587,0.036096589392430094,-0.02021876657741453,-0.07849011038029108,-0.08568590660495978
parachute,Parachute,2,KO100_KI80,KO 100 / KI 80,100.0,80.0,110.0,1.2004673694284131,0.016920602163045955,-0.006332564753337744,-0.042105629854069626,-0.04386167933914109
parachute,Parachute,2,KO100_KI80,KO 100 / KI 80,100.0,80.0,112.5,1.2291526560680017,0.007107270192739613,-0.0014120137510202665,-0.021350304420069133,-0.02060407191926128
parachute,Parachute,2,KO100_KI80,KO 100 / KI 80,100.0,80.0,115.0,1.2409900287170954,0.002763762837022654,0.00027128869175287797,-0.009870854944436624,-0.008843920863221832
parachute,Parachute,2,KO100_KI80,KO 100 / KI 80,100.0,80.0,117.5,1.2455768383434753,0.0009782994206031473,6.412453940266949e-05,-0.004230082423975157,-0.003503732980614238
parachute,Parachute,2,KO100_KI80,KO 100 / KI 80,100.0,80.0,120.0,1.2471858404311018,0.00031532430227909636,3.459314828295017e-05,-0.001671681367488631,-0.001283793204964745
standard_dki,Standard DKI,2,KO100_KI80,KO 100 / KI 80,100.0,80.0,60.0,-38.5557582566563,1.0781079256337498,0.22638117897520893,0.14005879585544534,-1.2638720215150556
standard_dki,Standard DKI,2,KO100_KI80,KO 100 / KI 80,100.0,80.0,62.5,-35.91836871960282,1.1002366144781035,0.26263227458694016,0.15060951141751389,-1.3219883336219596
standard_dki,Standard DKI,2,KO100_KI80,KO 100 / KI 80,100.0,80.0,65.0,-33.244479077357276,1.0335952819003815,0.2748778209172071,0.16285897067226074,-1.3742792472285714
standard_dki,Standard DKI,2,KO100_KI80,KO 100 / KI 80,100.0,80.0,67.5,-30.542203808844643,1.0358898729976966,0.2739838139803331,0.15896458963231197,-1.418123975794927
standard_dki,Standard DKI,2,KO100_KI80,KO 100 / KI 80,100.0,80.0,70.0,-27.78588702842886,1.0332259808522994,-0.31541483579766394,0.09905930742235469,-1.4524029187416687
standard_dki,Standard DKI,2,KO100_KI80,KO 100 / KI 80,100.0,80.0,72.5,-25.1059793374694,1.1488653469654386,0.3365588367345682,0.11718271989441575,-1.4699066574983988
standard_dki,Standard DKI,2,KO100_KI80,KO 100 / KI 80,100.0,80.0,75.0,-22.40525716370623,1.0073899387307392,0.34841865298651303,0.10449411990523316,-1.4726267600682519
standard_dki,Standard DKI,2,KO100_KI80,KO 100 / KI 80,100.0,80.0,77.5,-19.687768836873527,1.126681371700668,-0.3748369980627892,-0.0018223633484879542,-1.456662065933756
standard_dki,Standard DKI,2,KO100_KI80,KO 100 / KI 80,100.0,80.0,80.0,-17.14487656591296,1.049466324953987,0.11527892834102269,0.03291733297355037,-1.4204805262927778
standard_dki,Standard DKI,2,KO100_KI80,KO 100 / KI 80,100.0,80.0,82.5,-14.440095205858286,1.1130490404240352,-0.39829237478940577,-0.09641333361683202,-1.3663511115815652
standard_dki,Standard DKI,2,KO100_KI80,KO 100 / KI 80,100.0,80.0,85.0,-11.980027508530394,0.9043209302317312,0.3379714578217527,-0.05643048612974688,-1.2916524996088086
standard_dki,Standard DKI,2,KO100_KI80,KO 100 / KI 80,100.0,80.0,87.5,-9.533524946142972,0.9967817868891119,-0.3799124324367099,-0.16533343903976672,-1.1852849501016394
standard_dki,Standard DKI,2,KO100_KI80,KO 100 / KI 80,100.0,80.0,90.0,-7.376227244275492,0.8078597658052811,0.11182835657074709,-0.18203613581507305,-1.0614922981344144
standard_dki,Standard DKI,2,KO100_KI80,KO 100 / KI 80,100.0,80.0,92.5,-5.383627449535678,0.7830002983725848,0.12625379039841014,-0.17522558108009267,-0.9122045472773621
standard_dki,Standard DKI,2,KO100_KI80,KO 100 / KI 80,100.0,80.0,95.0,-3.60251331836984,0.6155510099646594,-0.2032802998014309,-0.21733095008714942,-0.7441404345353675
standard_dki,Standard DKI,2,KO100_KI80,KO 100 / KI 80,100.0,80.0,97.5,-2.1649971931692944,0.5030636662866079,0.09585703003490667,-0.2101569506207257,-0.5761849343391745
standard_dki,Standard DKI,2,KO100_KI80,KO 100 / KI 80,100.0,80.0,100.0,-0.9919737138758893,0.40542916278706476,-0.09645524682377893,-0.19056108383275605,-0.414408229486396
standard_dki,Standard DKI,2,KO100_KI80,KO 100 / KI 80,100.0,80.0,102.5,-0.13288971096813815,0.30041575817464067,0.02969045102576265,-0.15876456347055642,-0.27646713572432036
standard_dki,Standard DKI,2,KO100_KI80,KO 100 / KI 80,100.0,80.0,103.0,0.02147187347254359,0.27859117096002,-0.11418036993058016,-0.15256460742975447,-0.25071426611286696
standard_dki,Standard DKI,2,KO100_KI80,KO 100 / KI 80,100.0,80.0,105.0,0.468567615641606,0.1966555917364487,-0.0670386083235211,-0.12205743351699316,-0.16866115225054878
standard_dki,Standard DKI,2,KO100_KI80,KO 100 / KI 80,100.0,80.0,107.5,0.838963848472995,0.11181475597913564,-0.04975544081589407,-0.08653484977252435,-0.09457094895807261
standard_dki,Standard DKI,2,KO100_KI80,KO 100 / KI 80,100.0,80.0,110.0,1.0470196530955944,0.05891478677552514,-0.024630796583201282,-0.05175050072627496,-0.04913404220363571
standard_dki,Standard DKI,2,KO100_KI80,KO 100 / KI 80,100.0,80.0,112.5,1.1568681699886112,0.029331351126770815,-0.006070358146023774,-0.029874540052325926,-0.02341828173106908
standard_dki,Standard DKI,2,KO100_KI80,KO 100 / KI 80,100.0,80.0,115.0,1.2093972914718312,0.013550884396722664,0.0010308018146772612,-0.015450462751589233,-0.010220700865937182
standard_dki,Standard DKI,2,KO100_KI80,KO 100 / KI 80,100.0,80.0,117.5,1.2330300791026172,0.005728743942298518,-0.00038173185562174626,-0.007564146584594145,-0.004106022847483182
standard_dki,Standard DKI,2,KO100_KI80,KO 100 / KI 80,100.0,80.0,120.0,1.2425776364822347,0.0022289841698425183,-0.0003649190251685407,-0.0033757785236314675,-0.0015249743833933849
stepdown,Step-down,2,KO100_KI80,KO 100 / KI 80,100.0,80.0,60.0,-36.720549250279106,1.1960660333195132,0.07480037789591165,0.23110210170019485,-1.4125234955677968
stepdown,Step-down,2,KO100_KI80,KO 100 / KI 80,100.0,80.0,62.5,-33.72536666621884,1.2145951392474443,0.07562001518454053,0.22179392302378176,-1.4776739080495815
stepdown,Step-down,2,KO100_KI80,KO 100 / KI 80,100.0,80.0,65.0,-30.69537495239458,1.2072830583632037,0.06354320852260328,0.18821489287495652,-1.5303387376874866
stepdown,Step-down,2,KO100_KI80,KO 100 / KI 80,100.0,80.0,67.5,-27.655069415211283,1.2055849931743134,0.03361918598018519,0.15071124624696708,-1.5672693563857365
stepdown,Step-down,2,KO100_KI80,KO 100 / KI 80,100.0,80.0,70.0,-24.62819333917487,1.1922014099138523,-0.049581783547299724,0.11051636513091978,-1.5864546712908378
stepdown,Step-down,2,KO100_KI80,KO 100 / KI 80,100.0,80.0,72.5,-21.661803680967413,1.1831771800807582,0.030960947139926046,0.06047379858674873,-1.5839676630690747
stepdown,Step-down,2,KO100_KI80,KO 100 / KI 80,100.0,80.0,75.0,-18.7719227105276,1.126891192213184,0.024633080935548907,-0.01281432142755179,-1.560151735953852
stepdown,Step-down,2,KO100_KI80,KO 100 / KI 80,100.0,80.0,77.5,-15.991217414731034,1.0897479673227604,-0.07114245740740159,-0.07124734271313393,-1.514102500959602
stepdown,Step-down,2,KO100_KI80,KO 100 / KI 80,100.0,80.0,80.0,-13.370581377742269,1.0454487895201825,0.09982946259715629,-0.13988248897500455,-1.444893735060937
stepdown,Step-down,2,KO100_KI80,KO 100 / KI 80,100.0,80.0,82.5,-10.773640692196116,1.0024891119068342,-0.08605340245489955,-0.1939098758259643,-1.357062115370944
stepdown,Step-down,2,KO100_KI80,KO 100 / KI 80,100.0,80.0,85.0,-8.394203625698369,0.9029145552609982,-0.06978778668841938,-0.24780063427643206,-1.2470313733935257
stepdown,Step-down,2,KO100_KI80,KO 100 / KI 80,100.0,80.0,87.5,-6.256851548016829,0.8013689963173434,-0.05278483612031388,-0.2837833505776901,-1.1172959811654337
stepdown,Step-down,2,KO100_KI80,KO 100 / KI 80,100.0,80.0,90.0,-4.377262650659808,0.6914426540878547,-0.10822329767594728,-0.30556630794481787,-0.9712627499619764
stepdown,Step-down,2,KO100_KI80,KO 100 / KI 80,100.0,80.0,92.5,-2.7998277430743346,0.5684934347738471,-0.027837989107476577,-0.3068704646857774,-0.8121602646683268
stepdown,Step-down,2,KO100_KI80,KO 100 / KI 80,100.0,80.0,95.0,-1.5168899543825909,0.45419434896008387,-0.05128050343553418,-0.29010834918415185,-0.6465931277975567
stepdown,Step-down,2,KO100_KI80,KO 100 / KI 80,100.0,80.0,97.5,-0.533657182088051,0.33591561715313306,-0.04769338403409283,-0.25363114922093655,-0.48598193112159294
stepdown,Step-down,2,KO100_KI80,KO 100 / KI 80,100.0,80.0,100.0,0.17152791769608838,0.22715863436327827,-0.05590237607200102,-0.20401227072634934,-0.34280181407289056
stepdown,Step-down,2,KO100_KI80,KO 100 / KI 80,100.0,80.0,102.5,0.6378094233091868,0.1492868279584363,-0.007579807509811401,-0.15143304932026275,-0.22398935863784386
stepdown,Step-down,2,KO100_KI80,KO 100 / KI 80,100.0,80.0,103.0,0.7115175504125913,0.1360285088428574,-0.043958876379389805,-0.1422028032539372,-0.20253559781981956
stepdown,Step-down,2,KO100_KI80,KO 100 / KI 80,100.0,80.0,105.0,0.9296903840523939,0.08894595981391117,-0.02253924252307187,-0.10380555222447674,-0.13415175321800366
stepdown,Step-down,2,KO100_KI80,KO 100 / KI 80,100.0,80.0,107.5,1.095158345954561,0.047274957611533164,-0.024855468768399114,-0.06535413008752222,-0.07382056283307126
stepdown,Step-down,2,KO100_KI80,KO 100 / KI 80,100.0,80.0,110.0,1.1789086249036793,0.022635997481654183,-0.010192632315045554,-0.03574456733106235,-0.0377154576469696
stepdown,Step-down,2,KO100_KI80,KO 100 / KI 80,100.0,80.0,112.5,1.2191408741860865,0.010092627815819691,-0.002582080990474946,-0.018663841995601116,-0.017692482301456813
stepdown,Step-down,2,KO100_KI80,KO 100 / KI 80,100.0,80.0,115.0,1.2365810699191895,0.004199613315672061,0.0006804165087221915,-0.00875450376907616,-0.0076052091136702415
stepdown,Step-down,2,KO100_KI80,KO 100 / KI 80,100.0,80.0,117.5,1.2438424636564755,0.0016058041582646427,0.00012004236365852239,-0.0038750185373710444,-0.003012647434608162
stepdown,Step-down,2,KO100_KI80,KO 100 / KI 80,100.0,80.0,120.0,1.2465538358625583,0.0005665578653674119,2.2414059499172488e-05,-0.0015787931682271772,-0.0011040481367574628
airbag,Airbag,3,KO100_KI80,KO 100 / KI 80,100.0,80.0,60.0,-20.56576731533648,0.5861828735114057,0.036949865162425356,0.35580512053243396,-0.9537640145619974
airbag,Airbag,3,KO100_KI80,KO 100 / KI 80,100.0,80.0,62.5,-18.96719314856635,0.6195993866077231,0.039526846303378986,0.24999606670874286,-1.0344124054991966
airbag,Airbag,3,KO100_KI80,KO 100 / KI 80,100.0,80.0,65.0,-17.47800632464378,0.6459366321884538,0.03244160641541185,0.3562878546491248,-1.1048553080939882
airbag,Airbag,3,KO100_KI80,KO 100 / KI 80,100.0,80.0,67.5,-15.737312573052373,0.8061988695801279,-0.838498681988769,0.2803854728164019,-1.1670294726084052
airbag,Airbag,3,KO100_KI80,KO 100 / KI 80,100.0,80.0,70.0,-14.049529033135524,0.5492286560090598,-0.7640529678575381,0.24869137648279072,-1.2145727665942019
airbag,Airbag,3,KO100_KI80,KO 100 / KI 80,100.0,80.0,72.5,-12.432102339647509,0.5588433379387362,0.7011168021386662,0.3153845818634373,-1.2468113139879833
airbag,Airbag,3,KO100_KI80,KO 100 / KI 80,100.0,80.0,75.0,-10.723502546333957,0.7956276413871208,0.6112351094661663,0.27811958179663065,-1.259099624997262
airbag,Airbag,3,KO100_KI80,KO 100 / KI 80,100.0,80.0,77.5,-8.962698127580703,0.7673404099734128,-0.5669492188726044,0.14318110239750226,-1.2478653735739087
airbag,Airbag,3,KO100_KI80,KO 100 / KI 80,100.0,80.0,80.0,-7.349497327372775,0.6534177071183045,0.09766559577840671,0.0904821155416684,-1.2168532230191431
airbag,Airbag,3,KO100_KI80,KO 100 / KI 80,100.0,80.0,82.5,-5.704991138967032,0.5506005972331675,-0.4262552091120872,0.0349017391241242,-1.1683310788566104
airbag,Airbag,3,KO100_KI80,KO 100 / KI 80,100.0,80.0,85.0,-4.18174606323403,0.5067784065608053,-0.3477368938670178,-0.01849194786504249,-1.0960616281183277
airbag,Airbag,3,KO100_KI80,KO 100 / KI 80,100.0,80.0,87.5,-2.8660119609422474,0.4534428635685356,0.28629981603846866,-0.011483217359389286,-1.004962104193785
airbag,Airbag,3,KO100_KI80,KO 100 / KI 80,100.0,80.0,90.0,-1.8007858402937402,0.5275887472055498,0.3790618228197972,0.06016244000319615,-0.8975757538182805
airbag,Airbag,3,KO100_KI80,KO 100 / KI 80,100.0,80.0,92.5,-0.7976697201082315,0.4238864683542181,0.30302894694621624,0.013263158132275299,-0.7626775689150711
airbag,Airbag,3,KO100_KI80,KO 100 / KI 80,100.0,80.0,95.0,-0.020057947229220857,0.31861894546225544,0.2183587233842677,-0.02238775964401475,-0.6161155931847115
airbag,Airbag,3,KO100_KI80,KO 100 / KI 80,100.0,80.0,97.5,0.5356999556911235,0.22165961868939382,0.13296646542841425,-0.039977155595701586,-0.4681908351601871
airbag,Airbag,3,KO100_KI80,KO 100 / KI 80,100.0,80.0,100.0,0.895569198387081,0.10937854869756847,-0.06566497947501215,-0.041610385601993816,-0.3310740118213862
airbag,Airbag,3,KO100_KI80,KO 100 / KI 80,100.0,80.0,102.5,1.0959513545328439,0.034293104884492026,0.0810974054111167,-0.03448932974758678,-0.21716454275177988
airbag,Airbag,3,KO100_KI80,KO 100 / KI 80,100.0,80.0,103.0,1.123640764395865,0.06936069193627847,0.05328129647544286,-0.03141048950792946,-0.19744425720085168
airbag,Airbag,3,KO100_KI80,KO 100 / KI 80,100.0,80.0,105.0,1.196253993654772,0.009524384899563134,0.06392059099419113,-0.0187524170390565,-0.131289346870056
airbag,Airbag,3,KO100_KI80,KO 100 / KI 80,100.0,80.0,107.5,1.2484714962797006,-0.0016714839778243689,-0.03499089945517884,-0.01923598660866377,-0.0715187652348348
airbag,Airbag,3,KO100_KI80,KO 100 / KI 80,100.0,80.0,110.0,1.256937370419873,0.0008102143800857819,-0.002874742586126658,-0.009763420875173345,-0.036098676383056194
airbag,Airbag,3,KO100_KI80,KO 100 / KI 80,100.0,80.0,112.5,1.2555117865463852,0.001981882486707597,-0.011170237659223122,-0.005508443249002015,-0.01714451009264817
airbag,Airbag,3,KO100_KI80,KO 100 / KI 80,100.0,80.0,115.0,1.2510113255044755,0.0004270595778778423,0.003801526296252598,-0.0006929718734611789,-0.007285459452588405
airbag,Airbag,3,KO100_KI80,KO 100 / KI 80,100.0,80.0,117.5,1.2495285631916415,-0.0011899036721752675,0.0024218310642685455,0.0004094601939523823,-0.0029238642323070607
airbag,Airbag,3,KO100_KI80,KO 100 / KI 80,100.0,80.0,120.0,1.2489031703972606,-0.0005238551987563067,-0.0005116019729523025,1.835945158057406e-05,-0.001071389673668044
european_ki,European KI,3,KO100_KI80,KO 100 / KI 80,100.0,80.0,60.0,-34.98542623726409,1.187736977462907,0.02609128251162613,0.1525112017179424,-2.0417789990034407
european_ki,European KI,3,KO100_KI80,KO 100 / KI 80,100.0,80.0,62.5,-32.008884029813295,1.1923484130735176,0.024691738569454173,0.15790232323154996,-2.114640356639086
european_ki,European KI,3,KO100_KI80,KO 100 / KI 80,100.0,80.0,65.0,-29.032840184989663,1.1882762192458511,0.014244026628479244,0.12306127831244495,-2.1696521067770647
european_ki,European KI,3,KO100_KI80,KO 100 / KI 80,100.0,80.0,67.5,-26.070096435056062,1.1797211153438314,-0.036983399203050986,0.025326318846040863,-2.2040398379395754
european_ki,European KI,3,KO100_KI80,KO 100 / KI 80,100.0,80.0,70.0,-23.150477402402693,1.153460382617451,-0.03653393341229896,0.02568307146005111,-2.2158040023114722
european_ki,European KI,3,KO100_KI80,KO 100 / KI 80,100.0,80.0,72.5,-20.297102527002163,1.12231856643165,0.009664868306497697,-0.026292945337996088,-2.203370048870923
european_ki,European KI,3,KO100_KI80,KO 100 / KI 80,100.0,80.0,75.0,-17.52807475962089,1.090799809053929,0.006967573413577257,-0.08318228759022617,-2.1642379842674586
european_ki,European KI,3,KO100_KI80,KO 100 / KI 80,100.0,80.0,77.5,-14.86757783240741,1.042369284001804,-0.03807035319405788,-0.2094831952970022,-2.09750101621875
european_ki,European KI,3,KO100_KI80,KO 100 / KI 80,100.0,80.0,80.0,-12.34521356677809,0.9774975618051784,-0.049611250374070874,-0.26551372982758714,-2.0045268155797658
european_ki,European KI,3,KO100_KI80,KO 100 / KI 80,100.0,80.0,82.5,-9.987237148427582,0.9037694641133888,-0.04109323326266666,-0.31394185589678614,-1.883172123300625
european_ki,European KI,3,KO100_KI80,KO 100 / KI 80,100.0,80.0,85.0,-7.814335726605479,0.8252269626771176,-0.0165583333673319,-0.35244324825445705,-1.7355920806027214
european_ki,European KI,3,KO100_KI80,KO 100 / KI 80,100.0,80.0,87.5,-5.850865156614777,0.7410781065704849,-0.006057681779162633,-0.3774958422279582,-1.5646601117278003
european_ki,European KI,3,KO100_KI80,KO 100 / KI 80,100.0,80.0,90.0,-4.161064913210344,0.699973974199385,0.2583532113742804,-0.28958700869128506,-1.372849983806912
european_ki,European KI,3,KO100_KI80,KO 100 / KI 80,100.0,80.0,92.5,-2.679798021065163,0.5870691179611685,0.21771886810800023,-0.3128652830117242,-1.1578070315229283
european_ki,European KI,3,KO100_KI80,KO 100 / KI 80,100.0,80.0,95.0,-1.4662282871447578,0.4704623883670306,0.15926793176372664,-0.2930769307525878,-0.9313155199422107
european_ki,European KI,3,KO100_KI80,KO 100 / KI 80,100.0,80.0,97.5,-0.522279667459314,0.3570732172424401,0.08692973682694388,-0.25600905892856207,-0.7066802086359458
european_ki,European KI,3,KO100_KI80,KO 100 / KI 80,100.0,80.0,100.0,0.1679193263954139,0.22762469895252158,-0.09403761439746461,-0.20623087333779783,-0.5001806624383681
european_ki,European KI,3,KO100_KI80,KO 100 / KI 80,100.0,80.0,102.5,0.6272690255523138,0.12895481465430278,0.05348014113297247,-0.1545656205899107,-0.3290045199012215
european_ki,European KI,3,KO100_KI80,KO 100 / KI 80,100.0,80.0,103.0,0.6988597164779715,0.14991336481077416,0.024394925100452564,-0.1424620708763621,-0.2993515247585399
european_ki,European KI,3,KO100_KI80,KO 100 / KI 80,100.0,80.0,105.0,0.9163520509911389,0.07478972828551884,0.05441474457333031,-0.095448082366546,-0.199725316950361
european_ki,European KI,3,KO100_KI80,KO 100 / KI 80,100.0,80.0,107.5,1.0935134690059363,0.038156306233049095,-0.03701128881927879,-0.06682305467824157,-0.10993883282881534
european_ki,European KI,3,KO100_KI80,KO 100 / KI 80,100.0,80.0,110.0,1.1789720989647057,0.023806256979877934,-0.014333713034241273,-0.039861857619630126,-0.05585443046520755
european_ki,European KI,3,KO100_KI80,KO 100 / KI 80,100.0,80.0,112.5,1.2184921650563645,0.013287383284808187,-0.008912036272860921,-0.022286440765285853,-0.026704428652668533
european_ki,European KI,3,KO100_KI80,KO 100 / KI 80,100.0,80.0,115.0,1.2356676087670173,0.005538317009591817,-0.00015059995631304873,-0.009581138024023828,-0.011361192611913928
european_ki,European KI,3,KO100_KI80,KO 100 / KI 80,100.0,80.0,117.5,1.2433576659232697,0.0015205936825700161,0.0013021049627896717,-0.003942206701068152,-0.004590863845721493
european_ki,European KI,3,KO100_KI80,KO 100 / KI 80,100.0,80.0,120.0,1.2465668189787777,0.000462242581500405,-0.0006803877792332318,-0.0017447606371965296,-0.001708287936419417
parachute,Parachute,3,KO100_KI80,KO 100 / KI 80,100.0,80.0,60.0,-33.111683592717,1.2473248174471507,0.01856877146969459,0.08787972625342633,-2.2606583448840922
parachute,Parachute,3,KO100_KI80,KO 100 / KI 80,100.0,80.0,62.5,-30.008125943978534,1.2394782547680563,0.013764142367908789,0.053449712908072655,-2.3296368373330267
parachute,Parachute,3,KO100_KI80,KO 100 / KI 80,100.0,80.0,65.0,-26.922943154514837,1.2216012018649445,0.001713368389685257,-0.017294081451783683,-2.3773125887117885
parachute,Parachute,3,KO100_KI80,KO 100 / KI 80,100.0,80.0,67.5,-23.906621853753624,1.183825159106238,0.04165629859627613,-0.10429965153986487,-2.398599088937914
parachute,Parachute,3,KO100_KI80,KO 100 / KI 80,100.0,80.0,70.0,-20.966411137868214,1.166332249689483,0.04086928056958825,-0.15232160947476814,-2.394331690935303
parachute,Parachute,3,KO100_KI80,KO 100 / KI 80,100.0,80.0,72.5,-18.12603450510948,1.1185962107714873,-0.08037675467330786,-0.2310263695139554,-2.363620148040013
parachute,Parachute,3,KO100_KI80,KO 100 / KI 80,100.0,80.0,75.0,-15.425873380300777,1.0389857783510763,-0.07222833015766304,-0.30034207820933645,-2.3034801774810987
parachute,Parachute,3,KO100_KI80,KO 100 / KI 80,100.0,80.0,77.5,-12.890179743848007,0.9746474299462128,0.032371065486559325,-0.38646414387887695,-2.2141084537862454
parachute,Parachute,3,KO100_KI80,KO 100 / KI 80,100.0,80.0,80.0,-10.52478433733114,0.9306325625399103,0.05445449585413929,-0.4411846917966482,-2.098933225687283
parachute,Parachute,3,KO100_KI80,KO 100 / KI 80,100.0,80.0,82.5,-8.243190696872686,0.8784137803071732,0.017136441961642858,-0.483844555838564,-1.9621145763055736
parachute,Parachute,3,KO100_KI80,KO 100 / KI 80,100.0,80.0,85.0,-6.183525252692764,0.7846664720600661,0.042316505985238284,-0.5115453977263629,-1.7990875477953416
parachute,Parachute,3,KO100_KI80,KO 100 / KI 80,100.0,80.0,87.5,-4.35708516016459,0.6874070980352494,-0.05863699099845875,-0.5311334417840747,-1.6136163985618346
parachute,Parachute,3,KO100_KI80,KO 100 / KI 80,100.0,80.0,90.0,-2.8437671084211282,0.6180598343962446,0.23588420653621683,-0.4565743772094861,-1.4085578958831224
parachute,Parachute,3,KO100_KI80,KO 100 / KI 80,100.0,80.0,92.5,-1.563484870245078,0.49630863711978407,0.19182712926088996,-0.4289424697760058,-1.181677334910658
parachute,Parachute,3,KO100_KI80,KO 100 / KI 80,100.0,80.0,95.0,-0.5655552075894162,0.376712854046584,0.13324758718709587,-0.3831684851516277,-0.9455686152904486
parachute,Parachute,3,KO100_KI80,KO 100 / KI 80,100.0,80.0,97.5,0.1623870650805565,0.26776211155796364,0.06791163240991287,-0.3191912674462153,-0.7138038335308544
parachute,Parachute,3,KO100_KI80,KO 100 / KI 80,100.0,80.0,100.0,0.6529987754236545,0.1538497892927999,-0.08082111000084957,-0.24479267194572907,-0.5026438563189739
parachute,Parachute,3,KO100_KI80,KO 100 / KI 80,100.0,80.0,102.5,0.9464766054481015,0.0727204758804961,0.049000904089606515,-0.17366630988355458,-0.32902971998247654
parachute,Parachute,3,KO100_KI80,KO 100 / KI 80,100.0,80.0,103.0,0.9893129217370605,0.09270758561137435,0.025997279076922796,-0.15879438503633836,-0.2990710442631772
parachute,Parachute,3,KO100_KI80,KO 100 / KI 80,100.0,80.0,105.0,1.1101559505080756,0.03412258877003614,0.0480699830880628,-0.10713506651595406,-0.19879108528688683
parachute,Parachute,3,KO100_KI80,KO 100 / KI 80,100.0,80.0,107.5,1.2004473954260673,0.012529886127717289,-0.03064673317167495,-0.06908168428045247,-0.10886461368879718
parachute,Parachute,3,KO100_KI80,KO 100 / KI 80,100.0,80.0,110.0,1.2333236644878214,0.007984994330945934,-0.006610146710151104,-0.03788231001925513,-0.05504502071116413
parachute,Parachute,3,KO100_KI80,KO 100 / KI 80,100.0,80.0,112.5,1.2444900487516426,0.004987574615989803,-0.008963564632673988,-0.019710935044248812,-0.02620279673448689
parachute,Parachute,3,KO100_KI80,KO 100 / KI 80,100.0,80.0,115.0,1.2466843418185807,0.0017663442046935898,0.0022145914047029497,-0.007656694363960215,-0.011100014025200444
parachute,Parachute,3,KO100_KI80,KO 100 / KI 80,100.0,80.0,117.5,1.2478082329093831,-0.0003509289785298243,0.0018516809543168361,-0.0028124526957933327,-0.004466555562254726
parachute,Parachute,3,KO100_KI80,KO 100 / KI 80,100.0,80.0,120.0,1.2482331022725737,-0.00022272486261409874,-0.0005091837545884776,-0.001228451897571814,-0.0016538043177138917
standard_dki,Standard DKI,3,KO100_KI80,KO 100 / KI 80,100.0,80.0,60.0,-36.69181228714026,1.1126800497103062,0.029348414273518607,0.19939408799164227,-1.9125797339960116
standard_dki,Standard DKI,3,KO100_KI80,KO 100 / KI 80,100.0,80.0,62.5,-33.88770332515193,1.1243690951229723,0.030270802715458556,0.2330628608071521,-1.9847104545064553
standard_dki,Standard DKI,3,KO100_KI80,KO 100 / KI 80,100.0,80.0,65.0,-31.079205045281757,1.1286306327758884,0.021368062020237576,0.2282002792867246,-2.041341857607293
standard_dki,Standard DKI,3,KO100_KI80,KO 100 / KI 80,100.0,80.0,67.5,-28.244334514106917,1.142436666135435,-0.10876987106202834,0.12489167074210883,-2.081392735176024
standard_dki,Standard DKI,3,KO100_KI80,KO 100 / KI 80,100.0,80.0,70.0,-25.433735733097564,1.103396345160463,-0.1061752882656768,0.16073025051964507,-2.1009595690667737
standard_dki,Standard DKI,3,KO100_KI80,KO 100 / KI 80,100.0,80.0,72.5,-22.669455162735687,1.0836022479856593,0.08621560194054843,0.13169012899114918,-2.0981098115761654
standard_dki,Standard DKI,3,KO100_KI80,KO 100 / KI 80,100.0,80.0,75.0,-19.949796827001375,1.0900702723695541,0.0749008138843692,0.08523493971800988,-2.0705873755414217
standard_dki,Standard DKI,3,KO100_KI80,KO 100 / KI 80,100.0,80.0,77.5,-17.298754876873243,1.0523793430528972,-0.09791862629866326,-0.0674276619279297,-2.0167110217823137
standard_dki,Standard DKI,3,KO100_KI80,KO 100 / KI 80,100.0,80.0,80.0,-14.765571370461624,1.012875760305918,0.08801228831680773,-0.12305267994034885,-1.936766459518502
standard_dki,Standard DKI,3,KO100_KI80,KO 100 / KI 80,100.0,80.0,82.5,-12.242155758440251,0.9649616438031539,-0.09063698687398697,-0.17709821135993842,-1.8344483389030941
standard_dki,Standard DKI,3,KO100_KI80,KO 100 / KI 80,100.0,80.0,85.0,-9.875658029244589,0.8979930204971317,-0.06741562835318772,-0.22541450314950495,-1.7038587297282248
standard_dki,Standard DKI,3,KO100_KI80,KO 100 / KI 80,100.0,80.0,87.5,-7.701221272665402,0.8238624986513555,0.03905038736351975,-0.25549383312994856,-1.5473830540237543
standard_dki,Standard DKI,3,KO100_KI80,KO 100 / KI 80,100.0,80.0,90.0,-5.764206102417405,0.7985182850034869,0.24524082322431237,-0.16156246509618644,-1.3670455917732305
standard_dki,Standard DKI,3,KO100_KI80,KO 100 / KI 80,100.0,80.0,92.5,-4.023149872411232,0.6939981306767256,0.21671582016081062,-0.23079750243202035,-1.1605730779691292
standard_dki,Standard DKI,3,KO100_KI80,KO 100 / KI 80,100.0,80.0,95.0,-2.5407640732301204,0.5797046352591143,0.1656455210608615,-0.2314140455994833,-0.9394658482135831
standard_dki,Standard DKI,3,KO100_KI80,KO 100 / KI 80,100.0,80.0,97.5,-1.3337861074719215,0.4605804811807883,0.09148950909323092,-0.2156965044788346,-0.7172152464802739
standard_dki,Standard DKI,3,KO100_KI80,KO 100 / KI 80,100.0,80.0,100.0,-0.4042015451599166,0.3156139645463331,-0.11072647882177922,-0.18525248103060377,-0.5106458718968532
standard_dki,Standard DKI,3,KO100_KI80,KO 100 / KI 80,100.0,80.0,102.5,0.2520912933311731,0.19764609194289603,0.05028678858334986,-0.14842108091160852,-0.33773788292110196
standard_dki,Standard DKI,3,KO100_KI80,KO 100 / KI 80,100.0,80.0,103.0,0.3576949311783497,0.21593016779048904,0.016078506889039477,-0.13812855031209179,-0.3076489658141446
standard_dki,Standard DKI,3,KO100_KI80,KO 100 / KI 80,100.0,80.0,105.0,0.6891661595426266,0.12392758873336594,0.05706852639359269,-0.09248646363158652,-0.20612483897710643
standard_dki,Standard DKI,3,KO100_KI80,KO 100 / KI 80,100.0,80.0,107.5,0.9677671015267902,0.06890551788833969,-0.04257265164820125,-0.06964352846345967,-0.1141198544601596
standard_dki,Standard DKI,3,KO100_KI80,KO 100 / KI 80,100.0,80.0,110.0,1.1151613658898516,0.042419852205273625,-0.02345047846534812,-0.045119220780203806,-0.058285092146470596
standard_dki,Standard DKI,3,KO100_KI80,KO 100 / KI 80,100.0,80.0,112.5,1.1880049781030166,0.02287114453591303,-0.00827434751831269,-0.026647767845966674,-0.02799987341994825
standard_dki,Standard DKI,3,KO100_KI80,KO 100 / KI 80,100.0,80.0,115.0,1.2228264056529248,0.009892135755391992,-0.0030775082408873674,-0.012506181102537095,-0.011965240660960497
standard_dki,Standard DKI,3,KO100_KI80,KO 100 / KI 80,100.0,80.0,117.5,1.2381736161867094,0.003730097103804705,0.0005659861993181042,-0.005576790948330856,-0.004856606309178169
standard_dki,Standard DKI,3,KO100_KI80,KO 100 / KI 80,100.0,80.0,120.0,1.2446174949501356,0.0012701381053366787,-0.0008606010971511246,-0.0024602875452988116,-0.0018172338292599122
stepdown,Step-down,3,KO100_KI80,KO 100 / KI 80,100.0,80.0,60.0,-31.745402899666303,1.3283640044022664,0.018143297650475967,0.2782028480363792,-2.2562506043573904
stepdown,Step-down,3,KO100_KI80,KO 100 / KI 80,100.0,80.0,62.5,-28.42087494883082,1.3167826473271476,0.010056491350478609,0.1905186249822215,-2.308634013553146
stepdown,Step-down,3,KO100_KI80,KO 100 / KI 80,100.0,80.0,65.0,-25.174518077576305,1.291095387898119,-0.00499956567042458,0.13751192692962988,-2.331586607235181
stepdown,Step-down,3,KO100_KI80,KO 100 / KI 80,100.0,80.0,67.5,-21.973652679786685,1.2785091759140716,-0.16946656107146185,0.05717371744926325,-2.328345467750026
stepdown,Step-down,3,KO100_KI80,KO 100 / KI 80,100.0,80.0,70.0,-18.903091780221608,1.1763232929834695,-0.15926618491503708,-0.03836555015603338,-2.2952670971388756
stepdown,Step-down,3,KO100_KI80,KO 100 / KI 80,100.0,80.0,72.5,-15.993677730764228,1.114636075878667,0.09235133494305335,-0.10279507279416045,-2.2329024368866968
stepdown,Step-down,3,KO100_KI80,KO 100 / KI 80,100.0,80.0,75.0,-13.243323966994057,1.081249381076404,0.09507210003509196,-0.18303241589975983,-2.143429606299385
stepdown,Step-down,3,KO100_KI80,KO 100 / KI 80,100.0,80.0,77.5,-10.679153665456147,0.9986980393797475,-0.12938462128012143,-0.2586195562931568,-2.02895142417443
stepdown,Step-down,3,KO100_KI80,KO 100 / KI 80,100.0,80.0,80.0,-8.355519806851074,0.9053588694844239,0.03960200824975057,-0.3218436663599977,-1.8909709154481646
stepdown,Step-down,3,KO100_KI80,KO 100 / KI 80,100.0,80.0,82.5,-6.161578917927971,0.8199690835534785,-0.1385866161720792,-0.37057729351515434,-1.7330559663895961
stepdown,Step-down,3,KO100_KI80,KO 100 / KI 80,100.0,80.0,85.0,-4.233967303338671,0.6978059458196395,-0.016104648161330976,-0.4039814897159735,-1.5564746991592493
stepdown,Step-down,3,KO100_KI80,KO 100 / KI 80,100.0,80.0,87.5,-2.589226849468491,0.5842390602691339,-0.016170986677892945,-0.42041268587185066,-1.3650007731763392
stepdown,Step-down,3,KO100_KI80,KO 100 / KI 80,100.0,80.0,90.0,-1.2443747353041954,0.4642991771017734,-0.033066836202130696,-0.41643242623801835,-1.1625456292741365
stepdown,Step-down,3,KO100_KI80,KO 100 / KI 80,100.0,80.0,92.5,-0.20708383757380466,0.34296467926848445,-0.05240268819992167,-0.3900060731935542,-0.9544662201284859
stepdown,Step-down,3,KO100_KI80,KO 100 / KI 80,100.0,80.0,95.0,0.5295866133184364,0.23120329574509857,-0.06977005063276934,-0.3412516654860964,-0.7484912510569042
stepdown,Step-down,3,KO100_KI80,KO 100 / KI 80,100.0,80.0,97.5,0.9937384929677292,0.1404330422376032,-0.07159888391193889,-0.27628642200803855,-0.5546311483059951
stepdown,Step-down,3,KO100_KI80,KO 100 / KI 80,100.0,80.0,100.0,1.235850829874198,0.06585017974993645,-0.06981295131627441,-0.2058215356553177,-0.3831883261143032
stepdown,Step-down,3,KO100_KI80,KO 100 / KI 80,100.0,80.0,102.5,1.3288980973594922,0.021703817210558862,-0.02179887596448753,-0.13844027648915969,-0.2468293120828413
stepdown,Step-down,3,KO100_KI80,KO 100 / KI 80,100.0,80.0,103.0,1.3370773503187383,0.010963074241978557,-0.0217548091028227,-0.1251375295371524,-0.22362009479814926
stepdown,Step-down,3,KO100_KI80,KO 100 / KI 80,100.0,80.0,105.0,1.3417101323309137,-0.004210999062144912,0.0004976798242645148,-0.08313685631631862,-0.14690880906211845
stepdown,Step-down,3,KO100_KI80,KO 100 / KI 80,100.0,80.0,107.5,1.3221802484574954,-0.012112574672728875,-0.005811419920406246,-0.04421819701986429,-0.07954086645312053
stepdown,Step-down,3,KO100_KI80,KO 100 / KI 80,100.0,80.0,110.0,1.294972905185533,-0.01005018839700288,0.0022570146694718806,-0.02077495670782592,-0.03965913285985945
stepdown,Step-down,3,KO100_KI80,KO 100 / KI 80,100.0,80.0,112.5,1.2738914119560794,-0.0059584831204308525,-0.0035979331759304887,-0.009470477732606675,-0.01864679497434185
stepdown,Step-down,3,KO100_KI80,KO 100 / KI 80,100.0,80.0,115.0,1.2597408147314315,-0.003175313736426881,0.003416577266093343,-0.002771081860056368,-0.00778455408667611
stepdown,Step-down,3,KO100_KI80,KO 100 / KI 80,100.0,80.0,117.5,1.2530759444737098,-0.002289120204561009,0.00155018774539205,-0.00031164956609597283,-0.003098248751132182
stepdown,Step-down,3,KO100_KI80,KO 100 / KI 80,100.0,80.0,120.0,1.2501037544111564,-0.0009291079516532408,-0.0001022385371727028,-6.430288002023943e-05,-0.0011346047497307055
airbag,Airbag,1,KO103_KI70,KO 103 / KI 70,103.0,70.0,60.0,-25.81242002352349,0.1883418234667585,1.6355367894549586,0.07064213222408,-0.12009253318261415
airbag,Airbag,1,KO103_KI70,KO 103 / KI 70,103.0,70.0,62.5,-25.281074494475536,0.35844833682068045,0.78197956902015,0.13503600331483057,-0.15923027920230481
airbag,Airbag,1,KO103_KI70,KO 103 / KI 70,103.0,70.0,65.0,-24.528959781925014,0.41773366212309015,-0.6750149203869312,0.11996586514842278,-0.2087152065854525
airbag,Airbag,1,KO103_KI70,KO 103 / KI 70,103.0,70.0,67.5,-23.75220738328943,0.481569753553075,0.6516005616070578,0.24173705674790824,-0.2670025925777253
airbag,Airbag,1,KO103_KI70,KO 103 / KI 70,103.0,70.0,70.0,-22.7178598640967,0.884731747984492,3.6382273989360083,0.21046115846716873,-0.32925842867506105
airbag,Airbag,1,KO103_KI70,KO 103 / KI 70,103.0,70.0,72.5,-19.27147817400894,1.2912382030217409,-0.44230850041007364,-0.011657267049663744,-0.4643439109592862
airbag,Airbag,1,KO103_KI70,KO 103 / KI 70,103.0,70.0,75.0,-15.831737491950355,1.4403471670954862,-0.39229853132092607,-0.28479669957057574,-0.5651124243904349
airbag,Airbag,1,KO103_KI70,KO 103 / KI 70,103.0,70.0,77.5,-12.511376981994944,1.313369590129547,0.5501738024265248,-0.395688038755841,-0.6303912287933144
airbag,Airbag,1,KO103_KI70,KO 103 / KI 70,103.0,70.0,80.0,-9.29667369344827,1.2616077826793748,-0.2734790903992867,-0.6582046486200586,-0.6552132627353657
airbag,Airbag,1,KO103_KI70,KO 103 / KI 70,103.0,70.0,82.5,-6.411049344076041,1.055504509778752,-0.20803641638632991,-0.7623615566618396,-0.6499591806674587
airbag,Airbag,1,KO103_KI70,KO 103 / KI 70,103.0,70.0,85.0,-3.9101028257538144,0.9293717911824985,0.2565027447619281,-0.8263886693033116,-0.6203378534519022
airbag,Airbag,1,KO103_KI70,KO 103 / KI 70,103.0,70.0,87.5,-1.7519327459469112,0.7899766939956573,-0.16971713646472028,-0.9110287604789249,-0.5652657986455312
airbag,Airbag,1,KO103_KI70,KO 103 / KI 70,103.0,70.0,90.0,-0.046173279977117954,0.5965364596356734,-0.2219079651574037,-0.9409795471943043,-0.4970708928845338
airbag,Airbag,1,KO103_KI70,KO 103 / KI 70,103.0,70.0,92.5,1.214580570675917,0.4087941541900679,-0.1070374260634155,-0.9013363247906823,-0.419339290402565
airbag,Airbag,1,KO103_KI70,KO 103 / KI 70,103.0,70.0,95.0,2.0409612908874095,0.2415670095752201,-0.08457581437238292,-0.8199725042294632,-0.33763406543516616
airbag,Airbag,1,KO103_KI70,KO 103 / KI 70,103.0,70.0,97.5,2.4658882872999257,0.09473887683008879,-0.062473175674292246,-0.7012957285023371,-0.25741731267556744
airbag,Airbag,1,KO103_KI70,KO 103 / KI 70,103.0,70.0,100.0,2.558348761842182,-0.017664831613416254,-0.04104142614721695,-0.5562000248638439,-0.18415450395390387
airbag,Airbag,1,KO103_KI70,KO 103 / KI 70,103.0,70.0,102.5,2.4192600830771545,-0.08561728197554422,-0.026781506717305364,-0.40043832858943773,-0.12247854864497754
airbag,Airbag,1,KO103_KI70,KO 103 / KI 70,103.0,70.0,103.0,2.3731214603756516,-0.09528610731590291,-0.011902162036455005,-0.3719884825304067,-0.11225413599724732
airbag,Airbag,1,KO103_KI70,KO 103 / KI 70,103.0,70.0,105.0,2.1608447063666754,-0.11302151514709813,-0.010978910580150497,-0.26117886113083455,-0.07506564205788102
airbag,Airbag,1,KO103_KI70,KO 103 / KI 70,103.0,70.0,107.5,1.880911636718918,-0.10523531859092064,0.0033702790449052626,-0.15259470441249623,-0.04228722224082215
airbag,Airbag,1,KO103_KI70,KO 103 / KI 70,103.0,70.0,110.0,1.6415496590655723,-0.08303287744557544,0.01706269678054686,-0.0760405729399043,-0.02179578572716334
airbag,Airbag,1,KO103_KI70,KO 103 / KI 70,103.0,70.0,112.5,1.470049732329045,-0.055573587972174626,0.012251593038538684,-0.030816376591543015,-0.01017951434074682
airbag,Airbag,1,KO103_KI70,KO 103 / KI 70,103.0,70.0,115.0,1.3623217433670698,-0.03268927068427282,0.0050067207705325936,-0.009509361762084723,-0.004252349458266913
airbag,Airbag,1,KO103_KI70,KO 103 / KI 70,103.0,70.0,117.5,1.30153449934545,-0.016959363662091064,0.005406234166348755,-0.0013101147144858327,-0.00164116792154001
airbag,Airbag,1,KO103_KI70,KO 103 / KI 70,103.0,70.0,120.0,1.2710513412153777,-0.008292876997500476,0.0030172466372176596,0.0013218906505458872,-0.000559913700159953
european_ki,European KI,1,KO103_KI70,KO 103 / KI 70,103.0,70.0,60.0,-32.99221848946837,1.6355255283038637,0.07019314003113349,0.14276366309265143,-0.9822013078370162
european_ki,European KI,1,KO103_KI70,KO 103 / KI 70,103.0,70.0,62.5,-28.852851925585288,1.6719194207396186,0.022462384287791792,0.04520249710542501,-1.0444026827368447
european_ki,European KI,1,KO103_KI70,KO 103 / KI 70,103.0,70.0,65.0,-24.67181178863313,1.670466205232482,-0.02402039504313345,-0.07754796999673275,-1.0863238454685842
european_ki,European KI,1,KO103_KI70,KO 103 / KI 70,103.0,70.0,67.5,-20.54102561084116,1.6329733037801264,-0.01331167116907465,-0.21323643537572323,-1.105120165320983
european_ki,European KI,1,KO103_KI70,KO 103 / KI 70,103.0,70.0,70.0,-16.542702712021033,1.5609768201377907,-0.03262590130202276,-0.35769435654633597,-1.099447547754906
european_ki,European KI,1,KO103_KI70,KO 103 / KI 70,103.0,70.0,72.5,-12.760002195151712,1.4616010055003366,-0.03807122908941769,-0.49497996433736446,-1.0695899084986138
european_ki,European KI,1,KO103_KI70,KO 103 / KI 70,103.0,70.0,75.0,-9.260641166164715,1.3321873519576712,-0.041524973154284654,-0.6214725980404641,-1.0184340744350706
european_ki,European KI,1,KO103_KI70,KO 103 / KI 70,103.0,70.0,77.5,-6.097021273326894,1.1887448190119694,-0.09641852793113435,-0.7301454919899486,-0.9492374935895498
european_ki,European KI,1,KO103_KI70,KO 103 / KI 70,103.0,70.0,80.0,-3.319463385943524,1.0253993406014217,-0.035714103275574775,-0.8082159887171461,-0.8650008479100357
european_ki,European KI,1,KO103_KI70,KO 103 / KI 70,103.0,70.0,82.5,-0.9468905835059727,0.8730079214647626,-0.025621764402149333,-0.8638913594039554,-0.7707623169528444
european_ki,European KI,1,KO103_KI70,KO 103 / KI 70,103.0,70.0,85.0,1.0226628698157216,0.6928180970167718,-0.2990514122438261,-0.9091382063492712,-0.6700204768817386
european_ki,European KI,1,KO103_KI70,KO 103 / KI 70,103.0,70.0,87.5,2.517703919604405,0.493791432874886,0.04850552120648194,-0.8860060495905262,-0.5676409536763849
european_ki,European KI,1,KO103_KI70,KO 103 / KI 70,103.0,70.0,90.0,3.6045379613549757,0.34852952490379785,0.11937300234339747,-0.860384477162099,-0.46578785917521515
european_ki,European KI,1,KO103_KI70,KO 103 / KI 70,103.0,70.0,92.5,4.260642473162177,0.2012507166382685,0.025937708260828734,-0.7961817815307648,-0.3680082589269773
european_ki,European KI,1,KO103_KI70,KO 103 / KI 70,103.0,70.0,95.0,4.508323679021045,0.04025282732987727,0.020387786654098936,-0.7039129301459739,-0.277307617002176
european_ki,European KI,1,KO103_KI70,KO 103 / KI 70,103.0,70.0,97.5,4.391227877867711,-0.09487775430362816,0.019404374515791616,-0.5848735598844019,-0.196862452876978
european_ki,European KI,1,KO103_KI70,KO 103 / KI 70,103.0,70.0,100.0,3.99214651727608,-0.18882977478580631,0.021956078033426252,-0.4469511696988486,-0.12975460520534554
european_ki,European KI,1,KO103_KI70,KO 103 / KI 70,103.0,70.0,102.5,3.428356454897919,-0.2420123106511085,0.062114040695613326,-0.3074995515456749,-0.07807164914312992
european_ki,European KI,1,KO103_KI70,KO 103 / KI 70,103.0,70.0,103.0,3.3155536736165034,-0.24297688395338235,-0.06552002051031341,-0.2876521480700114,-0.06930971660317198
european_ki,European KI,1,KO103_KI70,KO 103 / KI 70,103.0,70.0,105.0,2.825945174460567,-0.23424278182172362,0.0550411080901724,-0.18288484459787613,-0.04198665462951112
european_ki,European KI,1,KO103_KI70,KO 103 / KI 70,103.0,70.0,107.5,2.289794892584423,-0.19501225539797765,0.031103151388580167,-0.08971555177529167,-0.019760181684702616
european_ki,European KI,1,KO103_KI70,KO 103 / KI 70,103.0,70.0,110.0,1.876380734569309,-0.13961865709572988,0.0127490759303971,-0.03298784359154805,-0.00756239827179872
european_ki,European KI,1,KO103_KI70,KO 103 / KI 70,103.0,70.0,112.5,1.5937301583138082,-0.08791123789557867,0.015097046845904027,-0.002056909152185149,-0.0020736461303183518
european_ki,European KI,1,KO103_KI70,KO 103 / KI 70,103.0,70.0,115.0,1.421833454278222,-0.05111645869440133,0.013395086387298529,0.009112627318577982,-8.485814380065904e-05
european_ki,European KI,1,KO103_KI70,KO 103 / KI 70,103.0,70.0,117.5,1.328624185170539,-0.02622853651848879,0.007512528302927823,0.008840829954398943,0.0003886243892248231
european_ki,European KI,1,KO103_KI70,KO 103 / KI 70,103.0,70.0,120.0,1.2823394363139868,-0.012310063983733133,0.004023108989302064,0.006551031142783659,0.00033664518068743376
parachute,Parachute,1,KO103_KI70,KO 103 / KI 70,103.0,70.0,60.0,-32.892072647957434,1.6007925360187751,0.06086603948816105,0.1177943007182094,-1.0417342050061507
parachute,Parachute,1,KO103_KI70,KO 103 / KI 70,103.0,70.0,62.5,-28.852872673793435,1.626707680691203,0.017019552511665096,0.018425733402974487,-1.101545674784532
parachute,Parachute,1,KO103_KI70,KO 103 / KI 70,103.0,70.0,65.0,-24.79412786303068,1.6178942913930865,-0.023782256496037886,-0.10352937151843022,-1.1409324136803178
parachute,Parachute,1,KO103_KI70,KO 103 / KI 70,103.0,70.0,67.5,-20.799254653310907,1.5764840077447881,-0.016366104997660468,-0.2370979238648161,-1.157484112611229
parachute,Parachute,1,KO103_KI70,KO 103 / KI 70,103.0,70.0,70.0,-16.94264520558399,1.5355787475521763,0.14197845322242097,-0.37825146861124637,-1.150047134192178
parachute,Parachute,1,KO103_KI70,KO 103 / KI 70,103.0,70.0,72.5,-13.14333845765616,1.469729610231155,-0.03500175346931432,-0.5144732996395565,-1.1214677027384212
parachute,Parachute,1,KO103_KI70,KO 103 / KI 70,103.0,70.0,75.0,-9.622484362616616,1.3412086159997305,-0.03856170495672965,-0.6402615635941817,-1.0701203815866478
parachute,Parachute,1,KO103_KI70,KO 103 / KI 70,103.0,70.0,77.5,-6.43303633596574,1.1996272909660952,-0.10083324772055828,-0.7492649166067746,-0.9994588698397422
parachute,Parachute,1,KO103_KI70,KO 103 / KI 70,103.0,70.0,80.0,-3.62735598867794,1.0367983850486384,-0.033096492501660794,-0.8265614392373308,-0.9127962631486852
parachute,Parachute,1,KO103_KI70,KO 103 / KI 70,103.0,70.0,82.5,-1.2243385166682883,0.8858864467796029,-0.023310222405387233,-0.8824013812080211,-0.8153358158145885
parachute,Parachute,1,KO103_KI70,KO 103 / KI 70,103.0,70.0,85.0,0.7741813752582403,0.7070236822278491,-0.2647354697646943,-0.9248400324120005,-0.710866946930977
parachute,Parachute,1,KO103_KI70,KO 103 / KI 70,103.0,70.0,87.5,2.304473635787872,0.5105366323765347,0.029044688811569935,-0.9048429584891649,-0.6042106350305776
parachute,Parachute,1,KO103_KI70,KO 103 / KI 70,103.0,70.0,90.0,3.4222094149125204,0.3608234224849374,0.08504118643277658,-0.8761587738750083,-0.4979509692437212
parachute,Parachute,1,KO103_KI70,KO 103 / KI 70,103.0,70.0,92.5,4.108226828473409,0.20966070873813128,0.011389032609967414,-0.8107236033962169,-0.39562745317320847
parachute,Parachute,1,KO103_KI70,KO 103 / KI 70,103.0,70.0,95.0,4.3845210351078565,0.04860277494770932,0.008392916277796113,-0.7169208834010687,-0.3003320757922978
parachute,Parachute,1,KO103_KI70,KO 103 / KI 70,103.0,70.0,97.5,4.294326744104059,-0.08676882027106358,0.009907032667818396,-0.5961452940931946,-0.2153434807752319
parachute,Parachute,1,KO103_KI70,KO 103 / KI 70,103.0,70.0,100.0,3.9197733507603503,-0.1812793850114165,0.014763975232273907,-0.45639929193205697,-0.14389959747642678
parachute,Parachute,1,KO103_KI70,KO 103 / KI 70,103.0,70.0,102.5,3.3772889268912287,-0.23404099427001882,0.051622114989361194,-0.3158278117985205,-0.08829297118233548
parachute,Parachute,1,KO103_KI70,KO 103 / KI 70,103.0,70.0,103.0,3.267100923977306,-0.23554268064718123,-0.057234057261424484,-0.29371021155183863,-0.07889926801607494
parachute,Parachute,1,KO103_KI70,KO 103 / KI 70,103.0,70.0,105.0,2.7922127279341438,-0.2280313428825994,0.04777547563540407,-0.18926554614321445,-0.04889662054168298
parachute,Parachute,1,KO103_KI70,KO 103 / KI 70,103.0,70.0,107.5,2.2690207377362763,-0.1901109402733541,0.028386061222243283,-0.09402820102809661,-0.024111002067694898
parachute,Parachute,1,KO103_KI70,KO 103 / KI 70,103.0,70.0,110.0,1.8642338201749267,-0.1367458406713876,0.014285673186133665,-0.03562909522861646,-0.01012159102153909
parachute,Parachute,1,KO103_KI70,KO 103 / KI 70,103.0,70.0,112.5,1.5873237348866513,-0.08634778968427151,0.015336983183130773,-0.0038977039782330802,-0.003451942655940954
parachute,Parachute,1,KO103_KI70,KO 103 / KI 70,103.0,70.0,115.0,1.4187992095121993,-0.05016217443630836,0.012647584631362426,0.007917167199740671,-0.0007614124536647893
parachute,Parachute,1,KO103_KI70,KO 103 / KI 70,103.0,70.0,117.5,1.3272181646249201,-0.025731408680726417,0.007459708300733011,0.00826183753537757,7.384072853167112e-05
parachute,Parachute,1,KO103_KI70,KO 103 / KI 70,103.0,70.0,120.0,1.2817531306522045,-0.012111792792946682,0.004005073856458739,0.00624235472820267,0.00020287730977397445
standard_dki,Standard DKI,1,KO103_KI70,KO 103 / KI 70,103.0,70.0,60.0,-39.73045122657386,0.9767549075423076,0.020924558731473378,0.012702372608480061,-0.6331642390442482
standard_dki,Standard DKI,1,KO103_KI70,KO 103 / KI 70,103.0,70.0,62.5,-37.28381200289492,0.9823383374324294,0.013411022973887157,0.016019666856713854,-0.6606943602982085
standard_dki,Standard DKI,1,KO103_KI70,KO 103 / KI 70,103.0,70.0,65.0,-34.825989825495476,0.9874183047601657,-0.01655491737020766,0.01749464905104503,-0.6880693131272153
standard_dki,Standard DKI,1,KO103_KI70,KO 103 / KI 70,103.0,70.0,67.5,-32.361955200282225,0.9922123168619931,0.025004758547807128,0.021532901543395155,-0.7142431480190226
standard_dki,Standard DKI,1,KO103_KI70,KO 103 / KI 70,103.0,70.0,70.0,-29.88737434696525,1.4267922583838197,2.551983309425083,0.020866143015208394,-0.7387979963574764
standard_dki,Standard DKI,1,KO103_KI70,KO 103 / KI 70,103.0,70.0,72.5,-25.239698223828142,1.842741575302589,-0.026321320935189473,-0.2278970281385071,-0.8343297819155993
standard_dki,Standard DKI,1,KO103_KI70,KO 103 / KI 70,103.0,70.0,75.0,-20.707643258650368,1.7713133176313438,-0.034122014574020594,-0.4630086093926842,-0.8926012354656621
standard_dki,Standard DKI,1,KO103_KI70,KO 103 / KI 70,103.0,70.0,77.5,-16.4121620102907,1.6530313916047341,-0.0933913600717463,-0.6792388004263543,-0.9137634596893207
standard_dki,Standard DKI,1,KO103_KI70,KO 103 / KI 70,103.0,70.0,80.0,-12.46536343195317,1.4930949292238016,-0.03447707688447598,-0.8491601707002303,-0.9005488821353325
standard_dki,Standard DKI,1,KO103_KI70,KO 103 / KI 70,103.0,70.0,82.5,-8.9340718897908,1.3303228577886317,-0.02779056131369512,-0.984620707580488,-0.8580809861364003
standard_dki,Standard DKI,1,KO103_KI70,KO 103 / KI 70,103.0,70.0,85.0,-5.864686261879682,1.1315382389335311,-0.1314822405355015,-1.0758588454952882,-0.7922836006766687
standard_dki,Standard DKI,1,KO103_KI70,KO 103 / KI 70,103.0,70.0,87.5,-3.305396749517154,0.9158554574194154,-0.05173908233704962,-1.1096813008011939,-0.7090844326663959
standard_dki,Standard DKI,1,KO103_KI70,KO 103 / KI 70,103.0,70.0,90.0,-1.2509548329409954,0.7201274847959548,-0.0402369428058772,-1.0943710136980238,-0.6145378856073691
standard_dki,Standard DKI,1,KO103_KI70,KO 103 / KI 70,103.0,70.0,92.5,0.29135239649332745,0.5264462384643537,-0.04492697023958957,-1.0335004992383485,-0.5138387191806038
standard_dki,Standard DKI,1,KO103_KI70,KO 103 / KI 70,103.0,70.0,95.0,1.3458582067158265,0.3358290651111279,-0.03968483764380421,-0.9308371442381256,-0.41213810149474117
standard_dki,Standard DKI,1,KO103_KI70,KO 103 / KI 70,103.0,70.0,97.5,1.955633832451957,0.169930202137822,-0.03155947945749051,-0.7915307272881402,-0.31455626344225607
standard_dki,Standard DKI,1,KO103_KI70,KO 103 / KI 70,103.0,70.0,100.0,2.196771107385735,0.04143494184210361,-0.02120121834085964,-0.6272004376137299,-0.2263685945368188
standard_dki,Standard DKI,1,KO103_KI70,KO 103 / KI 70,103.0,70.0,102.5,2.1746277186124443,-0.04532179596599757,0.0033852673462619392,-0.45943872513277584,-0.15219935667265538
standard_dki,Standard DKI,1,KO103_KI70,KO 103 / KI 70,103.0,70.0,103.0,2.152646095793263,-0.056741950103894975,-0.04891558481175139,-0.42666357989846815,-0.13933571978204107
standard_dki,Standard DKI,1,KO103_KI70,KO 103 / KI 70,103.0,70.0,105.0,2.004508320419551,-0.0836601851198474,0.005198080164610711,-0.30363750223882224,-0.09479711513002975
standard_dki,Standard DKI,1,KO103_KI70,KO 103 / KI 70,103.0,70.0,107.5,1.7870293089451368,-0.08666979926145009,0.007132800290618153,-0.17940505040205168,-0.05456856959553669
standard_dki,Standard DKI,1,KO103_KI70,KO 103 / KI 70,103.0,70.0,110.0,1.5901328271262167,-0.06992772915346299,0.00778069334586917,-0.09443081152066912,-0.028777701394844257
standard_dki,Standard DKI,1,KO103_KI70,KO 103 / KI 70,103.0,70.0,112.5,1.443350350632181,-0.047649995538115185,0.00867820522918349,-0.042692085700303695,-0.0139250708049099
standard_dki,Standard DKI,1,KO103_KI70,KO 103 / KI 70,103.0,70.0,115.0,1.3492409878148055,-0.028703468323230116,0.005454033816565751,-0.01598308583072061,-0.00614108327376961
standard_dki,Standard DKI,1,KO103_KI70,KO 103 / KI 70,103.0,70.0,117.5,1.2958013211862391,-0.01509662083111845,0.0045479081690771766,-0.004619481439999351,-0.0024958818095610624
standard_dki,Standard DKI,1,KO103_KI70,KO 103 / KI 70,103.0,70.0,120.0,1.268678974834455,-0.0073706010420656245,0.0025611401973891904,-0.00037356419764633664,-0.0009237697038866344
stepdown,Step-down,1,KO103_KI70,KO 103 / KI 70,103.0,70.0,60.0,-39.6208215640254,0.9959681880156642,0.026868193676518912,0.035183466767030325,-0.6442292911714276
stepdown,Step-down,1,KO103_KI70,KO 103 / KI 70,103.0,70.0,62.5,-37.118045766113596,1.0080968070573362,0.01623982400924433,0.0431952906818438,-0.6758389629084149
stepdown,Step-down,1,KO103_KI70,KO 103 / KI 70,103.0,70.0,65.0,-34.587537908813765,1.019699437465424,-0.01310682412531067,0.04842611672448527,-0.7076650136468743
stepdown,Step-down,1,KO103_KI70,KO 103 / KI 70,103.0,70.0,67.5,-32.03363822841847,1.0304560108759295,0.022318445595269413,0.05400056295387756,-0.7382090701256061
stepdown,Step-down,1,KO103_KI70,KO 103 / KI 70,103.0,70.0,70.0,-29.454024885449783,1.4205801367821278,2.247924451094399,0.050948155367752435,-0.7665971261541671
stepdown,Step-down,1,KO103_KI70,KO 103 / KI 70,103.0,70.0,72.5,-24.944660538275976,1.789091541932037,-0.028085043737253262,-0.19267971187501942,-0.850640236489042
stepdown,Step-down,1,KO103_KI70,KO 103 / KI 70,103.0,70.0,75.0,-20.540399358897698,1.7238733167524032,-0.04164506954852085,-0.42741351459270405,-0.8996130889290299
stepdown,Step-down,1,KO103_KI70,KO 103 / KI 70,103.0,70.0,77.5,-16.365538332245485,1.6078595158908966,-0.056621205853143654,-0.6382380458675776,-0.9132230057467439
stepdown,Step-down,1,KO103_KI70,KO 103 / KI 70,103.0,70.0,80.0,-12.524050786089507,1.4566629875037918,-0.056050428813525496,-0.80925231380931,-0.8945589847972002
stepdown,Step-down,1,KO103_KI70,KO 103 / KI 70,103.0,70.0,82.5,-9.08992808209385,1.2896976695250848,-0.0458532230812286,-0.9400259050324387,-0.847964238680099
stepdown,Step-down,1,KO103_KI70,KO 103 / KI 70,103.0,70.0,85.0,-6.108227447315645,1.09478329364336,-0.07909422354719987,-1.0225916344664796,-0.7792072666398475
stepdown,Step-down,1,KO103_KI70,KO 103 / KI 70,103.0,70.0,87.5,-3.6131326698011565,0.9027067719801855,-0.08382951580896199,-1.0520377690892029,-0.6946146726906743
stepdown,Step-down,1,KO103_KI70,KO 103 / KI 70,103.0,70.0,90.0,-1.6115103499181294,0.7014305810056057,-0.06725411931744371,-1.0319786957530093,-0.5998603289813831
stepdown,Step-down,1,KO103_KI70,KO 103 / KI 70,103.0,70.0,92.5,-0.09164019707024107,0.5109056224556281,-0.06092240945329566,-0.972596511388721,-0.5001112298222643
stepdown,Step-down,1,KO103_KI70,KO 103 / KI 70,103.0,70.0,95.0,0.9659955522645038,0.3355152454450533,-0.056989999186791776,-0.8722587624220178,-0.40022490035054314
stepdown,Step-down,1,KO103_KI70,KO 103 / KI 70,103.0,70.0,97.5,1.6043737904398654,0.18338203355332242,-0.021590853065755342,-0.736410963230752,-0.30504947671925464
stepdown,Step-down,1,KO103_KI70,KO 103 / KI 70,103.0,70.0,100.0,1.895951581107037,0.061778366260204054,0.006532432902049301,-0.5803549613325103,-0.21950525130212117
stepdown,Step-down,1,KO103_KI70,KO 103 / KI 70,103.0,70.0,102.5,1.9375503839286579,-0.023441759681063944,0.016816381721050478,-0.42121719538162616,-0.14785612039316387
stepdown,Step-down,1,KO103_KI70,KO 103 / KI 70,103.0,70.0,103.0,1.928202905779643,-0.029451584284332,-0.04262335002091754,-0.39179430949024585,-0.13557557020817956
stepdown,Step-down,1,KO103_KI70,KO 103 / KI 70,103.0,70.0,105.0,1.8342640015981682,-0.057908733575791176,-0.00017405857239236454,-0.2793912702046093,-0.09252783752669025
stepdown,Step-down,1,KO103_KI70,KO 103 / KI 70,103.0,70.0,107.5,1.675217295944437,-0.06569293154759889,0.004249439093433113,-0.1658807328993086,-0.053557991813968364
stepdown,Step-down,1,KO103_KI70,KO 103 / KI 70,103.0,70.0,110.0,1.5230809180032396,-0.05491137496969117,0.005440698549090095,-0.08815407107040985,-0.02846766818589419
stepdown,Step-down,1,KO103_KI70,KO 103 / KI 70,103.0,70.0,112.5,1.4065794510260148,-0.03816241144088986,0.0067085739523607985,-0.04073951777518947,-0.013912032883878211
stepdown,Step-down,1,KO103_KI70,KO 103 / KI 70,103.0,70.0,115.0,1.3307411970132421,-0.023264143863672992,0.00437166775948078,-0.01590466675231461,-0.0062111100109785156
stepdown,Step-down,1,KO103_KI70,KO 103 / KI 70,103.0,70.0,117.5,1.2872628763682723,-0.012336102617368623,0.0036738135810589463,-0.005028385008977843,-0.002564808808469543
stepdown,Step-down,1,KO103_KI70,KO 103 / KI 70,103.0,70.0,120.0,1.2650445325715756,-0.006053810381041839,0.002086728172038625,-0.0008235475012454696,-0.0009681656359061819
airbag,Airbag,2,KO103_KI70,KO 103 / KI 70,103.0,70.0,60.0,-23.604766247447593,0.5213414606685756,0.7940724017046819,0.18030966033919782,-0.47719114672553076
airbag,Airbag,2,KO103_KI70,KO 103 / KI 70,103.0,70.0,62.5,-22.53406974073984,0.5567393615828451,0.7254051469191473,0.22750071411016748,-0.541659989803378
airbag,Airbag,2,KO103_KI70,KO 103 / KI 70,103.0,70.0,65.0,-21.353362978791733,0.3949453106105894,0.6354963829551588,0.26419260946875767,-0.6101821286389253
airbag,Airbag,2,KO103_KI70,KO 103 / KI 70,103.0,70.0,67.5,-20.002931895343817,0.4489472144444385,-0.5223799306850259,0.2328396582511978,-0.6774169660396012
airbag,Airbag,2,KO103_KI70,KO 103 / KI 70,103.0,70.0,70.0,-18.614344576830632,0.694363017049093,0.7181700426223627,0.3571556865302554,-0.7433048250788943
airbag,Airbag,2,KO103_KI70,KO 103 / KI 70,103.0,70.0,72.5,-16.592124009721097,0.9162877298397254,0.3951434059563239,0.20595953177040371,-0.8318120261805007
airbag,Airbag,2,KO103_KI70,KO 103 / KI 70,103.0,70.0,75.0,-14.464500544171038,0.7867487074771162,0.36116628532451817,0.09683628070351347,-0.8991607811879021
airbag,Airbag,2,KO103_KI70,KO 103 / KI 70,103.0,70.0,77.5,-12.283954188450078,0.9094356955308222,-0.3319255286563552,0.028250797064528044,-0.9424056222997024
airbag,Airbag,2,KO103_KI70,KO 103 / KI 70,103.0,70.0,80.0,-10.242824928756395,0.7633083720005729,0.2725792757659162,-0.1215963227014285,-0.9668718036127899
airbag,Airbag,2,KO103_KI70,KO 103 / KI 70,103.0,70.0,82.5,-8.196323832111158,0.8298819452704429,-0.2831869962232753,-0.26170944092948645,-0.962898567969539
airbag,Airbag,2,KO103_KI70,KO 103 / KI 70,103.0,70.0,85.0,-6.453956002369228,0.6158223879726233,0.9397084390928535,-0.08874000362457224,-0.9440492190169181
airbag,Airbag,2,KO103_KI70,KO 103 / KI 70,103.0,70.0,87.5,-4.690924626792073,0.6123678665479672,-0.21613502559789224,-0.25053614914969735,-0.8933002235190557
airbag,Airbag,2,KO103_KI70,KO 103 / KI 70,103.0,70.0,90.0,-3.191626520849864,0.5360446482385756,0.09622522507865035,-0.27663806168988936,-0.8248721034895823
airbag,Airbag,2,KO103_KI70,KO 103 / KI 70,103.0,70.0,92.5,-1.8571392135932114,0.5038665821278957,-0.13677089528326994,-0.30729181218609214,-0.7339494731305463
airbag,Airbag,2,KO103_KI70,KO 103 / KI 70,103.0,70.0,95.0,-0.7921172600342459,0.35435213415872047,-0.13918772600895796,-0.3208715080695992,-0.6290685491301407
airbag,Airbag,2,KO103_KI70,KO 103 / KI 70,103.0,70.0,97.5,0.0019998662917508903,0.26011643632527326,0.0401669042744727,-0.30228386410866326,-0.5136734940566989
airbag,Airbag,2,KO103_KI70,KO 103 / KI 70,103.0,70.0,100.0,0.5770938381312556,0.19427380401905364,-0.010565237428316498,-0.26477213968600055,-0.3958912949514226
airbag,Airbag,2,KO103_KI70,KO 103 / KI 70,103.0,70.0,102.5,0.9444670906771513,0.1151726556786148,-0.03026427573639406,-0.2088851157044549,-0.2860931630942476
airbag,Airbag,2,KO103_KI70,KO 103 / KI 70,103.0,70.0,103.0,0.99847891722958,0.09549903299075174,-0.048669975314924105,-0.19710556549412928,-0.2654278129997967
airbag,Airbag,2,KO103_KI70,KO 103 / KI 70,103.0,70.0,105.0,1.143740497027947,0.05827321264957034,-0.0386281385942178,-0.15091266963287686,-0.1918166804048438
airbag,Airbag,2,KO103_KI70,KO 103 / KI 70,103.0,70.0,107.5,1.2342509735020175,0.020920556026373043,-0.017016443874755337,-0.09754602000353141,-0.11901868760195722
airbag,Airbag,2,KO103_KI70,KO 103 / KI 70,103.0,70.0,110.0,1.2642142567036698,0.005157142905926766,-0.001761039495392938,-0.05763682857721264,-0.06829513406254595
airbag,Airbag,2,KO103_KI70,KO 103 / KI 70,103.0,70.0,112.5,1.2678611524692507,-0.0008757565777466583,-0.0014652101457821476,-0.031186895123732405,-0.0361296034617542
airbag,Airbag,2,KO103_KI70,KO 103 / KI 70,103.0,70.0,115.0,1.2624070454853409,-0.0021819564665576828,-0.0014871578489991258,-0.015202341388807827,-0.017596583858714432
airbag,Airbag,2,KO103_KI70,KO 103 / KI 70,103.0,70.0,117.5,1.2563023934612545,-0.0017731364888791548,-0.0007927922533454835,-0.006659802008349702,-0.00790630922919977
airbag,Airbag,2,KO103_KI70,KO 103 / KI 70,103.0,70.0,120.0,1.2520920233397301,-0.0010655570903291465,-0.00033070776816776813,-0.002614155006465113,-0.0032888479667869674
european_ki,European KI,2,KO103_KI70,KO 103 / KI 70,103.0,70.0,60.0,-32.41158378246403,1.3590618717930645,-0.04994125636967637,-0.009801530031914751,-1.6411965720962485
european_ki,European KI,2,KO103_KI70,KO 103 / KI 70,103.0,70.0,62.5,-28.999209720700378,1.348214240198257,-0.058126928096862686,-0.09325772297001933,-1.6969422062960149
european_ki,European KI,2,KO103_KI70,KO 103 / KI 70,103.0,70.0,65.0,-25.630108385155857,1.3442583616154844,-0.07411843041457886,-0.1853784327844039,-1.7337859506433517
european_ki,European KI,2,KO103_KI70,KO 103 / KI 70,103.0,70.0,67.5,-22.346847418563744,1.306222763573188,0.042122203395144914,-0.273662640157454,-1.7506527628381008
european_ki,European KI,2,KO103_KI70,KO 103 / KI 70,103.0,70.0,70.0,-19.168252896533957,1.244727415548767,-0.028238202918112625,-0.36674500496582496,-1.747254966332079
european_ki,European KI,2,KO103_KI70,KO 103 / KI 70,103.0,70.0,72.5,-16.12618785350879,1.172509771185076,-0.07066199203719611,-0.46821054001837226,-1.7223300796811003
european_ki,European KI,2,KO103_KI70,KO 103 / KI 70,103.0,70.0,75.0,-13.26191857415253,1.116373910625119,-0.07178820489219914,-0.5531881102784766,-1.6776889929962735
european_ki,European KI,2,KO103_KI70,KO 103 / KI 70,103.0,70.0,77.5,-10.59918345002767,1.0179427751571637,-0.010270760228250176,-0.6200126654594396,-1.6148601494398562
european_ki,European KI,2,KO103_KI70,KO 103 / KI 70,103.0,70.0,80.0,-8.145655236539792,0.9374143491431552,-0.08566246660791642,-0.6891311934830124,-1.5317176435461377
european_ki,European KI,2,KO103_KI70,KO 103 / KI 70,103.0,70.0,82.5,-5.9395683414423,0.8308678175648143,-0.0504015375675022,-0.7314325704787059,-1.4347701493444553
european_ki,European KI,2,KO103_KI70,KO 103 / KI 70,103.0,70.0,85.0,-4.021906025336703,0.7590007354876365,0.4770578041821165,-0.7583756556915837,-1.3207246116733629
european_ki,European KI,2,KO103_KI70,KO 103 / KI 70,103.0,70.0,87.5,-2.283827073387493,0.5532490787615499,-0.33432949792353034,-0.7649925049106328,-1.1933764572156225
european_ki,European KI,2,KO103_KI70,KO 103 / KI 70,103.0,70.0,90.0,-0.9399694351419383,0.4438337862414273,0.16920685087577633,-0.7019064308083456,-1.0558477351552353
european_ki,European KI,2,KO103_KI70,KO 103 / KI 70,103.0,70.0,92.5,0.19969267669041713,0.4261149454233771,-0.22687585709053568,-0.7511777396708564,-0.907927693385896
european_ki,European KI,2,KO103_KI70,KO 103 / KI 70,103.0,70.0,95.0,0.9925940279840392,0.21754645590926977,-0.2261058971905821,-0.6830869294490902,-0.7545051820530557
european_ki,European KI,2,KO103_KI70,KO 103 / KI 70,103.0,70.0,97.5,1.4584428967314507,0.11480159917244834,0.10838583704259129,-0.5203069287044979,-0.5995251429286474
european_ki,European KI,2,KO103_KI70,KO 103 / KI 70,103.0,70.0,100.0,1.7102708167910283,0.0790809908328729,0.04334288539960163,-0.4197580792045166,-0.45141555673136047
european_ki,European KI,2,KO103_KI70,KO 103 / KI 70,103.0,70.0,102.5,1.7804834432869623,0.008131106262206787,-0.07037349181741544,-0.34399587975981016,-0.31973532554696593
european_ki,European KI,2,KO103_KI70,KO 103 / KI 70,103.0,70.0,103.0,1.7757493219516773,-0.018329552382516635,-0.03441016469152621,-0.3198030759359922,-0.29537910145682744
european_ki,European KI,2,KO103_KI70,KO 103 / KI 70,103.0,70.0,105.0,1.709941392696306,-0.031139364117626977,-0.05279794152578386,-0.23092569193157453,-0.21034378816686683
european_ki,European KI,2,KO103_KI70,KO 103 / KI 70,103.0,70.0,107.5,1.589260454894481,-0.05454572592812568,-0.01596667711278804,-0.1391124726086912,-0.128264324571159
european_ki,European KI,2,KO103_KI70,KO 103 / KI 70,103.0,70.0,110.0,1.4701261053708483,-0.044841937454411986,-0.0036209001712175937,-0.07516535624763021,-0.07241989126001158
european_ki,European KI,2,KO103_KI70,KO 103 / KI 70,103.0,70.0,112.5,1.3768016831364,-0.03104889420784001,0.003494209791685035,-0.03501666908127632,-0.03772670418775714
european_ki,European KI,2,KO103_KI70,KO 103 / KI 70,103.0,70.0,115.0,1.316099917351604,-0.018677551603479302,0.002661465214018033,-0.014431741180809476,-0.018097085565838
european_ki,European KI,2,KO103_KI70,KO 103 / KI 70,103.0,70.0,117.5,1.2807252142727168,-0.00999634825251322,0.0019131216713886717,-0.004839381751670091,-0.008009907161388163
european_ki,European KI,2,KO103_KI70,KO 103 / KI 70,103.0,70.0,120.0,1.2623798662542547,-0.00481775343754524,0.0010781960863101877,-0.0011207775214099325,-0.003282590989228673
parachute,Parachute,2,KO103_KI70,KO 103 / KI 70,103.0,70.0,60.0,-29.657270017720766,1.500238296279317,0.008441358322267927,-0.058672720826880465,-1.8917735764077293
parachute,Parachute,2,KO103_KI70,KO 103 / KI 70,103.0,70.0,62.5,-25.9292482377973,1.4800354615923879,0.009142413847803255,-0.18111870299394184,-1.9484519996158411
parachute,Parachute,2,KO103_KI70,KO 103 / KI 70,103.0,70.0,65.0,-22.28073001299594,1.4333652715816705,0.0015857179535745693,-0.3130949461293042,-1.9793948191050958
parachute,Parachute,2,KO103_KI70,KO 103 / KI 70,103.0,70.0,67.5,-18.754468768344744,1.371260615660277,-0.06329894717718235,-0.4525634250146382,-1.9848716757948637
parachute,Parachute,2,KO103_KI70,KO 103 / KI 70,103.0,70.0,70.0,-15.399117091751034,1.323225411660882,0.06945293570616537,-0.598942784630708,-1.9633457952171085
parachute,Parachute,2,KO103_KI70,KO 103 / KI 70,103.0,70.0,72.5,-12.159954574182308,1.2661814109763871,0.05206667855489721,-0.7076081329548725,-1.9198627715715233
parachute,Parachute,2,KO103_KI70,KO 103 / KI 70,103.0,70.0,75.0,-9.156069332931501,1.1324199825215449,0.05068748555418602,-0.8219043403304642,-1.852705639468688
parachute,Parachute,2,KO103_KI70,KO 103 / KI 70,103.0,70.0,77.5,-6.4091697529544716,1.0551672799096334,-0.16913745181885553,-0.9518342898788896,-1.7647344861652314
parachute,Parachute,2,KO103_KI70,KO 103 / KI 70,103.0,70.0,80.0,-3.99403168411708,0.8852132663069423,0.03723820622937856,-0.9926367787321153,-1.652121416617991
parachute,Parachute,2,KO103_KI70,KO 103 / KI 70,103.0,70.0,82.5,-1.8590843429782171,0.8082496878835658,-0.22334661073181175,-1.064263499876168,-1.5269770928579618
parachute,Parachute,2,KO103_KI70,KO 103 / KI 70,103.0,70.0,85.0,-0.1381422006951981,0.6772054585514389,0.7330227846487827,-1.072123419372122,-1.3842577531840567
parachute,Parachute,2,KO103_KI70,KO 103 / KI 70,103.0,70.0,87.5,1.3771202884427514,0.4125581224064234,-0.4727954877217733,-1.0898205349865107,-1.2306356293423582
parachute,Parachute,2,KO103_KI70,KO 103 / KI 70,103.0,70.0,90.0,2.381292219449758,0.27861550294265897,0.2655749805878286,-0.9811716390104483,-1.0703953391758336
parachute,Parachute,2,KO103_KI70,KO 103 / KI 70,103.0,70.0,92.5,3.1639962956622956,0.2874225833057322,-0.33194402660168537,-1.0157070446049437,-0.9037605418682038
parachute,Parachute,2,KO103_KI70,KO 103 / KI 70,103.0,70.0,95.0,3.5266060691677157,0.01576024843126829,-0.324323632392538,-0.9068207500183196,-0.7368559924676887
parachute,Parachute,2,KO103_KI70,KO 103 / KI 70,103.0,70.0,97.5,3.5097109003188645,-0.09235218589134174,0.18862522503930426,-0.6839304932219767,-0.5743629818605989
parachute,Parachute,2,KO103_KI70,KO 103 / KI 70,103.0,70.0,100.0,3.295410169575555,-0.08867840135237648,0.10841970567782333,-0.5353375637906623,-0.4236121770264667
parachute,Parachute,2,KO103_KI70,KO 103 / KI 70,103.0,70.0,102.5,2.9422247893988183,-0.1448694386393391,-0.11639191347378873,-0.4209222716160048,-0.293381872907128
parachute,Parachute,2,KO103_KI70,KO 103 / KI 70,103.0,70.0,103.0,2.8549659280557838,-0.1779345805869886,-0.01321979581967894,-0.38796226704200043,-0.26972216991159037
parachute,Parachute,2,KO103_KI70,KO 103 / KI 70,103.0,70.0,105.0,2.494204276330929,-0.15752565696037726,-0.06538847012840857,-0.26874813739750625,-0.1886114880514711
parachute,Parachute,2,KO103_KI70,KO 103 / KI 70,103.0,70.0,107.5,2.0799068502164157,-0.1583443928885993,-0.010978526592493121,-0.15136989250754285,-0.1122807716291696
parachute,Parachute,2,KO103_KI70,KO 103 / KI 70,103.0,70.0,110.0,1.754272136046597,-0.11350233354400965,-0.004377865406726848,-0.07300585007788318,-0.06183187271855406
parachute,Parachute,2,KO103_KI70,KO 103 / KI 70,103.0,70.0,112.5,1.527289774848314,-0.07245004462034564,0.009154963603941442,-0.026266989294524645,-0.0314343176427645
parachute,Parachute,2,KO103_KI70,KO 103 / KI 70,103.0,70.0,115.0,1.3902087470660391,-0.04130056386477309,0.007818963872531646,-0.00623286008796331,-0.014661844796726164
parachute,Parachute,2,KO103_KI70,KO 103 / KI 70,103.0,70.0,117.5,1.3144134435504895,-0.021271083708291845,0.0053932126655401175,0.0010569875522383754,-0.0062982448601145435
parachute,Parachute,2,KO103_KI70,KO 103 / KI 70,103.0,70.0,120.0,1.276563880221268,-0.00996159200517821,0.002916583891647716,0.0024390309237414254,-0.002500141449313098
standard_dki,Standard DKI,2,KO103_KI70,KO 103 / KI 70,103.0,70.0,60.0,-38.85923933038162,0.9965045854550899,-0.1103865623188464,0.08723294146848559,-1.237620821895291
standard_dki,Standard DKI,2,KO103_KI70,KO 103 / KI 70,103.0,70.0,62.5,-36.30345296186352,1.0038591169730922,-0.13056718896732492,0.0909315673749731,-1.2931635709215072
standard_dki,Standard DKI,2,KO103_KI70,KO 103 / KI 70,103.0,70.0,65.0,-33.71964226976876,1.0653631716191443,-0.15976586796313252,0.08775841675372931,-1.3441999777384694
standard_dki,Standard DKI,2,KO103_KI70,KO 103 / KI 70,103.0,70.0,67.5,-31.13699255404367,1.0770198919430831,0.18415386322972457,0.10236395555734035,-1.3873548131677182
standard_dki,Standard DKI,2,KO103_KI70,KO 103 / KI 70,103.0,70.0,70.0,-28.525610075812665,1.1645194048921934,0.6943350088985127,0.11766462697112345,-1.4230904101424358
standard_dki,Standard DKI,2,KO103_KI70,KO 103 / KI 70,103.0,70.0,72.5,-25.29831702462449,1.2420171317535327,-0.19721224820239233,-0.05847403598772516,-1.474664465526132
standard_dki,Standard DKI,2,KO103_KI70,KO 103 / KI 70,103.0,70.0,75.0,-22.13815673878705,1.2805354695159157,-0.1787223561125807,-0.18373334476926573,-1.502863581359648
standard_dki,Standard DKI,2,KO103_KI70,KO 103 / KI 70,103.0,70.0,77.5,-19.08460162496587,1.1799102979430272,0.1192495857516307,-0.2578753491082857,-1.5070646585055414
standard_dki,Standard DKI,2,KO103_KI70,KO 103 / KI 70,103.0,70.0,80.0,-16.115831906582688,1.1730035168306152,-0.16060540599878156,-0.41389208691010637,-1.4855325746832904
standard_dki,Standard DKI,2,KO103_KI70,KO 103 / KI 70,103.0,70.0,82.5,-13.351161275258868,1.0538607283206427,0.06259507800151602,-0.48895781763474844,-1.4403029054545158
standard_dki,Standard DKI,2,KO103_KI70,KO 103 / KI 70,103.0,70.0,85.0,-10.751564482467266,0.9929047317596271,-0.18059387569915436,-0.5713639612800758,-1.3683220335256152
standard_dki,Standard DKI,2,KO103_KI70,KO 103 / KI 70,103.0,70.0,87.5,-8.40270202184422,0.911803814666726,0.02527996131324731,-0.5966109385330896,-1.2756242193056266
standard_dki,Standard DKI,2,KO103_KI70,KO 103 / KI 70,103.0,70.0,90.0,-6.274363741878257,0.8079467871378309,-0.13612361661215042,-0.6342958129158243,-1.1587339687848974
standard_dki,Standard DKI,2,KO103_KI70,KO 103 / KI 70,103.0,70.0,92.5,-4.445638303611211,0.6681483181333115,0.04501565182831432,-0.6246754083945403,-1.0252330781917784
standard_dki,Standard DKI,2,KO103_KI70,KO 103 / KI 70,103.0,70.0,95.0,-2.882222498481868,0.5798507160994373,-0.003962695371600542,-0.5946971177555542,-0.8742665537292194
standard_dki,Standard DKI,2,KO103_KI70,KO 103 / KI 70,103.0,70.0,97.5,-1.6014609934296244,0.462686409072852,-0.08667162579518023,-0.529500834168682,-0.7102584356718955
standard_dki,Standard DKI,2,KO103_KI70,KO 103 / KI 70,103.0,70.0,100.0,-0.617589457281555,0.3264853372711541,-0.10563051361604536,-0.4496560401566039,-0.5480742430426511
standard_dki,Standard DKI,2,KO103_KI70,KO 103 / KI 70,103.0,70.0,102.5,0.08545806299053246,0.22894634221990876,0.033553011352259465,-0.35537139821241526,-0.3990885773762276
standard_dki,Standard DKI,2,KO103_KI70,KO 103 / KI 70,103.0,70.0,103.0,0.204666276044675,0.22030023580409375,-0.07042183673818656,-0.33592870619028625,-0.37065966081230306
standard_dki,Standard DKI,2,KO103_KI70,KO 103 / KI 70,103.0,70.0,105.0,0.5761700448031366,0.1487991987545464,-0.012479485986412221,-0.2617210306048898,-0.2691656124956032
standard_dki,Standard DKI,2,KO103_KI70,KO 103 / KI 70,103.0,70.0,107.5,0.8848632038903949,0.0994536224437902,-0.01236160387934042,-0.17636082766708927,-0.16825846896979524
standard_dki,Standard DKI,2,KO103_KI70,KO 103 / KI 70,103.0,70.0,110.0,1.0643149565373793,0.055782805606109875,0.0038391146957090995,-0.11111286974244383,-0.09737172208763578
standard_dki,Standard DKI,2,KO103_KI70,KO 103 / KI 70,103.0,70.0,112.5,1.1639897370347245,0.02908488797809679,-0.009073600269583315,-0.06699033706372681,-0.051760649631882316
standard_dki,Standard DKI,2,KO103_KI70,KO 103 / KI 70,103.0,70.0,115.0,1.211643423447314,0.013968771078294208,-0.006873034839723579,-0.03613030069730261,-0.025461292193007523
standard_dki,Standard DKI,2,KO103_KI70,KO 103 / KI 70,103.0,70.0,117.5,1.2333656149485486,0.0061927040140214,-0.004009222563959007,-0.018010226714737954,-0.011560297239876505
standard_dki,Standard DKI,2,KO103_KI70,KO 103 / KI 70,103.0,70.0,120.0,1.242481468554202,0.002539282154110367,-0.0019314209894551028,-0.008304062848588423,-0.004861157156943463
stepdown,Step-down,2,KO103_KI70,KO 103 / KI 70,103.0,70.0,60.0,-37.454807338288816,1.1335288607622473,0.03104764069227094,0.19491302213571515,-1.3611232631184578
stepdown,Step-down,2,KO103_KI70,KO 103 / KI 70,103.0,70.0,62.5,-34.59925564581461,1.1506669262000742,0.031425690188625593,0.19094687838558855,-1.4260562383611841
stepdown,Step-down,2,KO103_KI70,KO 103 / KI 70,103.0,70.0,65.0,-31.708039432662545,1.1603414810317283,0.010662600300158438,0.1743257090271335,-1.4814980090555707
stepdown,Step-down,2,KO103_KI70,KO 103 / KI 70,103.0,70.0,67.5,-28.800663139713507,1.1627835360748353,-0.01916558612008982,0.14828383501508569,-1.5245811686558142
stepdown,Step-down,2,KO103_KI70,KO 103 / KI 70,103.0,70.0,70.0,-25.90104578252166,1.2175654620124579,0.36157432056755007,0.1019442587142656,-1.5528659764754593
stepdown,Step-down,2,KO103_KI70,KO 103 / KI 70,103.0,70.0,72.5,-22.724050476114645,1.260341894206789,-0.009726911511502245,0.010663168710379978,-1.5750471893966278
stepdown,Step-down,2,KO103_KI70,KO 103 / KI 70,103.0,70.0,75.0,-19.61860374074445,1.2210917197989535,-0.012099525118805509,-0.09426219908185729,-1.5739387921836823
stepdown,Step-down,2,KO103_KI70,KO 103 / KI 70,103.0,70.0,77.5,-16.625268352963577,1.1700833768956347,-0.036701085557858094,-0.20693169555731572,-1.5484899541295505
stepdown,Step-down,2,KO103_KI70,KO 103 / KI 70,103.0,70.0,80.0,-13.786801178409043,1.0987875200194774,-0.03522558636911421,-0.2929689832592661,-1.4986387583967087
stepdown,Step-down,2,KO103_KI70,KO 103 / KI 70,103.0,70.0,82.5,-11.133036615466615,1.021075270936539,-0.07111937082198999,-0.3821859348952579,-1.4253696540677652
stepdown,Step-down,2,KO103_KI70,KO 103 / KI 70,103.0,70.0,85.0,-8.70520806634737,0.9219406386929433,-0.04018766482773449,-0.4433196253956666,-1.3304216713072137
stepdown,Step-down,2,KO103_KI70,KO 103 / KI 70,103.0,70.0,87.5,-6.519724084118219,0.8242523566112132,-0.04332822320773222,-0.4898563408054679,-1.215920589136843
stepdown,Step-down,2,KO103_KI70,KO 103 / KI 70,103.0,70.0,90.0,-4.604382815294417,0.7070410614004984,-0.03335613132960455,-0.512960115210217,-1.0851307587927295
stepdown,Step-down,2,KO103_KI70,KO 103 / KI 70,103.0,70.0,92.5,-2.9735013985478593,0.6002751519972598,-0.03175954437376545,-0.5085487516817984,-0.941509255242412
stepdown,Step-down,2,KO103_KI70,KO 103 / KI 70,103.0,70.0,95.0,-1.6363938489489442,0.47295119183030104,-0.10160019851141518,-0.4831912954960915,-0.7885406161812769
stepdown,Step-down,2,KO103_KI70,KO 103 / KI 70,103.0,70.0,97.5,-0.6088522720423999,0.34748075440716614,-0.0385585873425997,-0.4304179108414736,-0.6307547288862625
stepdown,Step-down,2,KO103_KI70,KO 103 / KI 70,103.0,70.0,100.0,0.1386117802458327,0.2433391924494485,-0.032395393682436734,-0.36108129511073916,-0.4780397962321131
stepdown,Step-down,2,KO103_KI70,KO 103 / KI 70,103.0,70.0,102.5,0.6395634014315347,0.16006113683217452,-0.00878122207103274,-0.28047694247415644,-0.3403443642751691
stepdown,Step-down,2,KO103_KI70,KO 103 / KI 70,103.0,70.0,103.0,0.7188410470098461,0.14336890619636133,-0.06074927037627217,-0.2660144747081757,-0.31706371203543693
stepdown,Step-down,2,KO103_KI70,KO 103 / KI 70,103.0,70.0,105.0,0.9482068715128671,0.09232560145659773,-0.034116291278184545,-0.2031270271905432,-0.22769496084777963
stepdown,Step-down,2,KO103_KI70,KO 103 / KI 70,103.0,70.0,107.5,1.1165799119835855,0.047704075458983704,-0.018496890545396837,-0.13245995829919854,-0.14047943387234252
stepdown,Step-down,2,KO103_KI70,KO 103 / KI 70,103.0,70.0,110.0,1.1980409987946772,0.021917435261242183,-0.001500681693153817,-0.08004764903693729,-0.08032735520242529
stepdown,Step-down,2,KO103_KI70,KO 103 / KI 70,103.0,70.0,112.5,1.2336443618729613,0.008841800401985407,-0.0029240932157164686,-0.04505910688276327,-0.04223325370331654
stepdown,Step-down,2,KO103_KI70,KO 103 / KI 70,103.0,70.0,115.0,1.2458436833822186,0.0029807531744812966,-0.0027016091325707398,-0.023018370970262048,-0.020548688230070944
stepdown,Step-down,2,KO103_KI70,KO 103 / KI 70,103.0,70.0,117.5,1.248873900282551,0.0007464013343679878,-0.0015748901918801426,-0.010774758673987472,-0.009233115145290682
stepdown,Step-down,2,KO103_KI70,KO 103 / KI 70,103.0,70.0,120.0,1.2489975338901809,6.579008073659409e-05,-0.0007316646569524268,-0.004628917048215442,-0.0038441342020689717
airbag,Airbag,3,KO103_KI70,KO 103 / KI 70,103.0,70.0,60.0,-21.23345649167136,0.7059322749228218,-1.0507396292937128,0.5113816454361633,-0.9068089082695963
airbag,Airbag,3,KO103_KI70,KO 103 / KI 70,103.0,70.0,62.5,-19.92483963906076,0.4168751530035763,1.0374271125016457,0.7039555767351366,-0.9852962344588434
airbag,Airbag,3,KO103_KI70,KO 103 / KI 70,103.0,70.0,65.0,-18.336029081524035,0.7657019891751122,-0.982770732229122,0.5662167380579,-1.0635682517317946
airbag,Airbag,3,KO103_KI70,KO 103 / KI 70,103.0,70.0,67.5,-16.780046140354298,0.4811812881933922,-0.9289671270500575,0.5722636762460773,-1.1322921305453093
airbag,Airbag,3,KO103_KI70,KO 103 / KI 70,103.0,70.0,70.0,-15.277389972707345,0.6929686060347072,0.26590822601918673,0.7167953586800113,-1.190628072619404
airbag,Airbag,3,KO103_KI70,KO 103 / KI 70,103.0,70.0,72.5,-13.323664771404452,0.8853239403582214,-0.8012453153884462,0.5469673588060537,-1.2462031953413444
airbag,Airbag,3,KO103_KI70,KO 103 / KI 70,103.0,70.0,75.0,-11.469201363436163,0.739728013269108,0.0071646976545278246,0.4276494135517197,-1.2831916157120205
airbag,Airbag,3,KO103_KI70,KO 103 / KI 70,103.0,70.0,77.5,-9.635078660942039,0.5999526919308829,-0.6553041047999557,0.34557698826968064,-1.2976493841476255
airbag,Airbag,3,KO103_KI70,KO 103 / KI 70,103.0,70.0,80.0,-7.9478764026550905,0.5823932065108206,0.5765535437842749,0.3530217103324951,-1.2928194262956438
airbag,Airbag,3,KO103_KI70,KO 103 / KI 70,103.0,70.0,82.5,-6.245223717328691,0.6601140598693885,-0.03134695233748428,0.2957396080233847,-1.2619176442759894
airbag,Airbag,3,KO103_KI70,KO 103 / KI 70,103.0,70.0,85.0,-4.655252330603892,0.6089198625972656,-0.04820371595053019,0.0725934655755589,-1.207367970215678
airbag,Airbag,3,KO103_KI70,KO 103 / KI 70,103.0,70.0,87.5,-3.210491882537098,0.6394702687265692,0.396496422908907,-1.725916660477722e-05,-1.129515232237699
airbag,Airbag,3,KO103_KI70,KO 103 / KI 70,103.0,70.0,90.0,-1.9368168187242347,0.5517650511835691,0.3302276799200933,-0.0619041509048317,-1.0301715386983323
airbag,Airbag,3,KO103_KI70,KO 103 / KI 70,103.0,70.0,92.5,-0.8610481071321742,0.4541612723171394,0.2572991416156345,-0.1095546385473154,-0.9112830414766626
airbag,Airbag,3,KO103_KI70,KO 103 / KI 70,103.0,70.0,95.0,-0.004460400879550519,0.2940133413156517,-0.06353755231480875,-0.13917885944609515,-0.7762700577906845
airbag,Airbag,3,KO103_KI70,KO 103 / KI 70,103.0,70.0,97.5,0.624322738156526,0.205045402732681,-0.0898530993840182,-0.14794058884680128,-0.6310632020038898
airbag,Airbag,3,KO103_KI70,KO 103 / KI 70,103.0,70.0,100.0,1.0285364949864189,0.08785185052366917,0.1052173017244451,-0.13315518997881848,-0.4848415641663495
airbag,Airbag,3,KO103_KI70,KO 103 / KI 70,103.0,70.0,102.5,1.2503952630327466,0.03469547507312559,0.10956079874529183,-0.10882612772839151,-0.3493654207143093
airbag,Airbag,3,KO103_KI70,KO 103 / KI 70,103.0,70.0,103.0,1.2821106614830824,0.049851395820009775,-0.05275354969540702,-0.10278577171256265,-0.32373312195186355
airbag,Airbag,3,KO103_KI70,KO 103 / KI 70,103.0,70.0,105.0,1.3628916896363474,-0.00531309666027948,-0.0691140473007735,-0.09677916912512208,-0.2307040481490219
airbag,Airbag,3,KO103_KI70,KO 103 / KI 70,103.0,70.0,107.5,1.370938465243951,-0.006445501739765382,-0.010852123345764284,-0.05954265584255691,-0.1425374118644518
airbag,Airbag,3,KO103_KI70,KO 103 / KI 70,103.0,70.0,110.0,1.3432031865618508,-0.003545186675588068,-0.03546142232293547,-0.032717260776643275,-0.08185955112194332
airbag,Airbag,3,KO103_KI70,KO 103 / KI 70,103.0,70.0,112.5,1.3040080331016057,-0.006354787505959673,0.017135484194431717,-0.011315303405048827,-0.04398157049203544
airbag,Airbag,3,KO103_KI70,KO 103 / KI 70,103.0,70.0,115.0,1.2794114424250334,-0.007973148208393826,0.0037261032529592483,-0.0034986265974252806,-0.020946198038185315
airbag,Airbag,3,KO103_KI70,KO 103 / KI 70,103.0,70.0,117.5,1.2640857285612184,-0.006698723421708559,0.006417272411353434,0.00047083198047648267,-0.009656378443545499
airbag,Airbag,3,KO103_KI70,KO 103 / KI 70,103.0,70.0,120.0,1.2560923121576462,-0.002702826829761677,0.0015899913695931961,0.00017004239123052933,-0.003920628070286369
european_ki,European KI,3,KO103_KI70,KO 103 / KI 70,103.0,70.0,60.0,-31.875398508862673,1.2834281997647305,-0.10183036449175928,-0.0019784142797689697,-2.2478257409908053
european_ki,European KI,3,KO103_KI70,KO 103 / KI 70,103.0,70.0,62.5,-28.728322555844745,1.2373185330986871,0.09649408678029431,-0.07328376345017773,-2.3080438455753693
european_ki,European KI,3,KO103_KI70,KO 103 / KI 70,103.0,70.0,65.0,-25.607789183968436,1.2479386306199176,-0.12508785062510125,-0.13875132299801152,-2.347810335037792
european_ki,European KI,3,KO103_KI70,KO 103 / KI 70,103.0,70.0,67.5,-22.568664410286384,1.1804124756381456,-0.1269120200303541,-0.21293029033691724,-2.365215011423416
european_ki,European KI,3,KO103_KI70,KO 103 / KI 70,103.0,70.0,70.0,-19.63641532359465,1.1558493838999948,-0.022334692657495346,-0.2933117479783256,-2.3600340473461046
european_ki,European KI,3,KO103_KI70,KO 103 / KI 70,103.0,70.0,72.5,-16.79466388564066,1.1250493581199021,-0.12154861466635823,-0.38041789041824003,-2.329658160820358
european_ki,European KI,3,KO103_KI70,KO 103 / KI 70,103.0,70.0,75.0,-14.102736074111942,1.0456035903222158,-0.04458637151623811,-0.4311840556702151,-2.276484515910049
european_ki,European KI,3,KO103_KI70,KO 103 / KI 70,103.0,70.0,77.5,-11.572771203539954,0.9564710009004532,-0.1154603330196934,-0.49267407636459026,-2.198475322085258
european_ki,European KI,3,KO103_KI70,KO 103 / KI 70,103.0,70.0,80.0,-9.235800980390827,0.8854644642999299,0.07685825920331622,-0.5318133455348075,-2.0991801792909826
european_ki,European KI,3,KO103_KI70,KO 103 / KI 70,103.0,70.0,82.5,-7.079199936044502,0.8202782763691395,-0.06590005957261709,-0.5925817842027747,-1.9769058381143623
european_ki,European KI,3,KO103_KI70,KO 103 / KI 70,103.0,70.0,85.0,-5.154877808541021,0.7112927170676684,0.01027941927255144,-0.5943297125489266,-1.834646901827952
european_ki,European KI,3,KO103_KI70,KO 103 / KI 70,103.0,70.0,87.5,-3.4489508270487432,0.6661527303774081,0.0982392194656935,-0.6080083722167773,-1.6715382870058804
european_ki,European KI,3,KO103_KI70,KO 103 / KI 70,103.0,70.0,90.0,-1.9912807577728269,0.5577151516201698,0.08194169285959128,-0.6045357228367969,-1.49075423752274
european_ki,European KI,3,KO103_KI70,KO 103 / KI 70,103.0,70.0,92.5,-0.7971207956561501,0.44428371820421364,0.051700891712524025,-0.5813510193774083,-1.2944102482305375
european_ki,European KI,3,KO103_KI70,KO 103 / KI 70,103.0,70.0,95.0,0.12383604374060819,0.31007355083544563,-0.07570277939206306,-0.5359847427849829,-1.0861403715645312
european_ki,European KI,3,KO103_KI70,KO 103 / KI 70,103.0,70.0,97.5,0.7748711206193285,0.2071119919861812,-0.1024291628766376,-0.4678402901085484,-0.8725434461423931
european_ki,European KI,3,KO103_KI70,KO 103 / KI 70,103.0,70.0,100.0,1.1707855642380793,0.10519789177102012,0.003479272414313783,-0.3776123292631668,-0.6644945085809706
european_ki,European KI,3,KO103_KI70,KO 103 / KI 70,103.0,70.0,102.5,1.3676221778970363,0.040604199556861356,0.04111432675591734,-0.28512751624119237,-0.475739673795994
european_ki,European KI,3,KO103_KI70,KO 103 / KI 70,103.0,70.0,103.0,1.393534739932393,0.03774792467226481,-0.05468345155244275,-0.26619320463117924,-0.44027158173929326
european_ki,European KI,3,KO103_KI70,KO 103 / KI 70,103.0,70.0,105.0,1.438000128968849,-0.005970370765904337,-0.03173135391545602,-0.2065307657525901,-0.3140982609179277
european_ki,European KI,3,KO103_KI70,KO 103 / KI 70,103.0,70.0,107.5,1.421290183170548,-0.015420744075062437,-0.009361882676818251,-0.12780681732406673,-0.19348430690264706
european_ki,European KI,3,KO103_KI70,KO 103 / KI 70,103.0,70.0,110.0,1.3738795712888296,-0.014454464708920138,-0.01944735702702216,-0.07240511333732336,-0.11093630260554654
european_ki,European KI,3,KO103_KI70,KO 103 / KI 70,103.0,70.0,112.5,1.3231353089212519,-0.012645040636424318,0.011708228690247043,-0.03411059002352035,-0.05923726357208725
european_ki,European KI,3,KO103_KI70,KO 103 / KI 70,103.0,70.0,115.0,1.2888685233283979,-0.010790425077450956,0.00554632413118285,-0.014533940839030812,-0.028196523082235636
european_ki,European KI,3,KO103_KI70,KO 103 / KI 70,103.0,70.0,117.5,1.2685668006845183,-0.007750658469149545,0.0049874231618275405,-0.004780285072898849,-0.012999193832863298
european_ki,European KI,3,KO103_KI70,KO 103 / KI 70,103.0,70.0,120.0,1.2578075847953452,-0.003314344522268679,0.0019935113297922216,-0.0018450018528468615,-0.0053155047455399895
parachute,Parachute,3,KO103_KI70,KO 103 / KI 70,103.0,70.0,60.0,-27.218981314248822,1.4277109138470756,-0.05819940764604484,-0.19489336107973543,-2.6688210898829112
parachute,Parachute,3,KO103_KI70,KO 103 / KI 70,103.0,70.0,62.5,-23.714859546199424,1.3761595751892515,0.02212708083920006,-0.31588303728130285,-2.718344878086043
parachute,Parachute,3,KO103_KI70,KO 103 / KI 70,103.0,70.0,65.0,-20.316680323205166,1.3364123073210592,-0.05430453705841807,-0.4495484681067161,-2.7366950931391187
parachute,Parachute,3,KO103_KI70,KO 103 / KI 70,103.0,70.0,67.5,-17.0692687109742,1.2601742007401884,-0.044558571937099396,-0.5767311384476841,-2.725508656897091
parachute,Parachute,3,KO103_KI70,KO 103 / KI 70,103.0,70.0,70.0,-13.999448157879037,1.206302566058814,0.03736820555288874,-0.6889154636534798,-2.686165678281327
parachute,Parachute,3,KO103_KI70,KO 103 / KI 70,103.0,70.0,72.5,-11.047231211062641,1.1403632017854928,-0.029289100854718367,-0.8012539043511993,-2.6210955916868173
parachute,Parachute,3,KO103_KI70,KO 103 / KI 70,103.0,70.0,75.0,-8.320005488149802,1.0408943945457168,-0.08311332590665188,-0.9085491618540065,-2.5299726348903206
parachute,Parachute,3,KO103_KI70,KO 103 / KI 70,103.0,70.0,77.5,-5.848307733295472,0.9343147342865383,-0.01190256985692944,-0.9862160388091894,-2.4112487340643973
parachute,Parachute,3,KO103_KI70,KO 103 / KI 70,103.0,70.0,80.0,-3.6396134581387023,0.83286700921607,-0.03136625633181899,-1.048716404850215,-2.271221653702815
parachute,Parachute,3,KO103_KI70,KO 103 / KI 70,103.0,70.0,82.5,-1.710910185474157,0.712464866679041,-0.09683520614193661,-1.0710559663999666,-2.108149638331769
parachute,Parachute,3,KO103_KI70,KO 103 / KI 70,103.0,70.0,85.0,-0.0911010811417475,0.5778299288171526,-0.04827108621664555,-1.0423128654348663,-1.9278272635325138
parachute,Parachute,3,KO103_KI70,KO 103 / KI 70,103.0,70.0,87.5,1.229964522064624,0.4671554427014227,-0.0590798022588072,-1.028488259017616,-1.7298767231262113
parachute,Parachute,3,KO103_KI70,KO 103 / KI 70,103.0,70.0,90.0,2.2346986183670916,0.33157340878161107,-0.0696157590201127,-0.9878916165440954,-1.5190408091318552
parachute,Parachute,3,KO103_KI70,KO 103 / KI 70,103.0,70.0,92.5,2.915340386766703,0.19564161934214971,-0.09594168987267554,-0.918366022549066,-1.2983735454263456
parachute,Parachute,3,KO103_KI70,KO 103 / KI 70,103.0,70.0,95.0,3.2737560004737727,0.0771750421944603,-0.08665101504101097,-0.8179517708611592,-1.0722102904682007
parachute,Parachute,3,KO103_KI70,KO 103 / KI 70,103.0,70.0,97.5,3.333094021101265,-0.031033047749159184,-0.10551806633387015,-0.6877808135490509,-0.8474774097204207
parachute,Parachute,3,KO103_KI70,KO 103 / KI 70,103.0,70.0,100.0,3.1400938239672693,-0.09908269881053045,-0.0861939553775457,-0.5335917996577444,-0.6350260659655937
parachute,Parachute,3,KO103_KI70,KO 103 / KI 70,103.0,70.0,102.5,2.7929077514722653,-0.1457859502489733,-0.03334034673749806,-0.38156787700679695,-0.4472600674500615
parachute,Parachute,3,KO103_KI70,KO 103 / KI 70,103.0,70.0,103.0,2.7158679248161235,-0.1590056377191368,-0.019086284779904213,-0.35159835233725323,-0.4123463308866704
parachute,Parachute,3,KO103_KI70,KO 103 / KI 70,103.0,70.0,105.0,2.386567019739971,-0.1556708960723356,0.01362468592752351,-0.2606456876907415,-0.29035384812465814
parachute,Parachute,3,KO103_KI70,KO 103 / KI 70,103.0,70.0,107.5,2.01259028849919,-0.13487587219869418,0.022815696035635956,-0.14796076520984291,-0.1757565837850361
parachute,Parachute,3,KO103_KI70,KO 103 / KI 70,103.0,70.0,110.0,1.71689838261725,-0.10110907835692583,0.011134636882590162,-0.07167041346819136,-0.09906270685320351
parachute,Parachute,3,KO103_KI70,KO 103 / KI 70,103.0,70.0,112.5,1.5088680885304524,-0.06163264621955457,0.00832275192558399,-0.025675664094384043,-0.05198281493852264
parachute,Parachute,3,KO103_KI70,KO 103 / KI 70,103.0,70.0,115.0,1.3783864287479506,-0.038290606119416926,0.024217213840558718,-0.003852974146126842,-0.024269584088587592
parachute,Parachute,3,KO103_KI70,KO 103 / KI 70,103.0,70.0,117.5,1.3102871113499162,-0.021766825995155618,0.0051378782410815334,0.0015408122875277819,-0.010999207730844063
parachute,Parachute,3,KO103_KI70,KO 103 / KI 70,103.0,70.0,120.0,1.2750941437512568,-0.009591253634950725,0.006246754399994201,0.0024412019321349288,-0.004405214135516644
standard_dki,Standard DKI,3,KO103_KI70,KO 103 / KI 70,103.0,70.0,60.0,-37.287406204231196,1.0887196315438767,-0.11479775040359957,0.20385769354320615,-1.8678015491794042
standard_dki,Standard DKI,3,KO103_KI70,KO 103 / KI 70,103.0,70.0,62.5,-34.60889865197339,1.0575901021339973,0.14138168512705307,0.19002382886683478,-1.9396705303499573
standard_dki,Standard DKI,3,KO103_KI70,KO 103 / KI 70,103.0,70.0,65.0,-31.882169411797324,1.109983027720138,-0.16686774667953252,0.1932914023712229,-2.001557621823835
standard_dki,Standard DKI,3,KO103_KI70,KO 103 / KI 70,103.0,70.0,67.5,-29.16237101500333,1.061291888661902,-0.18172738916917852,0.17546784499025847,-2.0482411326387506
standard_dki,Standard DKI,3,KO103_KI70,KO 103 / KI 70,103.0,70.0,70.0,-26.472723666060826,1.1207425062122005,0.24943996918980868,0.13387228455531996,-2.077737199236651
standard_dki,Standard DKI,3,KO103_KI70,KO 103 / KI 70,103.0,70.0,72.5,-23.561960385852355,1.1773553232160585,-0.18368517625945455,0.03964417092891992,-2.1006715594449332
standard_dki,Standard DKI,3,KO103_KI70,KO 103 / KI 70,103.0,70.0,75.0,-20.723992000062978,1.1215626298563752,-0.008120192358395192,0.00017203982043767496,-2.0996934602287354
standard_dki,Standard DKI,3,KO103_KI70,KO 103 / KI 70,103.0,70.0,77.5,-17.962971120785085,1.0533983441877492,-0.17705208186599594,-0.07783430399550184,-2.0718206945467443
standard_dki,Standard DKI,3,KO103_KI70,KO 103 / KI 70,103.0,70.0,80.0,-15.332126123979458,1.0072172041496485,0.13973402756987105,-0.12839851591938434,-2.0185559300248457
standard_dki,Standard DKI,3,KO103_KI70,KO 103 / KI 70,103.0,70.0,82.5,-12.806949311641818,0.9801360187497744,-0.04205764038579301,-0.23601437158433392,-1.938184331573467
standard_dki,Standard DKI,3,KO103_KI70,KO 103 / KI 70,103.0,70.0,85.0,-10.45075392579122,0.8975245029481831,0.014180187033083647,-0.29995087310281754,-1.8316945372443882
standard_dki,Standard DKI,3,KO103_KI70,KO 103 / KI 70,103.0,70.0,87.5,-8.264314507640329,0.8789508494907737,0.15998689834964816,-0.34652215013270116,-1.6980003538568766
standard_dki,Standard DKI,3,KO103_KI70,KO 103 / KI 70,103.0,70.0,90.0,-6.280826340043264,0.7901586298182354,0.14861673328851144,-0.37802747154686145,-1.5395388501429075
standard_dki,Standard DKI,3,KO103_KI70,KO 103 / KI 70,103.0,70.0,92.5,-4.5218273180117015,0.6929719297215317,0.12540297145410306,-0.39192680153394654,-1.3580473615821376
standard_dki,Standard DKI,3,KO103_KI70,KO 103 / KI 70,103.0,70.0,95.0,-3.0063413699141566,0.5521091283465146,-0.06939710415033296,-0.3861068421200282,-1.1570267785831145
standard_dki,Standard DKI,3,KO103_KI70,KO 103 / KI 70,103.0,70.0,97.5,-1.7477870318706743,0.4488220831847084,-0.10448208391496705,-0.3596954583287393,-0.9433781527933061
standard_dki,Standard DKI,3,KO103_KI70,KO 103 / KI 70,103.0,70.0,100.0,-0.7597107137141452,0.31863741369028353,0.05322698965581685,-0.31029723828137,-0.7287548952843559
standard_dki,Standard DKI,3,KO103_KI70,KO 103 / KI 70,103.0,70.0,102.5,-0.023241805935299037,0.23135214179797767,0.08840333623907341,-0.2545027543148327,-0.5290620553142916
standard_dki,Standard DKI,3,KO103_KI70,KO 103 / KI 70,103.0,70.0,103.0,0.10432962048197104,0.23158291688721866,-0.09156734607667279,-0.2421551956863634,-0.49117252007344486
standard_dki,Standard DKI,3,KO103_KI70,KO 103 / KI 70,103.0,70.0,105.0,0.5114085243792484,0.14498419993945447,-0.062014152486804294,-0.19060054537641535,-0.35433713272662315
standard_dki,Standard DKI,3,KO103_KI70,KO 103 / KI 70,103.0,70.0,107.5,0.8452778178411108,0.10148807789532076,-0.0412679681773012,-0.1318906688036524,-0.22136181625916906
standard_dki,Standard DKI,3,KO103_KI70,KO 103 / KI 70,103.0,70.0,110.0,1.040398168296785,0.06848389315508634,-0.043606452085602994,-0.08746786483039637,-0.1286262797167037
standard_dki,Standard DKI,3,KO103_KI70,KO 103 / KI 70,103.0,70.0,112.5,1.1436549529737288,0.03417468556770468,0.012828337918634773,-0.051723470807157224,-0.0695552567247848
standard_dki,Standard DKI,3,KO103_KI70,KO 103 / KI 70,103.0,70.0,115.0,1.202476786546677,0.01579112061721561,-0.012544532731552933,-0.02974249291422404,-0.03357940208810195
standard_dki,Standard DKI,3,KO103_KI70,KO 103 / KI 70,103.0,70.0,117.5,1.2283385013028074,0.005958783814988278,0.004226889884238005,-0.013095519573932846,-0.01566973277074002
standard_dki,Standard DKI,3,KO103_KI70,KO 103 / KI 70,103.0,70.0,120.0,1.2410803891496385,0.0027647923440130935,-0.002130817444263701,-0.00690008067596426,-0.006505273744061846
stepdown,Step-down,3,KO103_KI70,KO 103 / KI 70,103.0,70.0,60.0,-33.14342079576957,1.2444650990573556,0.18718739190969952,0.265873690250956,-2.1859522270268883
stepdown,Step-down,3,KO103_KI70,KO 103 / KI 70,103.0,70.0,62.5,-29.946026481760974,1.2956702065442642,-0.18195332281124138,0.21503715195868622,-2.250264935112156
stepdown,Step-down,3,KO103_KI70,KO 103 / KI 70,103.0,70.0,65.0,-26.80825156330054,1.2243098240494221,0.1516717871217515,0.16323744618224012,-2.2884449456601175
stepdown,Step-down,3,KO103_KI70,KO 103 / KI 70,103.0,70.0,67.5,-23.707718486025072,1.2536203411240856,0.14504089421936642,0.0967304143787544,-2.303345137057633
stepdown,Step-down,3,KO103_KI70,KO 103 / KI 70,103.0,70.0,70.0,-20.67237298074981,1.2073489990999622,0.10298633815596979,0.018198087163568744,-2.2938149745559855
stepdown,Step-down,3,KO103_KI70,KO 103 / KI 70,103.0,70.0,72.5,-17.680214641556727,1.1529737983233324,0.124062560613088,-0.0445333309792737,-2.25869356244246
stepdown,Step-down,3,KO103_KI70,KO 103 / KI 70,103.0,70.0,75.0,-14.810007547629159,1.1150051667161236,-0.04798543220715601,-0.13922164703371998,-2.198200602414069
stepdown,Step-down,3,KO103_KI70,KO 103 / KI 70,103.0,70.0,77.5,-12.105174970271278,1.0486907545080062,-0.07782217178038893,-0.220185063008266,-2.110529374962411
stepdown,Step-down,3,KO103_KI70,KO 103 / KI 70,103.0,70.0,80.0,-9.60404269473369,0.960764021755911,-0.02265370043548209,-0.2918793849337664,-1.9978462693396537
stepdown,Step-down,3,KO103_KI70,KO 103 / KI 70,103.0,70.0,82.5,-7.324434193203616,0.8663903443401217,0.0070695415043633275,-0.35071150840275056,-1.8624252473051328
stepdown,Step-down,3,KO103_KI70,KO 103 / KI 70,103.0,70.0,85.0,-5.281681875942067,0.7713596828880199,-0.023153844071686573,-0.3974273343771113,-1.7070542816809642
stepdown,Step-down,3,KO103_KI70,KO 103 / KI 70,103.0,70.0,87.5,-3.4867525542790245,0.6519538085645306,-0.13411380957068428,-0.4298064958318708,-1.5361461860233128
stepdown,Step-down,3,KO103_KI70,KO 103 / KI 70,103.0,70.0,90.0,-1.9780590204327446,0.5381548206613656,-0.1256569359012686,-0.4432079079007243,-1.3510436076650256
stepdown,Step-down,3,KO103_KI70,KO 103 / KI 70,103.0,70.0,92.5,-0.7540715875826156,0.4241211549296418,-0.12249737618612314,-0.4373009483961474,-1.1563882592461106
stepdown,Step-down,3,KO103_KI70,KO 103 / KI 70,103.0,70.0,95.0,0.1788712670471716,0.31462287944714085,-0.11774329196752652,-0.41028950852595386,-0.956749377993002
stepdown,Step-down,3,KO103_KI70,KO 103 / KI 70,103.0,70.0,97.5,0.8251595750168252,0.2167470897035615,-0.08680891615736289,-0.3609045518946983,-0.7580881594546285
stepdown,Step-down,3,KO103_KI70,KO 103 / KI 70,103.0,70.0,100.0,1.2109523513243925,0.13133688515014508,-0.021897077496848105,-0.29527616458703565,-0.568565108118535
stepdown,Step-down,3,KO103_KI70,KO 103 / KI 70,103.0,70.0,102.5,1.3932626442818512,0.05498755161338998,0.01682095281408281,-0.22128382321499873,-0.3997871585353696
stepdown,Step-down,3,KO103_KI70,KO 103 / KI 70,103.0,70.0,103.0,1.4234072348598876,0.039935098632083305,-0.07897227052278026,-0.2084551439343063,-0.3725626411566374
stepdown,Step-down,3,KO103_KI70,KO 103 / KI 70,103.0,70.0,105.0,1.4461090906806402,0.004604864526081527,0.014622550681709543,-0.149633199837224,-0.264608565582547
stepdown,Step-down,3,KO103_KI70,KO 103 / KI 70,103.0,70.0,107.5,1.4259269139323447,-0.016545084039173714,-0.008989672668216504,-0.09074390770209728,-0.16143912223438583
stepdown,Step-down,3,KO103_KI70,KO 103 / KI 70,103.0,70.0,110.0,1.3762780554614256,-0.02077490443240631,0.001124036454182745,-0.049712523869807956,-0.09180155842121174
stepdown,Step-down,3,KO103_KI70,KO 103 / KI 70,103.0,70.0,112.5,1.327290019725757,-0.01606283569114433,0.003458156336627646,-0.023918882771655214,-0.048535736024790666
stepdown,Step-down,3,KO103_KI70,KO 103 / KI 70,103.0,70.0,115.0,1.2908373397743989,-0.01140938248949486,0.005978278106547907,-0.00908068443034038,-0.022938298547470204
stepdown,Step-down,3,KO103_KI70,KO 103 / KI 70,103.0,70.0,117.5,1.2694705211934674,-0.007328128241317533,0.0024983909642938605,-0.0022172173580354837,-0.010515366194563391
stepdown,Step-down,3,KO103_KI70,KO 103 / KI 70,103.0,70.0,120.0,1.2578683807308189,-0.0033420874006689916,0.002017234815659963,-0.000356942130669724,-0.004278455269179915
airbag,Airbag,1,KO103_KI75,KO 103 / KI 75,103.0,75.0,60.0,-25.87629579081193,0.3064875890499745,0.8145554898578193,0.1414266567892355,-0.11972183612272147
airbag,Airbag,1,KO103_KI75,KO 103 / KI 75,103.0,75.0,62.5,-25.273276424397963,0.35641188375635124,-0.7190752265163246,0.20883917614507297,-0.15928702071512646
airbag,Airbag,1,KO103_KI75,KO 103 / KI 75,103.0,75.0,65.0,-24.594795462340777,0.3066768695522407,-1.3092790362408302,0.19138682227056592,-0.20918168117667335
airbag,Airbag,1,KO103_KI75,KO 103 / KI 75,103.0,75.0,67.5,-23.74382435115048,0.47750657847171535,-0.565590483582992,0.23677508532952274,-0.2670069965034827
airbag,Airbag,1,KO103_KI75,KO 103 / KI 75,103.0,75.0,70.0,-22.770039932552546,0.5397420765268685,0.5227388747774263,0.33019804745800485,-0.33098171815630906
airbag,Airbag,1,KO103_KI75,KO 103 / KI 75,103.0,75.0,72.5,-21.543085663580158,0.5253871678748112,0.8650722542799267,0.40768882577070187,-0.39424649861103944
airbag,Airbag,1,KO103_KI75,KO 103 / KI 75,103.0,75.0,75.0,-20.09297798362226,0.8474741451744023,0.7032773872182487,0.2827164758652785,-0.4521350273659408
airbag,Airbag,1,KO103_KI75,KO 103 / KI 75,103.0,75.0,77.5,-17.32414680851092,1.142446789420208,0.5988555033100131,0.19052952588312877,-0.5454497664846514
airbag,Airbag,1,KO103_KI75,KO 103 / KI 75,103.0,75.0,80.0,-14.417471485479041,1.1408516148507974,-0.5103295175135746,-0.10388663282918209,-0.6065780365016593
airbag,Airbag,1,KO103_KI75,KO 103 / KI 75,103.0,75.0,82.5,-11.654026866532867,1.093173313747811,0.4007010014056834,-0.2482174308310281,-0.6420394120899786
airbag,Airbag,1,KO103_KI75,KO 103 / KI 75,103.0,75.0,85.0,-9.010461368169265,1.0525970184879545,0.14199748295683312,-0.3756694372716307,-0.6466596414874459
airbag,Airbag,1,KO103_KI75,KO 103 / KI 75,103.0,75.0,87.5,-6.57387370635121,0.9540215071833883,-0.1398484943193413,-0.5342006995565516,-0.623700725420484
airbag,Airbag,1,KO103_KI75,KO 103 / KI 75,103.0,75.0,90.0,-4.455932199640349,0.7785436027580328,-0.2684449442907584,-0.665898338202048,-0.5785640580705298
airbag,Airbag,1,KO103_KI75,KO 103 / KI 75,103.0,75.0,92.5,-2.6909972671068414,0.6194650763716623,-0.1283254751641734,-0.6876926322540236,-0.5160296396837794
airbag,Airbag,1,KO103_KI75,KO 103 / KI 75,103.0,75.0,95.0,-1.2849366699268443,0.47705670543548556,-0.1087150508548345,-0.6646127492404046,-0.4399696113760454
airbag,Airbag,1,KO103_KI75,KO 103 / KI 75,103.0,75.0,97.5,-0.23779345347140418,0.3402477144485378,-0.0892014504438027,-0.6000374490589286,-0.35619963673852173
airbag,Airbag,1,KO103_KI75,KO 103 / KI 75,103.0,75.0,100.0,0.4780550805015383,0.22026092835526268,-0.06952509707287113,-0.5030626123516255,-0.2716918108127464
airbag,Airbag,1,KO103_KI75,KO 103 / KI 75,103.0,75.0,102.5,0.9171819810718388,0.1316987059056027,-0.0731754323803224,-0.38246169314105327,-0.19371807916798156
airbag,Airbag,1,KO103_KI75,KO 103 / KI 75,103.0,75.0,103.0,0.9737620177069304,0.1135871469357145,0.0004409516318525627,-0.3599576113134022,-0.18015283548235006
airbag,Airbag,1,KO103_KI75,KO 103 / KI 75,103.0,75.0,105.0,1.1509477473065124,0.06271346446940257,-0.05555244174212938,-0.2711215946361265,-0.12820146992584824
airbag,Airbag,1,KO103_KI75,KO 103 / KI 75,103.0,75.0,107.5,1.2506525703885856,0.025221543508502985,-0.02070152732643496,-0.1782737283337117,-0.07857573474960855
airbag,Airbag,1,KO103_KI75,KO 103 / KI 75,103.0,75.0,110.0,1.2778509461566685,0.0036766102619338473,0.007797085662894336,-0.10307029491227437,-0.04451612225804258
airbag,Airbag,1,KO103_KI75,KO 103 / KI 75,103.0,75.0,112.5,1.2767684724758714,-0.004252398704843803,0.003201762416655763,-0.05391786284208333,-0.02316309488965551
airbag,Airbag,1,KO103_KI75,KO 103 / KI 75,103.0,75.0,115.0,1.2679912225021452,-0.003931023804776423,-0.003983536432634658,-0.026847910014034193,-0.011025133870123938
airbag,Airbag,1,KO103_KI75,KO 103 / KI 75,103.0,75.0,117.5,1.258663035214787,-0.002590199540626998,0.0014117858082265092,-0.011910868057944057,-0.004910448500994313
airbag,Airbag,1,KO103_KI75,KO 103 / KI 75,103.0,75.0,120.0,1.2531073182031887,-0.0018032256615152509,0.000998305698146012,-0.004577519049774548,-0.002007067919906902
european_ki,European KI,1,KO103_KI75,KO 103 / KI 75,103.0,75.0,60.0,-36.12205246050063,1.3952419345471039,0.00040781799357761075,0.17312553672815767,-0.8396368824776346
european_ki,European KI,1,KO103_KI75,KO 103 / KI 75,103.0,75.0,62.5,-32.56051225130121,1.4473235910991433,0.03126833767601056,0.1320470533860103,-0.9066343378243857
european_ki,European KI,1,KO103_KI75,KO 103 / KI 75,103.0,75.0,65.0,-28.895015506384727,1.4803005291623021,0.03856531878220142,0.06022413032180651,-0.9634717377778657
european_ki,European KI,1,KO103_KI75,KO 103 / KI 75,103.0,75.0,67.5,-25.183326542811518,1.4833715135551666,0.008539556534275987,-0.03347085777601677,-1.0057825581160529
european_ki,European KI,1,KO103_KI75,KO 103 / KI 75,103.0,75.0,70.0,-21.489782357008725,1.4622093798670628,-0.022489883644036764,-0.1449056831828095,-1.0302207043576317
european_ki,European KI,1,KO103_KI75,KO 103 / KI 75,103.0,75.0,72.5,-17.885282401956182,1.4152215298779705,-0.03220044938941634,-0.26552660866453337,-1.0349894593762343
european_ki,European KI,1,KO103_KI75,KO 103 / KI 75,103.0,75.0,75.0,-14.4349339639296,1.3403534184268888,-0.0437230781996555,-0.38650183259780313,-1.0196921558250693
european_ki,European KI,1,KO103_KI75,KO 103 / KI 75,103.0,75.0,77.5,-11.202325850036974,1.243059985985992,-0.030826236565855692,-0.5048366491873519,-0.9841942243806301
european_ki,European KI,1,KO103_KI75,KO 103 / KI 75,103.0,75.0,80.0,-8.237398865801033,1.1244077362090221,-0.09018514396142983,-0.6059634297978551,-0.9313203249615043
european_ki,European KI,1,KO103_KI75,KO 103 / KI 75,103.0,75.0,82.5,-5.593686599122466,0.9894857545110315,-0.009954790554703179,-0.6843539621875783,-0.8623188195396203
european_ki,European KI,1,KO103_KI75,KO 103 / KI 75,103.0,75.0,85.0,-3.2968367374339413,0.8524827049968303,-0.025791050750579213,-0.7498120962206576,-0.7812432199968189
european_ki,European KI,1,KO103_KI75,KO 103 / KI 75,103.0,75.0,87.5,-1.3655765659554722,0.6691223776320633,-0.24015448460336558,-0.7886226310898676,-0.6914653321139497
european_ki,European KI,1,KO103_KI75,KO 103 / KI 75,103.0,75.0,90.0,0.14481956713768676,0.5348197855415497,0.23858790989216747,-0.7343078707674956,-0.595737883487299
european_ki,European KI,1,KO103_KI75,KO 103 / KI 75,103.0,75.0,92.5,1.2815992439728188,0.40758563987260216,0.07166073854683032,-0.7054041411724599,-0.49665064847315143
european_ki,European KI,1,KO103_KI75,KO 103 / KI 75,103.0,75.0,95.0,2.0267198776139552,0.2482085827574864,0.052516677711376566,-0.6449595795890264,-0.39806679922320676
european_ki,European KI,1,KO103_KI75,KO 103 / KI 75,103.0,75.0,97.5,2.407873465108278,0.10721452471742829,0.03847555588156049,-0.5542486848728443,-0.30397033978832866
european_ki,European KI,1,KO103_KI75,KO 103 / KI 75,103.0,75.0,100.0,2.4856904667370037,-0.002147907630545731,0.02949794180130283,-0.4405908431239607,-0.21895750105183076
european_ki,European KI,1,KO103_KI75,KO 103 / KI 75,103.0,75.0,102.5,2.351165525205862,-0.08329703016545731,0.07182241022973017,-0.3337653855181544,-0.14734060909993296
european_ki,European KI,1,KO103_KI75,KO 103 / KI 75,103.0,75.0,103.0,2.3191198042042034,-0.09025570077340309,-0.09916119182094155,-0.3051868071670776,-0.13446490361799235
european_ki,European KI,1,KO103_KI75,KO 103 / KI 75,103.0,75.0,105.0,2.1070006144727653,-0.10799400815753775,0.050746986523011656,-0.2161871604664538,-0.09180702125162199
european_ki,European KI,1,KO103_KI75,KO 103 / KI 75,103.0,75.0,107.5,1.8435334435278694,-0.10433001612048642,0.023065524342581564,-0.1170780415057493,-0.0528329009159334
european_ki,European KI,1,KO103_KI75,KO 103 / KI 75,103.0,75.0,110.0,1.6213263451404756,-0.07809644197058399,-0.0032685198525043663,-0.05876024776057531,-0.0276923279874719
european_ki,European KI,1,KO103_KI75,KO 103 / KI 75,103.0,75.0,112.5,1.4586101001497553,-0.05112209786950355,0.0059682625899278195,-0.024305665046424174,-0.013361790591148726
european_ki,European KI,1,KO103_KI75,KO 103 / KI 75,103.0,75.0,115.0,1.3556882669500272,-0.031002817360296517,0.009266535188982001,-0.005733478290829375,-0.005909714021457013
european_ki,European KI,1,KO103_KI75,KO 103 / KI 75,103.0,75.0,117.5,1.2987826702866774,-0.0163199642266366,0.0043291381688740065,0.0005725120545039264,-0.0023718374613235227
european_ki,European KI,1,KO103_KI75,KO 103 / KI 75,103.0,75.0,120.0,1.2698679516639357,-0.0077224574384641516,0.0023800465365221416,0.001797460501822945,-0.0008712464174553958
parachute,Parachute,1,KO103_KI75,KO 103 / KI 75,103.0,75.0,60.0,-35.97569004327225,1.379391086164361,-0.0016237283400894538,0.15552483846958864,-0.8993761267291234
parachute,Parachute,1,KO103_KI75,KO 103 / KI 75,103.0,75.0,62.5,-32.466530380923565,1.4215725936465333,0.026009688197664218,0.10870609140701504,-0.9650681288505325
parachute,Parachute,1,KO103_KI75,KO 103 / KI 75,103.0,75.0,65.0,-28.87757707828303,1.4450169544144131,0.031188912530611696,0.033771354942899734,-1.0196851776768767
parachute,Parachute,1,KO103_KI75,KO 103 / KI 75,103.0,75.0,67.5,-25.263873379676077,1.4407781427610082,0.004000243603795764,-0.06094126236574837,-1.059270288814318
parachute,Parachute,1,KO103_KI75,KO 103 / KI 75,103.0,75.0,70.0,-21.685272983414215,1.414221502571818,-0.02177769535942574,-0.17110048963703406,-1.0808394765110307
parachute,Parachute,1,KO103_KI75,KO 103 / KI 75,103.0,75.0,72.5,-18.206225116101166,1.3637077802110642,-0.02831458322019591,-0.289471071281973,-1.0829025961577088
parachute,Parachute,1,KO103_KI75,KO 103 / KI 75,103.0,75.0,75.0,-14.885398674267869,1.3190045340157728,0.11545893843032849,-0.40655030541759807,-1.0652233047990123
parachute,Parachute,1,KO103_KI75,KO 103 / KI 75,103.0,75.0,77.5,-11.628319053441057,1.2537042586789615,-0.025747888160577537,-0.5249420752218263,-1.0316871758430324
parachute,Parachute,1,KO103_KI75,KO 103 / KI 75,103.0,75.0,80.0,-8.634715498037671,1.1363951552704687,-0.09385639232304398,-0.6256684297200277,-0.9792847821218587
parachute,Parachute,1,KO103_KI75,KO 103 / KI 75,103.0,75.0,82.5,-5.9599124371274375,1.0026158078921048,-0.0054791630355755195,-0.7033818532302183,-0.909433847588037
parachute,Parachute,1,KO103_KI75,KO 103 / KI 75,103.0,75.0,85.0,-3.6291440051903248,0.8668456512038133,-0.023687339845494995,-0.7686628216008566,-0.8263859075205549
parachute,Parachute,1,KO103_KI75,KO 103 / KI 75,103.0,75.0,87.5,-1.6618083802819843,0.6890603198139164,-0.21874066081534238,-0.8069724388786761,-0.733679916126917
parachute,Parachute,1,KO103_KI75,KO 103 / KI 75,103.0,75.0,90.0,-0.11003291362571252,0.5498377705859346,0.18758820647880028,-0.7593975303180314,-0.6340974036498483
parachute,Parachute,1,KO103_KI75,KO 103 / KI 75,103.0,75.0,92.5,1.0643719064643913,0.4174520630252666,0.049056006553732545,-0.7287197001904258,-0.53063569525853
parachute,Parachute,1,KO103_KI75,KO 103 / KI 75,103.0,75.0,95.0,1.847167396485035,0.25865110114319256,0.03328381918954687,-0.6659266879610879,-0.42717046444917806
parachute,Parachute,1,KO103_KI75,KO 103 / KI 75,103.0,75.0,97.5,2.2652112838755842,0.11792726727082554,0.022887994910194435,-0.5724729807291169,-0.32786638520225786
parachute,Parachute,1,KO103_KI75,KO 103 / KI 75,103.0,75.0,100.0,2.377804579985592,0.008265262609858048,0.017505901086384057,-0.4558843658840701,-0.2375924689836495
parachute,Parachute,1,KO103_KI75,KO 103 / KI 75,103.0,75.0,102.5,2.274271005216261,-0.0715470658691673,0.053982748216990305,-0.34306959528843817,-0.16101331625733017
parachute,Parachute,1,KO103_KI75,KO 103 / KI 75,103.0,75.0,103.0,2.2457668399156385,-0.07928535171204765,-0.08454087313285143,-0.3148560612755882,-0.14735765588969052
parachute,Parachute,1,KO103_KI75,KO 103 / KI 75,103.0,75.0,105.0,2.0558018377366505,-0.09868271255106406,0.03836356163908841,-0.22359215382278586,-0.10116528462558172
parachute,Parachute,1,KO103_KI75,KO 103 / KI 75,103.0,75.0,107.5,1.8118086228439017,-0.09678384788254628,0.01846437785387076,-0.12402906012296011,-0.05878367865468359
parachute,Parachute,1,KO103_KI75,KO 103 / KI 75,103.0,75.0,110.0,1.602611489499493,-0.07372004234810456,-0.0003988455061457059,-0.06295511472355253,-0.031230718563479698
parachute,Parachute,1,KO103_KI75,KO 103 / KI 75,103.0,75.0,112.5,1.4487017576826593,-0.048757414154037844,0.006489390593051184,-0.026599316165944797,-0.015280358500158187
parachute,Parachute,1,KO103_KI75,KO 103 / KI 75,103.0,75.0,115.0,1.351000333451183,-0.02952776476748896,0.007994410080816408,-0.007319753027555276,-0.006854197986494448
parachute,Parachute,1,KO103_KI75,KO 103 / KI 75,103.0,75.0,117.5,1.2965962251679295,-0.015542683674978021,0.004269328015075688,-0.0003447215064815712,-0.0028146270552031893
parachute,Parachute,1,KO103_KI75,KO 103 / KI 75,103.0,75.0,120.0,1.2689544422555166,-0.007417963170746611,0.00236505849342107,0.0013782990853310473,-0.0010601932594056507
standard_dki,Standard DKI,1,KO103_KI75,KO 103 / KI 75,103.0,75.0,60.0,-39.72917660010976,0.9757778287657833,-0.007162153119348129,0.010366984575711058,-0.6332769454886034
standard_dki,Standard DKI,1,KO103_KI75,KO 103 / KI 75,103.0,75.0,62.5,-37.28311640386216,0.9795746321166234,0.009220551602484193,0.016415779046887735,-0.6607609838418682
standard_dki,Standard DKI,1,KO103_KI75,KO 103 / KI 75,103.0,75.0,65.0,-34.826844541312006,0.9852602498603656,0.027615331088564156,0.015837860830600903,-0.6880101464496136
standard_dki,Standard DKI,1,KO103_KI75,KO 103 / KI 75,103.0,75.0,67.5,-32.3602878897743,0.9860306836851809,0.016914513187205944,0.01586968978868697,-0.7143579244434761
standard_dki,Standard DKI,1,KO103_KI75,KO 103 / KI 75,103.0,75.0,70.0,-29.8819574522954,0.9875842272433794,-0.023621981348463685,0.01095167551189391,-0.7391071790941339
standard_dki,Standard DKI,1,KO103_KI75,KO 103 / KI 75,103.0,75.0,72.5,-27.399352482054738,0.9937140057814692,-0.056406232306958445,0.013477725025463627,-0.7607584195909567
standard_dki,Standard DKI,1,KO103_KI75,KO 103 / KI 75,103.0,75.0,75.0,-24.920999620133383,1.2459750181242792,1.4209639198353063,-0.002847368248641402,-0.7778345311354684
standard_dki,Standard DKI,1,KO103_KI75,KO 103 / KI 75,103.0,75.0,77.5,-21.183287867863893,1.4808401144045773,-0.046994736287457,-0.18823564546766036,-0.8269543313225824
standard_dki,Standard DKI,1,KO103_KI75,KO 103 / KI 75,103.0,75.0,80.0,-17.549813565486744,1.4200229700363165,-0.03259874506797988,-0.3788170034213856,-0.8500714155672995
standard_dki,Standard DKI,1,KO103_KI75,KO 103 / KI 75,103.0,75.0,82.5,-14.111937347805686,1.3244781810545876,-0.021436657789298368,-0.5406099020816804,-0.8464055952636329
standard_dki,Standard DKI,1,KO103_KI75,KO 103 / KI 75,103.0,75.0,85.0,-10.948757851330017,1.2069652122745111,-0.028502901261362113,-0.6718771412891247,-0.8175556866955702
standard_dki,Standard DKI,1,KO103_KI75,KO 103 / KI 75,103.0,75.0,87.5,-8.113649185493243,1.0630012786318315,-0.0961542962184801,-0.7720350706929171,-0.7665738814715439
standard_dki,Standard DKI,1,KO103_KI75,KO 103 / KI 75,103.0,75.0,90.0,-5.661501317566522,0.9021513032456467,-0.08610287291148298,-0.8193205723915469,-0.6960936542664165
standard_dki,Standard DKI,1,KO103_KI75,KO 103 / KI 75,103.0,75.0,92.5,-3.61495165705561,0.7372128356673343,-0.065927339155906,-0.8198897994874748,-0.6105909057022796
standard_dki,Standard DKI,1,KO103_KI75,KO 103 / KI 75,103.0,75.0,95.0,-1.9806783541427613,0.571413508400138,-0.06358795861369959,-0.7755109185535016,-0.5145315428712438
standard_dki,Standard DKI,1,KO103_KI75,KO 103 / KI 75,103.0,75.0,97.5,-0.7485802673823961,0.4155282711118929,-0.05810470199403389,-0.6903051137535859,-0.41338970827596855
standard_dki,Standard DKI,1,KO103_KI75,KO 103 / KI 75,103.0,75.0,100.0,0.1160597763503025,0.2794400240713997,-0.0495521053341863,-0.5740937291717186,-0.31394819169117544
standard_dki,Standard DKI,1,KO103_KI75,KO 103 / KI 75,103.0,75.0,102.5,0.672243541634174,0.1720331519486206,-0.0428141054227909,-0.44151975959571,-0.2234714430310647
standard_dki,Standard DKI,1,KO103_KI75,KO 103 / KI 75,103.0,75.0,103.0,0.7530256312187681,0.15217257996692857,-0.03675668363969861,-0.41468372010853843,-0.20726255963018358
standard_dki,Standard DKI,1,KO103_KI75,KO 103 / KI 75,103.0,75.0,105.0,0.9944032384111013,0.09210711559444006,-0.039252065209878464,-0.3136248228610524,-0.14795612158339244
standard_dki,Standard DKI,1,KO103_KI75,KO 103 / KI 75,103.0,75.0,107.5,1.1566392566554593,0.04380196956124468,-0.016899846558348766,-0.20510310859599246,-0.09087230212070363
standard_dki,Standard DKI,1,KO103_KI75,KO 103 / KI 75,103.0,75.0,110.0,1.2263646546541962,0.01679971873363086,-0.0015305385264805255,-0.12148101710424264,-0.05150646860638819
standard_dki,Standard DKI,1,KO103_KI75,KO 103 / KI 75,103.0,75.0,112.5,1.2500319951511194,0.0036846141419175638,-0.0003862479113144622,-0.06581116613230775,-0.026913325416955125
standard_dki,Standard DKI,1,KO103_KI75,KO 103 / KI 75,103.0,75.0,115.0,1.25489055762703,6.0293830496250174e-05,-0.00352744398311173,-0.03333005940060563,-0.012916459256229196
standard_dki,Standard DKI,1,KO103_KI75,KO 103 / KI 75,103.0,75.0,117.5,1.252921572154001,-0.0007252409305592401,0.000550815697743304,-0.01522440680320103,-0.005766280635799426
standard_dki,Standard DKI,1,KO103_KI75,KO 103 / KI 75,103.0,75.0,120.0,1.250731475748139,-0.0008793534188961116,0.0005406699437265288,-0.006275582342764041,-0.002371408233692307
stepdown,Step-down,1,KO103_KI75,KO 103 / KI 75,103.0,75.0,60.0,-39.62081072534907,0.9972819698261759,0.0117203217646041,0.03481674379044364,-0.6442082479921396
stepdown,Step-down,1,KO103_KI75,KO 103 / KI 75,103.0,75.0,62.5,-37.11725895530114,1.0085676990818115,-0.008916896076043486,0.04358178253875167,-0.675927353378114
stepdown,Step-down,1,KO103_KI75,KO 103 / KI 75,103.0,75.0,65.0,-34.58827814195562,1.0174674695467882,-0.025709833348910843,0.04847685124099854,-0.7076093944590411
stepdown,Step-down,1,KO103_KI75,KO 103 / KI 75,103.0,75.0,67.5,-32.03217266254999,1.0307944949634398,-0.014533046039226116,0.05117342893051102,-0.7383385791065677
stepdown,Step-down,1,KO103_KI75,KO 103 / KI 75,103.0,75.0,70.0,-29.454261088488835,1.0392097568389957,0.021790210155823116,0.05192968894913719,-0.7665369746167272
stepdown,Step-down,1,KO103_KI75,KO 103 / KI 75,103.0,75.0,72.5,-26.856491435620335,1.0420480682031958,0.04353835989703656,0.04746789364014958,-0.7908734150099406
stepdown,Step-down,1,KO103_KI75,KO 103 / KI 75,103.0,75.0,75.0,-24.248819576449105,1.2413526498084337,1.0226825962171107,0.025952929558478388,-0.8094759641764426
stepdown,Step-down,1,KO103_KI75,KO 103 / KI 75,103.0,75.0,77.5,-20.664509748253042,1.4222589260244116,0.03335297655218022,-0.1430930330289506,-0.8458825231681288
stepdown,Step-down,1,KO103_KI75,KO 103 / KI 75,103.0,75.0,80.0,-17.168091676231636,1.3654121975075117,-0.08107286004710444,-0.3210065393748849,-0.8586238627131593
stepdown,Step-down,1,KO103_KI75,KO 103 / KI 75,103.0,75.0,82.5,-13.864407806763936,1.2745981832589786,0.006100257318848471,-0.4690055994431148,-0.8462546997076714
stepdown,Step-down,1,KO103_KI75,KO 103 / KI 75,103.0,75.0,85.0,-10.815749549900081,1.1646789305001741,-0.02591622841423896,-0.5898527093616668,-0.8106725123608882
stepdown,Step-down,1,KO103_KI75,KO 103 / KI 75,103.0,75.0,87.5,-8.078826000614422,1.0261200597758955,-0.05478683195031185,-0.6801733020525251,-0.7543614367792273
stepdown,Step-down,1,KO103_KI75,KO 103 / KI 75,103.0,75.0,90.0,-5.702684358695071,0.8746065094978098,-0.05583387561764388,-0.7230809641582274,-0.6807684431027639
stepdown,Step-down,1,KO103_KI75,KO 103 / KI 75,103.0,75.0,92.5,-3.705969184246662,0.7185825882596906,-0.05818095520908505,-0.7263944464210699,-0.5937848455924488
stepdown,Step-down,1,KO103_KI75,KO 103 / KI 75,103.0,75.0,95.0,-2.099250328014634,0.5646840933385796,-0.06430986464314717,-0.6878537386700745,-0.4977623193211489
stepdown,Step-down,1,KO103_KI75,KO 103 / KI 75,103.0,75.0,97.5,-0.8745201334475313,0.4187211062296067,-0.04925752250599985,-0.6106691987149614,-0.3980046788432223
stepdown,Step-down,1,KO103_KI75,KO 103 / KI 75,103.0,75.0,100.0,-6.83963967878953e-05,0.2859973017722669,-0.03479681743465801,-0.5073269901693936,-0.30097974949939077
stepdown,Step-down,1,KO103_KI75,KO 103 / KI 75,103.0,75.0,102.5,0.5767604577901084,0.17733874508562905,-0.03355400480725939,-0.3915420727602865,-0.21351974639780558
stepdown,Step-down,1,KO103_KI75,KO 103 / KI 75,103.0,75.0,103.0,0.661350519824418,0.16136245833010435,-0.03288249939850729,-0.36738195896938325,-0.19802830129216353
stepdown,Step-down,1,KO103_KI75,KO 103 / KI 75,103.0,75.0,105.0,0.9230615221209613,0.10220788992360652,-0.039102711550039075,-0.278741128046081,-0.1411601137109031
stepdown,Step-down,1,KO103_KI75,KO 103 / KI 75,103.0,75.0,107.5,1.1089014996398423,0.05226068321863334,-0.01721599061847358,-0.1829056305390937,-0.08657466651824652
stepdown,Step-down,1,KO103_KI75,KO 103 / KI 75,103.0,75.0,110.0,1.1975101179664012,0.023168645803499845,-0.003369364640251225,-0.10893981397968489,-0.04902939219648683
stepdown,Step-down,1,KO103_KI75,KO 103 / KI 75,103.0,75.0,112.5,1.2340768206654122,0.007838114400093311,-0.001500763144209896,-0.059505276996207,-0.02561483324661218
stepdown,Step-down,1,KO103_KI75,KO 103 / KI 75,103.0,75.0,115.0,1.2467743185580475,0.0024180343937249427,-0.0037344181437392685,-0.030402566765707073,-0.012295608956147674
stepdown,Step-down,1,KO103_KI75,KO 103 / KI 75,103.0,75.0,117.5,1.249179449453434,0.00046497359443223367,0.00012354547315687457,-0.014006857645298076,-0.005493355835284319
stepdown,Step-down,1,KO103_KI75,KO 103 / KI 75,103.0,75.0,120.0,1.249133720778976,-0.0002932082219529268,0.00030355610932983644,-0.005852944732250176,-0.0022613880577448953
airbag,Airbag,2,KO103_KI75,KO 103 / KI 75,103.0,75.0,60.0,-23.682018051478483,0.5184213607882171,0.7504349086029866,0.22514722276415,-0.4758994474364897
airbag,Airbag,2,KO103_KI75,KO 103 / KI 75,103.0,75.0,62.5,-22.613158197926783,0.5533929114371346,0.6738901068940686,0.2760895333771529,-0.5409702186035759
airbag,Airbag,2,KO103_KI75,KO 103 / KI 75,103.0,75.0,65.0,-21.43456351154626,0.5878780150142513,0.6071557572499438,0.318645086515172,-0.610056356144284
airbag,Airbag,2,KO103_KI75,KO 103 / KI 75,103.0,75.0,67.5,-20.143600872252392,0.4536098874959504,0.5213586055382475,0.24674786380521851,-0.6798665120513192
airbag,Airbag,2,KO103_KI75,KO 103 / KI 75,103.0,75.0,70.0,-18.696644289870303,0.5069660400166143,-0.38661238288606403,0.31494651799851425,-0.7440931631329306
airbag,Airbag,2,KO103_KI75,KO 103 / KI 75,103.0,75.0,72.5,-17.211570666608978,0.6701197105816252,-0.31764171674797004,0.32437027821359266,-0.80420790572866
airbag,Airbag,2,KO103_KI75,KO 103 / KI 75,103.0,75.0,75.0,-15.682326134379066,0.6924362688463196,0.2973792752622633,0.2525678496303261,-0.8577894612944448
airbag,Airbag,2,KO103_KI75,KO 103 / KI 75,103.0,75.0,77.5,-13.772334362610485,0.7222077407809597,-0.17376380419270845,0.25586089860648364,-0.9037818663097497
airbag,Airbag,2,KO103_KI75,KO 103 / KI 75,103.0,75.0,80.0,-11.895880922930273,0.7886411004606741,0.13487725571567075,0.11043220159437439,-0.9361992004006225
airbag,Airbag,2,KO103_KI75,KO 103 / KI 75,103.0,75.0,82.5,-9.989731889936019,0.7248040731282358,-0.10571365716315143,0.10499851138022898,-0.942481328720568
airbag,Airbag,2,KO103_KI75,KO 103 / KI 75,103.0,75.0,85.0,-8.17315921641039,0.7309098398686023,0.046335560708517645,-0.043239001422104906,-0.9299381853747235
airbag,Airbag,2,KO103_KI75,KO 103 / KI 75,103.0,75.0,87.5,-6.4239217280894625,0.626029321012113,-0.32614166731019506,-0.0422695102098789,-0.8923401637383144
airbag,Airbag,2,KO103_KI75,KO 103 / KI 75,103.0,75.0,90.0,-4.856816578534696,0.5885688813077827,0.08056016586126946,0.007452984876699098,-0.8352779638389762
airbag,Airbag,2,KO103_KI75,KO 103 / KI 75,103.0,75.0,92.5,-3.387640747380392,0.5629827773393147,-0.1025496454108443,-0.05385117394531935,-0.7526727014984136
airbag,Airbag,2,KO103_KI75,KO 103 / KI 75,103.0,75.0,95.0,-2.133382056351696,0.4459357264453471,-0.09895129175761688,-0.10265744385778985,-0.6532308444176405
airbag,Airbag,2,KO103_KI75,KO 103 / KI 75,103.0,75.0,97.5,-1.1071103607154136,0.3616956396698291,0.011721721389140873,-0.12588524942507817,-0.5398091858717313
airbag,Airbag,2,KO103_KI75,KO 103 / KI 75,103.0,75.0,100.0,-0.29205079485664714,0.2843039143167869,-0.03525488383902209,-0.1333914432360649,-0.42106381004280435
airbag,Airbag,2,KO103_KI75,KO 103 / KI 75,103.0,75.0,102.5,0.3026734328135241,0.1992255260277861,-0.01179925647704109,-0.12063398216365387,-0.3079979825559076
airbag,Airbag,2,KO103_KI75,KO 103 / KI 75,103.0,75.0,103.0,0.4011380908397381,0.18182271694423302,-0.05872232344879262,-0.11681156945132765,-0.28647565585970813
airbag,Airbag,2,KO103_KI75,KO 103 / KI 75,103.0,75.0,105.0,0.7071225077564831,0.1286989625317652,-0.03553166154063181,-0.09860432452702983,-0.20894484387570245
airbag,Airbag,2,KO103_KI75,KO 103 / KI 75,103.0,75.0,107.5,0.9595426793221514,0.07786841982642453,-0.02170419985314476,-0.07081543138083612,-0.13114695811636823
airbag,Airbag,2,KO103_KI75,KO 103 / KI 75,103.0,75.0,110.0,1.104456896566364,0.04317631990882521,-0.002536780217053864,-0.0470301719570021,-0.07610357958045544
airbag,Airbag,2,KO103_KI75,KO 103 / KI 75,103.0,75.0,112.5,1.1827384101735205,0.022198557160331193,-0.0037787542456494856,-0.029339347885109834,-0.04068587270871227
airbag,Airbag,2,KO103_KI75,KO 103 / KI 75,103.0,75.0,115.0,1.2203812556537468,0.010484979790576377,-0.0039637366436159035,-0.016350060583713022,-0.0200379156313657
airbag,Airbag,2,KO103_KI75,KO 103 / KI 75,103.0,75.0,117.5,1.2371602021507009,0.004561734316458367,-0.0025643522332311746,-0.008330644949194888,-0.009103954563882688
airbag,Airbag,2,KO103_KI75,KO 103 / KI 75,103.0,75.0,120.0,1.2440196251032125,0.0018323396265170397,-0.0012903614946719385,-0.003888968910316093,-0.003829188155490826
european_ki,European KI,2,KO103_KI75,KO 103 / KI 75,103.0,75.0,60.0,-34.96110695778291,1.2582334662574013,-0.025303913006208885,0.07143257669789449,-1.506789051261137
european_ki,European KI,2,KO103_KI75,KO 103 / KI 75,103.0,75.0,62.5,-31.803190848116873,1.2604462046411187,-0.03205998021294363,0.01832840472981445,-1.5726462582712486
european_ki,European KI,2,KO103_KI75,KO 103 / KI 75,103.0,75.0,65.0,-28.64964239120037,1.2515675422460395,-0.031530421822400276,-0.045036438560291714,-1.6244704113535846
european_ki,European KI,2,KO103_KI75,KO 103 / KI 75,103.0,75.0,67.5,-25.527508120208378,1.2450956338162726,-0.04778713158721349,-0.12688168888366747,-1.659987622100445
european_ki,European KI,2,KO103_KI75,KO 103 / KI 75,103.0,75.0,70.0,-22.472005030443558,1.2167924459450317,0.0348577669213028,-0.18802966369777252,-1.6775374748480232
european_ki,European KI,2,KO103_KI75,KO 103 / KI 75,103.0,75.0,72.5,-19.500905507063635,1.1573344116248234,0.03423544205656629,-0.2650396731904934,-1.6763236578878349
european_ki,European KI,2,KO103_KI75,KO 103 / KI 75,103.0,75.0,75.0,-16.63764932737334,1.115286791623627,-0.03145558816625756,-0.36086865534163337,-1.6552029445314531
european_ki,European KI,2,KO103_KI75,KO 103 / KI 75,103.0,75.0,77.5,-13.934473375796504,1.0646226985235876,0.03134265680013267,-0.41081746953894793,-1.6147286276959605
european_ki,European KI,2,KO103_KI75,KO 103 / KI 75,103.0,75.0,80.0,-11.38070507116453,0.9687336056786844,-0.09139691578796681,-0.4962206274713097,-1.5529452553499468
european_ki,European KI,2,KO103_KI75,KO 103 / KI 75,103.0,75.0,82.5,-9.036746487580125,0.9124633650234221,0.024154323001467484,-0.5242644018523173,-1.4747056448262796
european_ki,European KI,2,KO103_KI75,KO 103 / KI 75,103.0,75.0,85.0,-6.8841444039124395,0.8000954686724568,-0.10443966589840467,-0.5878006127124662,-1.3745445792424427
european_ki,European KI,2,KO103_KI75,KO 103 / KI 75,103.0,75.0,87.5,-4.981969699748643,0.7457806561474831,0.16728130536771646,-0.5885942576653633,-1.2624292253506475
european_ki,European KI,2,KO103_KI75,KO 103 / KI 75,103.0,75.0,90.0,-3.2880014922433802,0.6576630949367206,-0.2772803756399181,-0.62717511251331,-1.12808660631587
european_ki,European KI,2,KO103_KI75,KO 103 / KI 75,103.0,75.0,92.5,-1.9357690917666435,0.4635217962578501,0.15958933953084944,-0.5589512222230753,-0.9856898404384085
european_ki,European KI,2,KO103_KI75,KO 103 / KI 75,103.0,75.0,95.0,-0.8146350676244052,0.42366681773296083,0.07651146407112662,-0.5241433793645363,-0.8302750078927668
european_ki,European KI,2,KO103_KI75,KO 103 / KI 75,103.0,75.0,97.5,0.051649855142684054,0.309110027612714,-0.1452444272905236,-0.4873802362672338,-0.6659953346329517
european_ki,European KI,2,KO103_KI75,KO 103 / KI 75,103.0,75.0,100.0,0.6300290030154226,0.16321871006886934,-0.13254927663291127,-0.4032161238005459,-0.5081196380835151
european_ki,European KI,2,KO103_KI75,KO 103 / KI 75,103.0,75.0,102.5,0.9675511352504647,0.09060408583654117,0.06306925193277377,-0.2919751388515822,-0.3665260891980826
european_ki,European KI,2,KO103_KI75,KO 103 / KI 75,103.0,75.0,103.0,1.021246808968705,0.09446771904140755,-0.0502193424905511,-0.27389555849304836,-0.33962634023316784
european_ki,European KI,2,KO103_KI75,KO 103 / KI 75,103.0,75.0,105.0,1.1631815952880995,0.040294730873751336,0.0217545063470018,-0.20597779367829827,-0.24455389878419442
european_ki,European KI,2,KO103_KI75,KO 103 / KI 75,103.0,75.0,107.5,1.2481514625877785,0.026645090612386974,0.01264808898060456,-0.13156221066188167,-0.15126315612565833
european_ki,European KI,2,KO103_KI75,KO 103 / KI 75,103.0,75.0,110.0,1.2729940661760415,0.007736820902185828,0.014308955978872804,-0.07727436056122805,-0.08663341964216809
european_ki,European KI,2,KO103_KI75,KO 103 / KI 75,103.0,75.0,112.5,1.2757933740049945,0.00012726093041908685,-0.012144584438803778,-0.04465431395913089,-0.04547364036289192
european_ki,European KI,2,KO103_KI75,KO 103 / KI 75,103.0,75.0,115.0,1.2664232527599897,-0.0018498808425221574,-0.006508493856252811,-0.021877887506470017,-0.02213241812281108
european_ki,European KI,2,KO103_KI75,KO 103 / KI 75,103.0,75.0,117.5,1.258166952611627,-0.001691497941396839,-0.00296414255200884,-0.00972723466728187,-0.009942773792182003
european_ki,European KI,2,KO103_KI75,KO 103 / KI 75,103.0,75.0,120.0,1.2528899650198733,-0.001058714862342917,-0.0012027455888321795,-0.003924162707771517,-0.004137023894745795
parachute,Parachute,2,KO103_KI75,KO 103 / KI 75,103.0,75.0,60.0,-33.04195081119883,1.3711675579783271,0.05114806506606821,0.047672476082290416,-1.7112770287390333
parachute,Parachute,2,KO103_KI75,KO 103 / KI 75,103.0,75.0,62.5,-29.639297400122548,1.3684799008218818,0.055809402388149465,-0.036782077905705535,-1.781750257044834
parachute,Parachute,2,KO103_KI75,KO 103 / KI 75,103.0,75.0,65.0,-26.264601468251026,1.3506166793548473,0.06434150023256092,-0.13390118296289444,-1.832770948846374
parachute,Parachute,2,KO103_KI75,KO 103 / KI 75,103.0,75.0,67.5,-22.955281107252585,1.2934251110714685,0.05417523463392145,-0.24101009252127525,-1.8620111360053926
parachute,Parachute,2,KO103_KI75,KO 103 / KI 75,103.0,75.0,70.0,-19.74030361203594,1.2436713071656869,-0.09775513955523656,-0.3587358298723977,-1.8692399602482368
parachute,Parachute,2,KO103_KI75,KO 103 / KI 75,103.0,75.0,72.5,-16.672622143091534,1.2089701070513423,-0.1049443511209597,-0.46765467252044957,-1.8521480247912336
parachute,Parachute,2,KO103_KI75,KO 103 / KI 75,103.0,75.0,75.0,-13.788260472512063,1.1394423453566418,0.05903655488297469,-0.5575593167109911,-1.8102879524928284
parachute,Parachute,2,KO103_KI75,KO 103 / KI 75,103.0,75.0,77.5,-10.981391882424555,1.0568267447231547,-0.1319721879627564,-0.6650100172715714,-1.7547507203255819
parachute,Parachute,2,KO103_KI75,KO 103 / KI 75,103.0,75.0,80.0,-8.429580692866693,0.9952250235424986,0.05303036643270475,-0.7265790072869684,-1.6727704908980456
parachute,Parachute,2,KO103_KI75,KO 103 / KI 75,103.0,75.0,82.5,-6.1011970043814765,0.8517962572430007,-0.14227890850040334,-0.8044812619057131,-1.5747190514938225
parachute,Parachute,2,KO103_KI75,KO 103 / KI 75,103.0,75.0,85.0,-4.077887425371695,0.7798593482231339,0.03683540939699032,-0.8229977892774123,-1.4522605796702948
parachute,Parachute,2,KO103_KI75,KO 103 / KI 75,103.0,75.0,87.5,-2.3085283788651676,0.6848808764380101,-0.08516534698801757,-0.86355430477315,-1.3201178485234166
parachute,Parachute,2,KO103_KI75,KO 103 / KI 75,103.0,75.0,90.0,-0.8487963322957571,0.5584247893619313,-0.28562176868724537,-0.8676763907765627,-1.1658840856725639
parachute,Parachute,2,KO103_KI75,KO 103 / KI 75,103.0,75.0,92.5,0.2374626151176897,0.35093799623334143,0.14482112111304457,-0.7616460606244402,-1.0071834392983563
parachute,Parachute,2,KO103_KI75,KO 103 / KI 75,103.0,75.0,95.0,1.0499381086176727,0.2883467744448479,0.048714909816875075,-0.6972116060277197,-0.8382603275689515
parachute,Parachute,2,KO103_KI75,KO 103 / KI 75,103.0,75.0,97.5,1.5737590577026677,0.16600721755926734,-0.12361700867336439,-0.6314842666608712,-0.6640641698242966
parachute,Parachute,2,KO103_KI75,KO 103 / KI 75,103.0,75.0,100.0,1.8087130592716825,0.03329472069843509,-0.1087402821343888,-0.5069392227116212,-0.5003789522675328
parachute,Parachute,2,KO103_KI75,KO 103 / KI 75,103.0,75.0,102.5,1.828171029051786,-0.02700464423253232,0.04757802854880644,-0.35365837869517036,-0.3566024596927564
parachute,Parachute,2,KO103_KI75,KO 103 / KI 75,103.0,75.0,103.0,1.8209847082990824,-0.023356484689447957,-0.03488463020495223,-0.3288099532037325,-0.32953030462679056
parachute,Parachute,2,KO103_KI75,KO 103 / KI 75,103.0,75.0,105.0,1.744915209874461,-0.05635221024713413,0.024285672516532665,-0.23735267362758883,-0.23491161427211527
parachute,Parachute,2,KO103_KI75,KO 103 / KI 75,103.0,75.0,107.5,1.612443946860172,-0.04873742605135388,0.02206628316545191,-0.14282482901495452,-0.14344729514927934
parachute,Parachute,2,KO103_KI75,KO 103 / KI 75,103.0,75.0,110.0,1.4841175846487635,-0.04236765716921008,0.016847259389753382,-0.07697971593113606,-0.08111224977196407
parachute,Parachute,2,KO103_KI75,KO 103 / KI 75,103.0,75.0,112.5,1.388244981054558,-0.03019516136541236,-0.010026267559993935,-0.03945941564657596,-0.04199869252896615
parachute,Parachute,2,KO103_KI75,KO 103 / KI 75,103.0,75.0,115.0,1.3218240550937668,-0.018462255713311546,-0.0036699132538590834,-0.016444616403423096,-0.020168586116686704
parachute,Parachute,2,KO103_KI75,KO 103 / KI 75,103.0,75.0,117.5,1.2833593267835903,-0.009987437940124213,-0.0008143160532963855,-0.005653131424712576,-0.008937429849975587
parachute,Parachute,2,KO103_KI75,KO 103 / KI 75,103.0,75.0,120.0,1.2634997359432174,-0.004849617348375117,-1.4088456823380113e-05,-0.0014118673098477696,-0.0036673810321463662
standard_dki,Standard DKI,2,KO103_KI75,KO 103 / KI 75,103.0,75.0,60.0,-38.8606521697311,0.993485871852388,-0.15915539823233696,0.09575878116775982,-1.2374140883650853
standard_dki,Standard DKI,2,KO103_KI75,KO 103 / KI 75,103.0,75.0,62.5,-36.30528556407581,1.0000270406027654,-0.1822708167136443,0.10257719320951253,-1.2929201480446295
standard_dki,Standard DKI,2,KO103_KI75,KO 103 / KI 75,103.0,75.0,65.0,-33.72312744273356,1.00429492426398,-0.19315714912193754,0.1046349979915675,-1.343964745273496
standard_dki,Standard DKI,2,KO103_KI75,KO 103 / KI 75,103.0,75.0,67.5,-31.119216655624,1.0817318045263846,-0.21593007181258547,0.07849386002110492,-1.3883978054032298
standard_dki,Standard DKI,2,KO103_KI75,KO 103 / KI 75,103.0,75.0,70.0,-28.53393287302828,1.090030157091262,0.25159921789377426,0.11790707098641917,-1.4226278469855913
standard_dki,Standard DKI,2,KO103_KI75,KO 103 / KI 75,103.0,75.0,72.5,-25.92319341550962,0.9942645142303397,0.2608612227714977,0.10355942063419832,-1.447224431819194
standard_dki,Standard DKI,2,KO103_KI75,KO 103 / KI 75,103.0,75.0,75.0,-23.287198666866896,1.0855550387132904,0.2730067253635803,0.011312448374614092,-1.4594147174584293
standard_dki,Standard DKI,2,KO103_KI75,KO 103 / KI 75,103.0,75.0,77.5,-20.50946060226952,1.1712947495842645,0.27254455247819764,0.007466443892035102,-1.4660881688914884
standard_dki,Standard DKI,2,KO103_KI75,KO 103 / KI 75,103.0,75.0,80.0,-17.710082682138825,1.0320458388069698,-0.2850704091374778,-0.1463961029844043,-1.4522212073153185
standard_dki,Standard DKI,2,KO103_KI75,KO 103 / KI 75,103.0,75.0,82.5,-15.0912761419739,1.095010893926873,0.23929436089646033,-0.14411132814015382,-1.417218748442295
standard_dki,Standard DKI,2,KO103_KI75,KO 103 / KI 75,103.0,75.0,85.0,-12.51037293664768,0.9325949799705711,-0.27875644347832046,-0.29231002469271417,-1.3565043455505688
standard_dki,Standard DKI,2,KO103_KI75,KO 103 / KI 75,103.0,75.0,87.5,-10.174243190373463,0.9095555528656121,0.38910382573908,-0.2695520167840435,-1.2771779287920282
standard_dki,Standard DKI,2,KO103_KI75,KO 103 / KI 75,103.0,75.0,90.0,-7.939708065767331,0.8605071595628426,-0.15193524567556263,-0.35029769965012214,-1.1691511889348583
standard_dki,Standard DKI,2,KO103_KI75,KO 103 / KI 75,103.0,75.0,92.5,-5.9763119816619525,0.7272399450529883,0.07937030823445967,-0.37133545907495247,-1.0439698481654602
standard_dki,Standard DKI,2,KO103_KI75,KO 103 / KI 75,103.0,75.0,95.0,-4.2236406393876,0.6714687284336629,0.03638312253184463,-0.37657330006010703,-0.8984417575126358
standard_dki,Standard DKI,2,KO103_KI75,KO 103 / KI 75,103.0,75.0,97.5,-2.7106791846481864,0.5642969308766815,-0.1152093333592297,-0.3531691505350816,-0.7364038609153578
standard_dki,Standard DKI,2,KO103_KI75,KO 103 / KI 75,103.0,75.0,100.0,-1.486819505051735,0.41650860764885733,-0.13038407381818118,-0.3183295064570848,-0.5732549066718384
standard_dki,Standard DKI,2,KO103_KI75,KO 103 / KI 75,103.0,75.0,102.5,-0.5564111328089777,0.3129964660930802,0.052068805652420336,-0.2671681213890459,-0.4210009381140023
standard_dki,Standard DKI,2,KO103_KI75,KO 103 / KI 75,103.0,75.0,103.0,-0.3927449496689812,0.30663392727539934,-0.08047523519346639,-0.2556797158127644,-0.39171460819121817
standard_dki,Standard DKI,2,KO103_KI75,KO 103 / KI 75,103.0,75.0,105.0,0.13950038701820885,0.21922471077282948,-0.009350295771931041,-0.20944713010936702,-0.2862991933013398
standard_dki,Standard DKI,2,KO103_KI75,KO 103 / KI 75,103.0,75.0,107.5,0.610122269859894,0.1564125127654581,-0.017033857296472374,-0.14965338374615472,-0.1803903202851176
standard_dki,Standard DKI,2,KO103_KI75,KO 103 / KI 75,103.0,75.0,110.0,0.9045385574100462,0.09380888933671222,0.0030720003180663407,-0.10052082502066328,-0.10518234545221494
standard_dki,Standard DKI,2,KO103_KI75,KO 103 / KI 75,103.0,75.0,112.5,1.0788584434545967,0.052163174551120996,-0.011393285208621392,-0.06515306966768386,-0.05631794182641148
standard_dki,Standard DKI,2,KO103_KI75,KO 103 / KI 75,103.0,75.0,115.0,1.169613403906249,0.026637801671898314,-0.00935272180770332,-0.037283570562167245,-0.027903149142161077
standard_dki,Standard DKI,2,KO103_KI75,KO 103 / KI 75,103.0,75.0,117.5,1.2142214942136853,0.012528587813150844,-0.005782238752412482,-0.01968386185611304,-0.012758190730388641
standard_dki,Standard DKI,2,KO103_KI75,KO 103 / KI 75,103.0,75.0,120.0,1.234408255703,0.005437629540825384,-0.002891699900066226,-0.009580185063701396,-0.005401605664756559
stepdown,Step-down,2,KO103_KI75,KO 103 / KI 75,103.0,75.0,60.0,-37.45631280352858,1.1447354226693682,0.06987568433416413,0.18785240269787096,-1.3608757679691053
stepdown,Step-down,2,KO103_KI75,KO 103 / KI 75,103.0,75.0,62.5,-34.6010401386947,1.1628959909179457,0.07757040225813398,0.18404036257057754,-1.4257706249324542
stepdown,Step-down,2,KO103_KI75,KO 103 / KI 75,103.0,75.0,65.0,-31.711380456269794,1.1740959513278262,0.09543675425404818,0.16952448137228515,-1.4812703006629846
stepdown,Step-down,2,KO103_KI75,KO 103 / KI 75,103.0,75.0,67.5,-28.804799387792976,1.1490483444978585,0.08285490832810735,0.14791895479957873,-1.5243841360465638
stepdown,Step-down,2,KO103_KI75,KO 103 / KI 75,103.0,75.0,70.0,-25.89461177474833,1.1414438742567359,-0.08965765832172967,0.09526914579831924,-1.553205523675416
stepdown,Step-down,2,KO103_KI75,KO 103 / KI 75,103.0,75.0,72.5,-23.02576253999029,1.1517224775930548,-0.08923768177694398,0.04841112551720883,-1.5640681720661576
stepdown,Step-down,2,KO103_KI75,KO 103 / KI 75,103.0,75.0,75.0,-20.22685423656748,1.1373929827053313,0.1434210409067368,0.012122288204171383,-1.555545466113628
stepdown,Step-down,2,KO103_KI75,KO 103 / KI 75,103.0,75.0,77.5,-17.34843583941736,1.1119369038117237,-0.0888518438321334,-0.07400712241109986,-1.5328226946998313
stepdown,Step-down,2,KO103_KI75,KO 103 / KI 75,103.0,75.0,80.0,-14.610522249171874,1.083324810328321,0.03847325961419123,-0.12677692534205498,-1.486687501107653
stepdown,Step-down,2,KO103_KI75,KO 103 / KI 75,103.0,75.0,82.5,-12.004736004403197,0.998687021418011,-0.05312296881073902,-0.20842691260905966,-1.4192142684647635
stepdown,Step-down,2,KO103_KI75,KO 103 / KI 75,103.0,75.0,85.0,-9.596154350372425,0.9231247875084826,-0.03670062897025835,-0.2591072402884276,-1.3300319793664528
stepdown,Step-down,2,KO103_KI75,KO 103 / KI 75,103.0,75.0,87.5,-7.393538703927481,0.8370736774163287,-0.035872895056154076,-0.3060404247820685,-1.2211710564431044
stepdown,Step-down,2,KO103_KI75,KO 103 / KI 75,103.0,75.0,90.0,-5.4282400285381005,0.7337284969282563,-0.02838750610863794,-0.3394812284261297,-1.0951303969655157
stepdown,Step-down,2,KO103_KI75,KO 103 / KI 75,103.0,75.0,92.5,-3.719207103893038,0.6371508177264074,-0.03971389795908723,-0.35469557186284817,-0.9549385996370674
stepdown,Step-down,2,KO103_KI75,KO 103 / KI 75,103.0,75.0,95.0,-2.2837140563431872,0.5151610137379685,-0.0938117490964558,-0.3494706914300698,-0.8039393033658637
stepdown,Step-down,2,KO103_KI75,KO 103 / KI 75,103.0,75.0,97.5,-1.1417687099692095,0.39567244962959297,-0.037861344197507245,-0.3217548933772445,-0.6463393587625932
stepdown,Step-down,2,KO103_KI75,KO 103 / KI 75,103.0,75.0,100.0,-0.2744880168498523,0.29216248130701,-0.03189161008643304,-0.28067740413580816,-0.4923217848366579
stepdown,Step-down,2,KO103_KI75,KO 103 / KI 75,103.0,75.0,102.5,0.34080779429333957,0.20212038576011257,-0.022009234139813816,-0.22649509886421165,-0.35221397186133707
stepdown,Step-down,2,KO103_KI75,KO 103 / KI 75,103.0,75.0,103.0,0.43940416714764996,0.18268981138796023,-0.058667012333047074,-0.21632127014640734,-0.32847040860517485
stepdown,Step-down,2,KO103_KI75,KO 103 / KI 75,103.0,75.0,105.0,0.7450782831843105,0.1267583469039547,-0.037307670024005646,-0.16984089731890506,-0.23679330203368876
stepdown,Step-down,2,KO103_KI75,KO 103 / KI 75,103.0,75.0,107.5,0.9895355693648523,0.07380388739730726,-0.02278256405852775,-0.11435859247864033,-0.14679231318800445
stepdown,Step-down,2,KO103_KI75,KO 103 / KI 75,103.0,75.0,110.0,1.1245168457325934,0.039283115030090354,-0.002851423689414815,-0.07173615705184178,-0.08432715698718507
stepdown,Step-down,2,KO103_KI75,KO 103 / KI 75,103.0,75.0,112.5,1.194463380900463,0.019353798161568275,-0.0033814392312921074,-0.04214292575788603,-0.04454465273959762
stepdown,Step-down,2,KO103_KI75,KO 103 / KI 75,103.0,75.0,115.0,1.2265723979464322,0.008738346545257243,-0.003577740063990364,-0.02248566672515695,-0.021773348676035198
stepdown,Step-down,2,KO103_KI75,KO 103 / KI 75,103.0,75.0,117.5,1.2401240056926948,0.0036203533419755544,-0.002281993502801951,-0.011033117860127284,-0.00982824080490996
stepdown,Step-down,2,KO103_KI75,KO 103 / KI 75,103.0,75.0,120.0,1.2453175897729778,0.001378370053054153,-0.0011313132441329958,-0.004985103751792064,-0.004110488538899837
airbag,Airbag,3,KO103_KI75,KO 103 / KI 75,103.0,75.0,60.0,-21.230209856625752,0.7081538255840947,-1.0678731974008728,0.4823295406604764,-0.9068897474435289
airbag,Airbag,3,KO103_KI75,KO 103 / KI 75,103.0,75.0,62.5,-19.923142027078942,0.4141550846829773,1.051856194380962,0.6650485431066215,-0.9852324027107784
airbag,Airbag,3,KO103_KI75,KO 103 / KI 75,103.0,75.0,65.0,-18.332678011621542,0.768773549871108,-1.0002800815956918,0.5359429031489036,-1.0635965804119962
airbag,Airbag,3,KO103_KI75,KO 103 / KI 75,103.0,75.0,67.5,-16.77673186692871,0.4779141954707271,-0.9462346285440721,0.5814934462434067,-1.1322973961277683
airbag,Airbag,3,KO103_KI75,KO 103 / KI 75,103.0,75.0,70.0,-15.276331679734374,0.6519482142110558,0.031067141412140762,0.6756431982686646,-1.1905170891493455
airbag,Airbag,3,KO103_KI75,KO 103 / KI 75,103.0,75.0,72.5,-13.522287975620475,0.8101497512387112,-0.8270933894513811,0.5109708539368025,-1.2339282631625537
airbag,Airbag,3,KO103_KI75,KO 103 / KI 75,103.0,75.0,75.0,-11.864476308582967,0.685631246691616,0.1311862183537945,0.474634972856089,-1.2615833062829651
airbag,Airbag,3,KO103_KI75,KO 103 / KI 75,103.0,75.0,77.5,-10.102303696788463,0.5666104696611399,-0.6964952218615018,0.41757525401539475,-1.2770486951867
airbag,Airbag,3,KO103_KI75,KO 103 / KI 75,103.0,75.0,80.0,-8.476876585891379,0.555139138474785,0.6210211331609593,0.46463555226731046,-1.2744871227104326
airbag,Airbag,3,KO103_KI75,KO 103 / KI 75,103.0,75.0,82.5,-6.810265608453788,0.6499646997496605,-0.02326573832004672,0.38440774934747957,-1.2468998252528785
airbag,Airbag,3,KO103_KI75,KO 103 / KI 75,103.0,75.0,85.0,-5.236203434662252,0.6064333946532251,-0.031956848324098626,0.30252030420290765,-1.1958721356505997
airbag,Airbag,3,KO103_KI75,KO 103 / KI 75,103.0,75.0,87.5,-3.7847067568637,0.6540877632533473,0.44417807406423016,0.2230024984314385,-1.121919330381882
airbag,Airbag,3,KO103_KI75,KO 103 / KI 75,103.0,75.0,90.0,-2.485522132630924,0.5765300877679256,0.3779540363285504,0.066977035349566,-1.0269876792452504
airbag,Airbag,3,KO103_KI75,KO 103 / KI 75,103.0,75.0,92.5,-1.3642189258714197,0.4855513438835943,0.30180465394529316,0.009011455204975594,-0.9114637903757661
airbag,Airbag,3,KO103_KI75,KO 103 / KI 75,103.0,75.0,95.0,-0.4460102927186363,0.32151684921767654,-0.059783808902455375,-0.035455804898813226,-0.7790314470822179
airbag,Airbag,3,KO103_KI75,KO 103 / KI 75,103.0,75.0,97.5,0.25623453250190165,0.23597273965139895,-0.0869333181709327,-0.06255306830401822,-0.6354559569171414
airbag,Airbag,3,KO103_KI75,KO 103 / KI 75,103.0,75.0,100.0,0.7396328706323754,0.11282899273639313,0.13125996488587122,-0.06787876044714936,-0.48984764195840746
airbag,Airbag,3,KO103_KI75,KO 103 / KI 75,103.0,75.0,102.5,1.03822813348641,0.05914626266930209,0.1290352885618577,-0.0629804841202678,-0.3541420309178145
airbag,Airbag,3,KO103_KI75,KO 103 / KI 75,103.0,75.0,103.0,1.0846899930852258,0.07825029464010981,-0.05701055923193763,-0.0606498614758495,-0.3284076857904106
airbag,Airbag,3,KO103_KI75,KO 103 / KI 75,103.0,75.0,105.0,1.2214966646563077,0.015277359894699433,-0.08051974645956171,-0.06897935836466651,-0.23459058325849824
airbag,Airbag,3,KO103_KI75,KO 103 / KI 75,103.0,75.0,107.5,1.2820276977130198,0.011253510002624275,-0.015418746140936565,-0.04383448726028982,-0.14542982942402638
airbag,Airbag,3,KO103_KI75,KO 103 / KI 75,103.0,75.0,110.0,1.291300963497665,0.009957141879542894,-0.041906800331790645,-0.025157538669989377,-0.08379224957151266
airbag,Airbag,3,KO103_KI75,KO 103 / KI 75,103.0,75.0,112.5,1.2755026996381895,0.0013204282273338525,0.018361537874152362,-0.007904772119618153,-0.045176780243805226
airbag,Airbag,3,KO103_KI75,KO 103 / KI 75,103.0,75.0,115.0,1.2656180450712073,-0.003756008757424134,0.0008841050963192005,-0.0027069833447490588,-0.021591465381853858
airbag,Airbag,3,KO103_KI75,KO 103 / KI 75,103.0,75.0,117.5,1.2576402504252293,-0.004598923589134777,0.006594662631920477,0.0006392472127698667,-0.009984334340895629
airbag,Airbag,3,KO103_KI75,KO 103 / KI 75,103.0,75.0,120.0,1.2534385316974455,-0.0017418004847839323,0.0009412676749907966,-2.4977782138169147e-06,-0.0040677553979850956
european_ki,European KI,3,KO103_KI75,KO 103 / KI 75,103.0,75.0,60.0,-33.9411677945784,1.2134300731555452,-0.03173079926407733,0.09189443428975608,-2.124446697931859
european_ki,European KI,3,KO103_KI75,KO 103 / KI 75,103.0,75.0,62.5,-30.924375998894067,1.197154362631244,0.04083303363066079,0.03413359947844086,-2.1949427125903753
european_ki,European KI,3,KO103_KI75,KO 103 / KI 75,103.0,75.0,65.0,-27.91678002864813,1.2025993538717308,-0.07424603269355053,-0.006531121080154634,-2.24798496158094
european_ki,European KI,3,KO103_KI75,KO 103 / KI 75,103.0,75.0,67.5,-24.953794022989044,1.1637625110296628,-0.0855361992466179,-0.0862077402331316,-2.2806485685244127
european_ki,European KI,3,KO103_KI75,KO 103 / KI 75,103.0,75.0,70.0,-22.061476461944284,1.14486293178918,-0.008227467476903097,-0.14156171737031187,-2.2917810682574924
european_ki,European KI,3,KO103_KI75,KO 103 / KI 75,103.0,75.0,72.5,-19.233057386836045,1.1229272590017705,-0.0965487321160712,-0.19036820992182157,-2.2790958892027646
european_ki,European KI,3,KO103_KI75,KO 103 / KI 75,103.0,75.0,75.0,-16.518423939953376,1.0615649160613099,-0.030970145038963892,-0.25378465569334097,-2.243306159830283
european_ki,European KI,3,KO103_KI75,KO 103 / KI 75,103.0,75.0,77.5,-13.931991623589187,0.9872638579620668,-0.10727853708694074,-0.3142957000989419,-2.1819839191918433
european_ki,European KI,3,KO103_KI75,KO 103 / KI 75,103.0,75.0,80.0,-11.507674761634677,0.9261515655016384,0.07611161763256823,-0.3854652999680379,-2.0978897638407545
european_ki,European KI,3,KO103_KI75,KO 103 / KI 75,103.0,75.0,82.5,-9.236227556945192,0.8719919683514052,-0.05355669656546231,-0.4332053739589057,-1.989418241648444
european_ki,European KI,3,KO103_KI75,KO 103 / KI 75,103.0,75.0,85.0,-7.154824394691,0.7910571575258588,-0.05808256451096372,-0.4681280675871644,-1.8573427771785944
european_ki,European KI,3,KO103_KI75,KO 103 / KI 75,103.0,75.0,87.5,-5.2826623164301205,0.7153789561600884,0.015725258775862075,-0.4886208459563717,-1.7030394785757963
european_ki,European KI,3,KO103_KI75,KO 103 / KI 75,103.0,75.0,90.0,-3.6399861482695686,0.6249688163029152,0.029889380126401088,-0.5216663397205172,-1.5297273518858123
european_ki,European KI,3,KO103_KI75,KO 103 / KI 75,103.0,75.0,92.5,-2.2376800143328923,0.52254400177388,0.0175000609088923,-0.5097626398229522,-1.3366044430728863
european_ki,European KI,3,KO103_KI75,KO 103 / KI 75,103.0,75.0,95.0,-1.093070110482682,0.4019329689983396,-0.07229179981584467,-0.4777447076925556,-1.1284896528660937
european_ki,European KI,3,KO103_KI75,KO 103 / KI 75,103.0,75.0,97.5,-0.2099787115503694,0.30001020364592357,-0.10214726452421297,-0.4247458027141763,-0.9121277436137581
european_ki,European KI,3,KO103_KI75,KO 103 / KI 75,103.0,75.0,100.0,0.41467609092279284,0.19544965966800548,-0.0067897972077715085,-0.35007622557344836,-0.6987997060387829
european_ki,European KI,3,KO103_KI75,KO 103 / KI 75,103.0,75.0,102.5,0.8215063968904585,0.12035106594027781,0.03876236832531309,-0.27195552881827023,-0.5032627809379187
european_ki,European KI,3,KO103_KI75,KO 103 / KI 75,103.0,75.0,103.0,0.887076877629664,0.11345976439442036,-0.06870208123044368,-0.25562962928082045,-0.4663729496117708
european_ki,European KI,3,KO103_KI75,KO 103 / KI 75,103.0,75.0,105.0,1.0700404411922164,0.056752347224952725,-0.03231541905375828,-0.1811074260717589,-0.3345342966510234
european_ki,European KI,3,KO103_KI75,KO 103 / KI 75,103.0,75.0,107.5,1.1922036594021423,0.030956876376824104,-0.02192907069625829,-0.11719152731527882,-0.20734284195957908
european_ki,European KI,3,KO103_KI75,KO 103 / KI 75,103.0,75.0,110.0,1.2411042646009682,0.01721926147540843,-0.02434362974964769,-0.07101273596224722,-0.11958444989270678
european_ki,European KI,3,KO103_KI75,KO 103 / KI 75,103.0,75.0,112.5,1.2522804919661872,0.005313720139405318,0.010352377216608803,-0.040816012875274366,-0.06416152503843087
european_ki,European KI,3,KO103_KI75,KO 103 / KI 75,103.0,75.0,115.0,1.2547383010714033,-0.0002981899387306626,-0.0015849082767239332,-0.020407865799923375,-0.030732770130703635
european_ki,European KI,3,KO103_KI75,KO 103 / KI 75,103.0,75.0,117.5,1.252666371026478,-0.002181150086984791,0.00416322863277095,-0.007211206598086495,-0.014245528561551701
european_ki,European KI,3,KO103_KI75,KO 103 / KI 75,103.0,75.0,120.0,1.2511304191808856,-0.0008888496002629198,0.00034908068642801484,-0.003396573904520972,-0.005870989489320522
parachute,Parachute,3,KO103_KI75,KO 103 / KI 75,103.0,75.0,60.0,-30.67836352867206,1.3148761688103032,0.05072289315645801,-0.03630147292669861,-2.4599449099000026
parachute,Parachute,3,KO103_KI75,KO 103 / KI 75,103.0,75.0,62.5,-27.386256715620913,1.3104565498011482,-0.06140453500735021,-0.12594036646806828,-2.526914644780476
parachute,Parachute,3,KO103_KI75,KO 103 / KI 75,103.0,75.0,65.0,-24.16982376991593,1.2638558104536475,0.024591935521291373,-0.22719372674225013,-2.5675944567108644
parachute,Parachute,3,KO103_KI75,KO 103 / KI 75,103.0,75.0,67.5,-21.043921930944126,1.2339592841217792,0.01978264331886379,-0.31924871629751905,-2.5819878695376275
parachute,Parachute,3,KO103_KI75,KO 103 / KI 75,103.0,75.0,70.0,-18.036118238553573,1.172849999510984,-0.03584830692689161,-0.42295580370664254,-2.569983018116062
parachute,Parachute,3,KO103_KI75,KO 103 / KI 75,103.0,75.0,72.5,-15.187180401682117,1.1038660530761966,0.013200684049007014,-0.5229724772881923,-2.5278348505334947
parachute,Parachute,3,KO103_KI75,KO 103 / KI 75,103.0,75.0,75.0,-12.50464775391668,1.0527631751176376,0.03658833274989269,-0.6101278858472714,-2.460213033561054
parachute,Parachute,3,KO103_KI75,KO 103 / KI 75,103.0,75.0,77.5,-9.929953108908762,0.9899081317139884,0.005105513916450462,-0.6861154691850171,-2.3714031416426806
parachute,Parachute,3,KO103_KI75,KO 103 / KI 75,103.0,75.0,80.0,-7.565711776074563,0.9053018801350776,-0.03623355172688857,-0.7389816606878767,-2.2587084479999575
parachute,Parachute,3,KO103_KI75,KO 103 / KI 75,103.0,75.0,82.5,-5.43551108210546,0.8028044448241156,-0.07612399013829634,-0.7844070922335336,-2.120454996661625
parachute,Parachute,3,KO103_KI75,KO 103 / KI 75,103.0,75.0,85.0,-3.5583708503515594,0.6971327621447386,-0.07822931177735433,-0.8070247877155388,-1.9592859544996788
parachute,Parachute,3,KO103_KI75,KO 103 / KI 75,103.0,75.0,87.5,-1.9485945503567619,0.5710632533598317,-0.1223659977814531,-0.8064953861996353,-1.7777031513260155
parachute,Parachute,3,KO103_KI75,KO 103 / KI 75,103.0,75.0,90.0,-0.6119180256745023,0.4521963082083516,-0.14093168820978694,-0.840185813064581,-1.580022177068252
parachute,Parachute,3,KO103_KI75,KO 103 / KI 75,103.0,75.0,92.5,0.428704048232028,0.33452756417340945,-0.1395055206644984,-0.7904872346336936,-1.3658586608962187
parachute,Parachute,3,KO103_KI75,KO 103 / KI 75,103.0,75.0,95.0,1.173559914505547,0.2358386262567653,-0.08082756805632668,-0.7136119582261519,-1.140892447144748
parachute,Parachute,3,KO103_KI75,KO 103 / KI 75,103.0,75.0,97.5,1.633619667508748,0.12935141226055938,-0.10509463541326475,-0.6101862666884597,-0.9122909362850651
parachute,Parachute,3,KO103_KI75,KO 103 / KI 75,103.0,75.0,100.0,1.8354625831030886,0.054740012302616714,-0.09614884771696719,-0.4835063071494816,-0.6915776985133348
parachute,Parachute,3,KO103_KI75,KO 103 / KI 75,103.0,75.0,102.5,1.8506762647811599,-0.009571699691613247,-0.03193663935891776,-0.3569193702533515,-0.49286268352632945
parachute,Parachute,3,KO103_KI75,KO 103 / KI 75,103.0,75.0,103.0,1.8420716398076917,-0.02835911545448138,-0.04329556191339298,-0.33157629848759185,-0.45563653560283246
parachute,Parachute,3,KO103_KI75,KO 103 / KI 75,103.0,75.0,105.0,1.7526513387461469,-0.04838680546354131,0.009626467500120368,-0.21846387739102302,-0.32429668246911625
parachute,Parachute,3,KO103_KI75,KO 103 / KI 75,103.0,75.0,107.5,1.6179409433100256,-0.05497480958778192,0.0011598163686317871,-0.13070153546631857,-0.19884954234541397
parachute,Parachute,3,KO103_KI75,KO 103 / KI 75,103.0,75.0,110.0,1.4881724171409099,-0.04620383078643844,0.0014638303270071372,-0.06988864576747567,-0.11351006770614624
parachute,Parachute,3,KO103_KI75,KO 103 / KI 75,103.0,75.0,112.5,1.3866367648214108,-0.030516669562996885,0.006462472766082853,-0.036949972237150686,-0.06023960932601824
parachute,Parachute,3,KO103_KI75,KO 103 / KI 75,103.0,75.0,115.0,1.319509531329162,-0.02019043920667569,0.011914729092179397,-0.013833856797948796,-0.02853052680680257
parachute,Parachute,3,KO103_KI75,KO 103 / KI 75,103.0,75.0,117.5,1.2828581185963868,-0.012200003703811335,0.0038555449502975726,-0.0026925687785115393,-0.013096091748443506
parachute,Parachute,3,KO103_KI75,KO 103 / KI 75,103.0,75.0,120.0,1.2635925067896763,-0.005413205738219832,0.003414081191060397,-0.00026983655526513495,-0.005339683915361881
standard_dki,Standard DKI,3,KO103_KI75,KO 103 / KI 75,103.0,75.0,60.0,-37.28715679158747,1.0910329640859828,-0.13271982308711788,0.20651082916314323,-1.8678147310325244
standard_dki,Standard DKI,3,KO103_KI75,KO 103 / KI 75,103.0,75.0,62.5,-34.61034326409715,1.0547199551444237,0.1568364823596494,0.18263139336799128,-1.9395674145236796
standard_dki,Standard DKI,3,KO103_KI75,KO 103 / KI 75,103.0,75.0,65.0,-31.881885817769675,1.1131916941057687,-0.18536468059359504,0.19559503455725036,-2.0015692692208376
standard_dki,Standard DKI,3,KO103_KI75,KO 103 / KI 75,103.0,75.0,67.5,-29.16209377468012,1.0578484251809546,-0.20047469373405438,0.13047693659905946,-2.0482563251867703
standard_dki,Standard DKI,3,KO103_KI75,KO 103 / KI 75,103.0,75.0,70.0,-26.474835831572918,1.0797516239398621,0.014929331026144847,0.12319494400881581,-2.077660634726186
standard_dki,Standard DKI,3,KO103_KI75,KO 103 / KI 75,103.0,75.0,72.5,-23.763487470055008,1.1024510846311792,-0.21105667132153297,0.11806955208820824,-2.088446468980365
standard_dki,Standard DKI,3,KO103_KI75,KO 103 / KI 75,103.0,75.0,75.0,-21.122034431943085,1.0675335995036193,0.11557323590313394,0.07738005481554922,-2.0781582805270205
standard_dki,Standard DKI,3,KO103_KI75,KO 103 / KI 75,103.0,75.0,77.5,-18.43284213038429,1.0196460916336998,-0.2204397783349268,0.022852371461404175,-2.051303072363453
standard_dki,Standard DKI,3,KO103_KI75,KO 103 / KI 75,103.0,75.0,80.0,-15.86401542796383,0.9795437748170044,0.18687987022241168,-0.0680830551655589,-2.000346137916331
standard_dki,Standard DKI,3,KO103_KI75,KO 103 / KI 75,103.0,75.0,82.5,-13.374790290657751,0.9700433739045984,-0.03370027966945187,-0.1251689213088163,-1.923303385325248
standard_dki,Standard DKI,3,KO103_KI75,KO 103 / KI 75,103.0,75.0,85.0,-11.02157981948692,0.9101090388488816,-0.040659504756234914,-0.1772787666127318,-1.8195741487257777
standard_dki,Standard DKI,3,KO103_KI75,KO 103 / KI 75,103.0,75.0,87.5,-8.828772849629532,0.8822056062669706,0.15724094033627195,-0.2212845945847146,-1.6897256933241067
standard_dki,Standard DKI,3,KO103_KI75,KO 103 / KI 75,103.0,75.0,90.0,-6.829566133461397,0.8149183196658111,0.19631687140230128,-0.24915907619851296,-1.5363573044223422
standard_dki,Standard DKI,3,KO103_KI75,KO 103 / KI 75,103.0,75.0,92.5,-5.025030400430045,0.7243578537125654,0.16988571509875722,-0.2733727515797071,-1.3582304579725424
standard_dki,Standard DKI,3,KO103_KI75,KO 103 / KI 75,103.0,75.0,95.0,-3.44792000977821,0.5796142775804753,-0.06564305362766432,-0.28239463614758886,-1.1597904180253416
standard_dki,Standard DKI,3,KO103_KI75,KO 103 / KI 75,103.0,75.0,97.5,-2.115899479786913,0.4797513613144641,-0.10156204070669644,-0.27431726571920967,-0.9477729358871478
standard_dki,Standard DKI,3,KO103_KI75,KO 103 / KI 75,103.0,75.0,100.0,-1.0486335253556642,0.34361965075432055,0.07925743680263153,-0.24502843480460412,-0.7337626778673334
standard_dki,Standard DKI,3,KO103_KI75,KO 103 / KI 75,103.0,75.0,102.5,-0.23542311423015544,0.25580708838764527,0.10786914745477734,-0.20866301567632267,-0.533839996656893
standard_dki,Standard DKI,3,KO103_KI75,KO 103 / KI 75,103.0,75.0,103.0,-0.09310425756608247,0.259983688333097,-0.09582461080778347,-0.20002485355923777,-0.49584833902366343
standard_dki,Standard DKI,3,KO103_KI75,KO 103 / KI 75,103.0,75.0,105.0,0.37000232687210843,0.1655777624500866,-0.07341505449703516,-0.16280068883044477,-0.3582247627128332
standard_dki,Standard DKI,3,KO103_KI75,KO 103 / KI 75,103.0,75.0,107.5,0.7563599991142629,0.1191884845348966,-0.04583494413480795,-0.11618265013273466,-0.22425495975463283
standard_dki,Standard DKI,3,KO103_KI75,KO 103 / KI 75,103.0,75.0,110.0,0.9884918182258361,0.08198663589652397,-0.05004995782123686,-0.0799083908717958,-0.13055942221382733
standard_dki,Standard DKI,3,KO103_KI75,KO 103 / KI 75,103.0,75.0,112.5,1.1151476900026067,0.041850163834840776,0.014053565012698017,-0.04831408590231412,-0.07075068448927357
standard_dki,Standard DKI,3,KO103_KI75,KO 103 / KI 75,103.0,75.0,115.0,1.1886824539863368,0.020008545425462432,-0.015386722598312804,-0.028951511002943908,-0.03422477960139947
standard_dki,Standard DKI,3,KO103_KI75,KO 103 / KI 75,103.0,75.0,117.5,1.2218925856779486,0.008058804290385222,0.004404025572783816,-0.012927289866633718,-0.015997741988171832
standard_dki,Standard DKI,3,KO103_KI75,KO 103 / KI 75,103.0,75.0,120.0,1.2384263963960995,0.003725895481808128,-0.002779592894225358,-0.007072689419204803,-0.00665242774686714
stepdown,Step-down,3,KO103_KI75,KO 103 / KI 75,103.0,75.0,60.0,-33.14338856242638,1.2440071510990691,0.18778686679831305,0.2647739371935529,-2.185945650249721
stepdown,Step-down,3,KO103_KI75,KO 103 / KI 75,103.0,75.0,62.5,-29.945763815171585,1.296014134647129,-0.18591887995866274,0.2168519400814617,-2.250275628415821
stepdown,Step-down,3,KO103_KI75,KO 103 / KI 75,103.0,75.0,65.0,-26.808267483217115,1.224020792258653,0.15414154316361486,0.16123357407546024,-2.2884407932373563
stepdown,Step-down,3,KO103_KI75,KO 103 / KI 75,103.0,75.0,67.5,-23.707754826156496,1.2539905001402052,0.14791538534839127,0.1118619758212347,-2.3033513358832636
stepdown,Step-down,3,KO103_KI75,KO 103 / KI 75,103.0,75.0,70.0,-20.672128768740784,1.1857645274788096,-0.02034879613980982,0.01961462801690317,-2.2938057030309267
stepdown,Step-down,3,KO103_KI75,KO 103 / KI 75,103.0,75.0,72.5,-17.78804446866295,1.109319704121679,0.12734586082193317,-0.05494590229478291,-2.254367891366016
stepdown,Step-down,3,KO103_KI75,KO 103 / KI 75,103.0,75.0,75.0,-15.024856218440263,1.094056332369405,0.06541409357019903,-0.13172868725873776,-2.1910194554193296
stepdown,Step-down,3,KO103_KI75,KO 103 / KI 75,103.0,75.0,77.5,-12.325987196760087,1.0636771182581861,0.10232877162379697,-0.2061464003050535,-2.104448634634082
stepdown,Step-down,3,KO103_KI75,KO 103 / KI 75,103.0,75.0,80.0,-9.801572096734128,0.9732925159448724,-0.18345367635781426,-0.2773284691466156,-1.9940450470087967
stepdown,Step-down,3,KO103_KI75,KO 103 / KI 75,103.0,75.0,82.5,-7.520867627694583,0.8702758817063956,0.0036284674173681763,-0.3364193145202794,-1.8601279297967288
stepdown,Step-down,3,KO103_KI75,KO 103 / KI 75,103.0,75.0,85.0,-5.465776345640375,0.7764634069937363,-0.02032505378709747,-0.38254220773176595,-1.7061186741906376
stepdown,Step-down,3,KO103_KI75,KO 103 / KI 75,103.0,75.0,87.5,-3.6550470437690756,0.6583006443256377,-0.13314653598239815,-0.41505610053506414,-1.5363640470831275
stepdown,Step-down,3,KO103_KI75,KO 103 / KI 75,103.0,75.0,90.0,-2.1283362246703974,0.5454905410863896,-0.12458374115212353,-0.42938153557015823,-1.3521578193012473
stepdown,Step-down,3,KO103_KI75,KO 103 / KI 75,103.0,75.0,92.5,-0.8844711600074636,0.43218304367049704,-0.1213487154031965,-0.42496026283528543,-1.1581237340737793
stepdown,Step-down,3,KO103_KI75,KO 103 / KI 75,103.0,75.0,95.0,0.06959598600286827,0.32302867068712493,-0.11646245588863124,-0.39992750625239465,-0.9588257645641793
stepdown,Step-down,3,KO103_KI75,KO 103 / KI 75,103.0,75.0,97.5,0.7375016610785305,0.2249348382869763,-0.08590415866595294,-0.3529011026347519,-0.760236234557965
stepdown,Step-down,3,KO103_KI75,KO 103 / KI 75,103.0,75.0,100.0,1.1443934499573207,0.1387754346956569,-0.022509043766606673,-0.28968071380984284,-0.5705510728887697
stepdown,Step-down,3,KO103_KI75,KO 103 / KI 75,103.0,75.0,102.5,1.3458629748192295,0.06154885343950741,0.015134823941555612,-0.2178651990047209,-0.4014469385560604
stepdown,Step-down,3,KO103_KI75,KO 103 / KI 75,103.0,75.0,103.0,1.379068588544883,0.046213936899399934,-0.07849773304801434,-0.2052867137268206,-0.3741608531647511
stepdown,Step-down,3,KO103_KI75,KO 103 / KI 75,103.0,75.0,105.0,1.4143118474315626,0.009865664451729312,0.013684370171154198,-0.14791900320736007,-0.26587497572092555
stepdown,Step-down,3,KO103_KI75,KO 103 / KI 75,103.0,75.0,107.5,1.4062476958919448,-0.012518753991900304,-0.010109275618881466,-0.09013006027273729,-0.16232138961211895
stepdown,Step-down,3,KO103_KI75,KO 103 / KI 75,103.0,75.0,110.0,1.364927515821395,-0.017936259660182256,0.00030032592710321445,-0.049770423453894486,-0.0923634571114551
stepdown,Step-down,3,KO103_KI75,KO 103 / KI 75,103.0,75.0,112.5,1.3211985139679825,-0.014465450683668656,0.003505833547656937,-0.024142604748492502,-0.04886561249186627
stepdown,Step-down,3,KO103_KI75,KO 103 / KI 75,103.0,75.0,115.0,1.28791277670455,-0.010506643800493766,0.005361041735070481,-0.009402810983202281,-0.0231108142563885
stepdown,Step-down,3,KO103_KI75,KO 103 / KI 75,103.0,75.0,117.5,1.268111235970598,-0.006865777883484399,0.0024791831744665834,-0.002431553946984355,-0.010601101670371094
stepdown,Step-down,3,KO103_KI75,KO 103 / KI 75,103.0,75.0,120.0,1.2573053374282461,-0.0031369570796846435,0.0018776077552333053,-0.0004983212862788022,-0.004316539728632662
airbag,Airbag,1,KO105_KI75,KO 105 / KI 75,105.0,75.0,60.0,-25.903498686568287,0.30300158813942585,0.8257942031466176,0.13667359695299908,-0.11684489058971792
airbag,Airbag,1,KO105_KI75,KO 105 / KI 75,105.0,75.0,62.5,-25.31478052078763,0.3515733363083996,-0.7354609498679929,0.19655280173325806,-0.15532920518275262
airbag,Airbag,1,KO105_KI75,KO 105 / KI 75,105.0,75.0,65.0,-24.657493071320452,0.29648770671566527,-1.355825452820364,0.18248674346028437,-0.2038383025574575
airbag,Airbag,1,KO105_KI75,KO 105 / KI 75,105.0,75.0,67.5,-23.834513723454208,0.4697076189888165,-0.5955342805866518,0.226764897829959,-0.2601906867795378
airbag,Airbag,1,KO105_KI75,KO 105 / KI 75,105.0,75.0,70.0,-22.90083141185103,0.530627992992651,0.5620275407232949,0.324409454041092,-0.32244795956870576
airbag,Airbag,1,KO105_KI75,KO 105 / KI 75,105.0,75.0,72.5,-21.718287025516688,0.5067393234668414,0.9600115718296536,0.38584539797775363,-0.38457774225832964
airbag,Airbag,1,KO105_KI75,KO 105 / KI 75,105.0,75.0,75.0,-20.31175612658318,0.8529614043744497,0.7334792124016126,0.2738553434358373,-0.4423000000649324
airbag,Airbag,1,KO105_KI75,KO 105 / KI 75,105.0,75.0,77.5,-17.471002424193625,1.1724222586097297,0.6656799661165538,0.16404875500705174,-0.5412531222628303
airbag,Airbag,1,KO105_KI75,KO 105 / KI 75,105.0,75.0,80.0,-14.486265330999549,1.1704575010791118,-0.5378501594963557,-0.12625785424688019,-0.6076460378336535
airbag,Airbag,1,KO105_KI75,KO 105 / KI 75,105.0,75.0,82.5,-11.652680095233645,1.1203166405587714,0.3922375879314698,-0.2787438704471441,-0.6479838854886566
airbag,Airbag,1,KO105_KI75,KO 105 / KI 75,105.0,75.0,85.0,-8.939927697957836,1.075117961743982,0.11996644746030499,-0.4154686245990522,-0.6571628243923655
airbag,Airbag,1,KO105_KI75,KO 105 / KI 75,105.0,75.0,87.5,-6.443005922192856,0.9318006469018313,-0.29691842994777884,-0.5758570360651349,-0.6381398153498807
airbag,Airbag,1,KO105_KI75,KO 105 / KI 75,105.0,75.0,90.0,-4.259008392776863,0.8031692224515533,-0.28987929393746065,-0.7331464214312726,-0.5981519099304222
airbag,Airbag,1,KO105_KI75,KO 105 / KI 75,105.0,75.0,92.5,-2.4339408288227076,0.6389701283011644,-0.14398905508542714,-0.7678888988708703,-0.5406080994074358
airbag,Airbag,1,KO105_KI75,KO 105 / KI 75,105.0,75.0,95.0,-0.9742616878520455,0.4924061801585217,-0.1266957250257685,-0.7590611056734716,-0.46957799266302835
airbag,Airbag,1,KO105_KI75,KO 105 / KI 75,105.0,75.0,97.5,0.0993296924669641,0.3484604947065798,0.007526117988311834,-0.6935402793451817,-0.3906962530054042
airbag,Airbag,1,KO105_KI75,KO 105 / KI 75,105.0,75.0,100.0,0.8461926112929545,0.21826668303678554,-0.08645737146938304,-0.6171416381291472,-0.3075699955687128
airbag,Airbag,1,KO105_KI75,KO 105 / KI 75,105.0,75.0,102.5,1.2726325231946964,0.1208882421323979,-0.09571717126188842,-0.4926887619639956,-0.22853184565685414
airbag,Airbag,1,KO105_KI75,KO 105 / KI 75,105.0,75.0,103.0,1.3208935817358203,0.09996980620059406,0.0116240373315468,-0.46711430078557425,-0.2139363997932353
airbag,Airbag,1,KO105_KI75,KO 105 / KI 75,105.0,75.0,105.0,1.4642210878728912,0.04129894782178485,-0.06989155029207376,-0.366942400635379,-0.1587328091100071
airbag,Airbag,1,KO105_KI75,KO 105 / KI 75,105.0,75.0,107.5,1.5006394803580698,-0.0018385036581671634,-0.02310388869861522,-0.25006838557456,-0.10263638773548855
airbag,Airbag,1,KO105_KI75,KO 105 / KI 75,105.0,75.0,110.0,1.458908080994246,-0.02340023821245611,0.006407814843377171,-0.15401019369267543,-0.061489966047179045
airbag,Airbag,1,KO105_KI75,KO 105 / KI 75,105.0,75.0,112.5,1.3956918306466897,-0.025929014596224518,0.0034362476854376827,-0.08577105553973863,-0.034008550647746105
airbag,Airbag,1,KO105_KI75,KO 105 / KI 75,105.0,75.0,115.0,1.3381713162482902,-0.020014758448163,0.0027139112700668797,-0.04319717474354179,-0.017267028740519663
airbag,Airbag,1,KO105_KI75,KO 105 / KI 75,105.0,75.0,117.5,1.2971775024152965,-0.013112988771267362,0.0020559462959109398,-0.019412550454590782,-0.008188458340607774
airbag,Airbag,1,KO105_KI75,KO 105 / KI 75,105.0,75.0,120.0,1.2722170227998988,-0.00714088143702348,0.0013060786741477446,-0.007750042624063314,-0.003567312949614987
european_ki,European KI,1,KO105_KI75,KO 105 / KI 75,105.0,75.0,60.0,-36.11850580434005,1.3958996384599351,-0.0011006373175032676,0.1739666726746023,-0.8400560064970364
european_ki,European KI,1,KO105_KI75,KO 105 / KI 75,105.0,75.0,62.5,-32.55421832847062,1.4484201993991292,0.03401581598722259,0.1342488782947413,-0.9073272241643338
european_ki,European KI,1,KO105_KI75,KO 105 / KI 75,105.0,75.0,65.0,-28.88400444798699,1.4827643604230627,0.047644533393878245,0.062179774223405815,-0.9646007596028738
european_ki,European KI,1,KO105_KI75,KO 105 / KI 75,105.0,75.0,67.5,-25.164986543108927,1.4858989302306074,0.015319484011083365,-0.03106172068568469,-1.0075325707290972
european_ki,European KI,1,KO105_KI75,KO 105 / KI 75,105.0,75.0,70.0,-21.459368836535855,1.4657430472090736,-0.032363584000855934,-0.1434532168745264,-1.0329212674818677
european_ki,European KI,1,KO105_KI75,KO 105 / KI 75,105.0,75.0,72.5,-17.838798894000043,1.4224848966995443,-0.059691696065112036,-0.26031886742151045,-1.0388272106609975
european_ki,European KI,1,KO105_KI75,KO 105 / KI 75,105.0,75.0,75.0,-14.369251682626421,1.3504732588978474,-0.003223650336104179,-0.3849481600615938,-1.024734328477983
european_ki,European KI,1,KO105_KI75,KO 105 / KI 75,105.0,75.0,77.5,-11.104910822775976,1.2556450348330304,-0.0814735436508464,-0.5001379953419658,-0.9911510331933826
european_ki,European KI,1,KO105_KI75,KO 105 / KI 75,105.0,75.0,80.0,-8.108412197669693,1.1409183460058625,-0.02080850432651937,-0.6098858848241857,-0.939900252784831
european_ki,European KI,1,KO105_KI75,KO 105 / KI 75,105.0,75.0,82.5,-5.413474189669901,1.0088968897026842,-0.09389237313723706,-0.7009103742510909,-0.8734949065146935
european_ki,European KI,1,KO105_KI75,KO 105 / KI 75,105.0,75.0,85.0,-3.06145210165392,0.864805081004936,-0.07919667229902955,-0.7558033848201449,-0.7948940078910116
european_ki,European KI,1,KO105_KI75,KO 105 / KI 75,105.0,75.0,87.5,-1.0773521561734465,0.7190230905153007,-0.011908311706318328,-0.7899962570549135,-0.7071849609615599
european_ki,European KI,1,KO105_KI75,KO 105 / KI 75,105.0,75.0,90.0,0.5159371570218638,0.5661923086522926,0.17013297659715765,-0.7695705917704034,-0.6148123610430822
european_ki,European KI,1,KO105_KI75,KO 105 / KI 75,105.0,75.0,92.5,1.7354098264876072,0.4327242863588186,0.03410026849485684,-0.7554191307455684,-0.5188227917957144
european_ki,European KI,1,KO105_KI75,KO 105 / KI 75,105.0,75.0,95.0,2.5653001322598423,0.271669076866654,0.013022511184286703,-0.7123690213238085,-0.4231080460369796
european_ki,European KI,1,KO105_KI75,KO 105 / KI 75,105.0,75.0,97.5,3.030873744467257,0.12214815198867394,-0.10493279999284752,-0.6512428098969782,-0.32978129149494606
european_ki,European KI,1,KO105_KI75,KO 105 / KI 75,105.0,75.0,100.0,3.1346395607484148,-0.0032456018018809374,-0.005789063689945806,-0.5368359061994004,-0.24574328802500212
european_ki,European KI,1,KO105_KI75,KO 105 / KI 75,105.0,75.0,102.5,2.9868708985296735,-0.09878993327355827,0.02332827829242604,-0.4302938449352114,-0.17160162410920776
european_ki,European KI,1,KO105_KI75,KO 105 / KI 75,105.0,75.0,103.0,2.9408049436032933,-0.11141579770414302,-0.07357268561355362,-0.39554748562816666,-0.1575575648526062
european_ki,European KI,1,KO105_KI75,KO 105 / KI 75,105.0,75.0,105.0,2.674446102467712,-0.14410282774619784,0.02035167539429404,-0.3003957618419908,-0.11149023370480293
european_ki,European KI,1,KO105_KI75,KO 105 / KI 75,105.0,75.0,107.5,2.3012881283183235,-0.15166891212483427,0.016721206747096824,-0.18643393148219145,-0.06703173668403117
european_ki,European KI,1,KO105_KI75,KO 105 / KI 75,105.0,75.0,110.0,1.955566197730519,-0.12717053167318818,-0.005514315361013646,-0.09706690158512221,-0.036633444333111775
european_ki,European KI,1,KO105_KI75,KO 105 / KI 75,105.0,75.0,112.5,1.679551527411734,-0.09094430100810788,0.006499494901416755,-0.045403648605023994,-0.01839068700955071
european_ki,European KI,1,KO105_KI75,KO 105 / KI 75,105.0,75.0,115.0,1.4868042735967726,-0.060835349324333945,0.021191537737597053,-0.012752489864098049,-0.008422647140493567
european_ki,European KI,1,KO105_KI75,KO 105 / KI 75,105.0,75.0,117.5,1.3709644977391593,-0.035920123941468686,0.005528454608548304,0.00016568783765480433,-0.0034325486529152016
european_ki,European KI,1,KO105_KI75,KO 105 / KI 75,105.0,75.0,120.0,1.3057727708958728,-0.01772537620087759,0.0029746729170868997,0.002953405434131362,-0.001253001466205994
parachute,Parachute,1,KO105_KI75,KO 105 / KI 75,105.0,75.0,60.0,-35.97057815979561,1.380248561853049,-0.003828905153192687,0.15654557700856486,-0.8999871371258905
parachute,Parachute,1,KO105_KI75,KO 105 / KI 75,105.0,75.0,62.5,-32.45783964436553,1.4229392428282608,0.02977446449251147,0.11142176197005682,-0.9660385353583933
parachute,Parachute,1,KO105_KI75,KO 105 / KI 75,105.0,75.0,65.0,-28.862952176285187,1.4480611927378544,0.043188236918400465,0.03593541936754363,-1.0212109959979898
parachute,Parachute,1,KO105_KI75,KO 105 / KI 75,105.0,75.0,67.5,-25.240359993053612,1.4436906661286055,0.01264659585464354,-0.058462151091355,-1.0615617994307769
parachute,Parachute,1,KO105_KI75,KO 105 / KI 75,105.0,75.0,70.0,-21.647507979946766,1.4181570643378598,-0.03413158219103126,-0.17012998446888616,-1.084278579951814
parachute,Parachute,1,KO105_KI75,KO 105 / KI 75,105.0,75.0,72.5,-18.15016098057076,1.371865258815863,-0.061680617445296355,-0.28439227705103676,-1.08767348728378
parachute,Parachute,1,KO105_KI75,KO 105 / KI 75,105.0,75.0,75.0,-14.808242013214482,1.3291154205804478,0.15768142249186845,-0.40610871834105033,-1.0713645699663488
parachute,Parachute,1,KO105_KI75,KO 105 / KI 75,105.0,75.0,77.5,-11.521407190126888,1.2653388043787457,-0.08154054404610975,-0.5206273190093089,-1.0395580026337115
parachute,Parachute,1,KO105_KI75,KO 105 / KI 75,105.0,75.0,80.0,-8.49899584242404,1.1519159005505841,-0.020887159259719287,-0.6301927316173455,-0.9885993787817071
parachute,Parachute,1,KO105_KI75,KO 105 / KI 75,105.0,75.0,82.5,-5.775155524224264,1.0210723816181129,-0.09165491746114089,-0.7206425902070421,-0.9213098966365685
parachute,Parachute,1,KO105_KI75,KO 105 / KI 75,105.0,75.0,85.0,-3.3917182435310878,0.8780647834017299,-0.07752572024195326,-0.7751587487493481,-0.8407605266897988
parachute,Parachute,1,KO105_KI75,KO 105 / KI 75,105.0,75.0,87.5,-1.3741270079214907,0.7325719477064848,-0.01493117649302497,-0.8090916220503579,-0.7502090062795119
parachute,Parachute,1,KO105_KI75,KO 105 / KI 75,105.0,75.0,90.0,0.25782516028703606,0.5800958395941804,0.12081106904078333,-0.7954710451612348,-0.6542181548825632
parachute,Parachute,1,KO105_KI75,KO 105 / KI 75,105.0,75.0,92.5,1.5120671690662222,0.4415606198006844,0.012091939929043241,-0.779839536656276,-0.5541687112602833
parachute,Parachute,1,KO105_KI75,KO 105 / KI 75,105.0,75.0,95.0,2.376691763218077,0.2810342957444315,-0.005851050578221166,-0.7347071062193287,-0.45396566307900343
parachute,Parachute,1,KO105_KI75,KO 105 / KI 75,105.0,75.0,97.5,2.8727273204132295,0.13191791920298065,-0.08878606587746352,-0.6672668242101971,-0.3560244932965251
parachute,Parachute,1,KO105_KI75,KO 105 / KI 75,105.0,75.0,100.0,3.013188657955002,0.006592011515118568,-0.017907251140345082,-0.5537795986169032,-0.26685138427331445
parachute,Parachute,1,KO105_KI75,KO 105 / KI 75,105.0,75.0,102.5,2.895926457792226,-0.08696259620256486,0.004660239155750833,-0.4402615481249095,-0.18785514477559495
parachute,Parachute,1,KO105_KI75,KO 105 / KI 75,105.0,75.0,103.0,2.8533290562036653,-0.10020174402589038,-0.05747421345749384,-0.40675457248189373,-0.1730064980220991
parachute,Parachute,1,KO105_KI75,KO 105 / KI 75,105.0,75.0,105.0,2.610233733481898,-0.13410948264312433,0.006842011828461717,-0.30856940517548237,-0.12327727318721671
parachute,Parachute,1,KO105_KI75,KO 105 / KI 75,105.0,75.0,107.5,2.2587935815612945,-0.14288718240705842,0.011499589925228272,-0.19288277799720355,-0.07503182075949688
parachute,Parachute,1,KO105_KI75,KO 105 / KI 75,105.0,75.0,110.0,1.9286752575291324,-0.1216650143957364,-0.0014386064742970236,-0.10245502916334659,-0.04173263543572059
parachute,Parachute,1,KO105_KI75,KO 105 / KI 75,105.0,75.0,112.5,1.664170239797507,-0.08772968562488812,0.007416239151077072,-0.04836021684771974,-0.021376671430339833
parachute,Parachute,1,KO105_KI75,KO 105 / KI 75,105.0,75.0,115.0,1.478906576500168,-0.05862400409053792,0.019213516876190707,-0.014979978656841197,-0.010017737161827078
parachute,Parachute,1,KO105_KI75,KO 105 / KI 75,105.0,75.0,117.5,1.3669613360151716,-0.03462632593707162,0.005535601388977187,-0.001277487572602487,-0.004244893153271256
parachute,Parachute,1,KO105_KI75,KO 105 / KI 75,105.0,75.0,120.0,1.303951412567012,-0.017188347236919976,0.0030082140363553293,0.0022731904167478945,-0.0016304214151441343
standard_dki,Standard DKI,1,KO105_KI75,KO 105 / KI 75,105.0,75.0,60.0,-39.75638262878847,0.9722905358834074,0.004075526668935304,0.005609263853244784,-0.630400007037224
standard_dki,Standard DKI,1,KO105_KI75,KO 105 / KI 75,105.0,75.0,62.5,-37.32462847908347,0.9747330632291777,-0.00716494779320783,0.004116437211720836,-0.6568032530083201
standard_dki,Standard DKI,1,KO105_KI75,KO 105 / KI 75,105.0,75.0,65.0,-34.88956087007853,0.975064925016522,-0.01892850049472204,0.0069164954151474944,-0.6826671247857519
standard_dki,Standard DKI,1,KO105_KI75,KO 105 / KI 75,105.0,75.0,67.5,-32.45101869882831,0.9782183455201187,-0.01302906325322816,0.005817711923185698,-0.7075427437854387
standard_dki,Standard DKI,1,KO105_KI75,KO 105 / KI 75,105.0,75.0,70.0,-30.012835036385848,0.9784444922441691,0.015654536859496405,0.005084169632461055,-0.7305764814837801
standard_dki,Standard DKI,1,KO105_KI75,KO 105 / KI 75,105.0,75.0,72.5,-27.57472592742603,0.9750194789653712,0.03850516700402881,-0.00855049200674074,-0.7510970945034501
standard_dki,Standard DKI,1,KO105_KI75,KO 105 / KI 75,105.0,75.0,75.0,-25.140107747145294,1.251379866272264,1.4511645784450846,-0.011945360061229593,-0.7680160539258907
standard_dki,Standard DKI,1,KO105_KI75,KO 105 / KI 75,105.0,75.0,77.5,-21.330745705231415,1.5106746401938294,0.01977068981255735,-0.2152441632582942,-0.8227924748844373
standard_dki,Standard DKI,1,KO105_KI75,KO 105 / KI 75,105.0,75.0,80.0,-17.61967043906569,1.4493956340013447,-0.06015741593707878,-0.4017993614191262,-0.851207811943766
standard_dki,Standard DKI,1,KO105_KI75,KO 105 / KI 75,105.0,75.0,82.5,-14.112397556789901,1.3512476365236983,-0.029961843358538624,-0.5720629136559516,-0.8524793779187689
standard_dki,Standard DKI,1,KO105_KI75,KO 105 / KI 75,105.0,75.0,85.0,-10.8812031042849,1.2289151573592856,-0.05059349674285667,-0.7136195777237049,-0.828291822114835
standard_dki,Standard DKI,1,KO105_KI75,KO 105 / KI 75,105.0,75.0,87.5,-7.9875473072810665,1.0824563807147254,-0.05896052640455495,-0.8165476257452022,-0.7814145645920867
standard_dki,Standard DKI,1,KO105_KI75,KO 105 / KI 75,105.0,75.0,90.0,-5.471311053309126,0.9254493701540549,-0.1033800366343046,-0.8829684734323786,-0.7163047944637846
standard_dki,Standard DKI,1,KO105_KI75,KO 105 / KI 75,105.0,75.0,92.5,-3.3688003342222403,0.7555008366676886,-0.07869450143097506,-0.8983750173011353,-0.6362350378585901
standard_dki,Standard DKI,1,KO105_KI75,KO 105 / KI 75,105.0,75.0,95.0,-1.6861352636373197,0.5854486708857023,-0.07770153237568611,-0.8700560013178555,-0.5458038874017745
standard_dki,Standard DKI,1,KO105_KI75,KO 105 / KI 75,105.0,75.0,97.5,-0.4228801525715972,0.4227326288116495,-0.04287914903590851,-0.7957104685352159,-0.4492898770423859
standard_dki,Standard DKI,1,KO105_KI75,KO 105 / KI 75,105.0,75.0,100.0,0.45806925709021046,0.27724361030054406,-0.0614070513488334,-0.6910304638560147,-0.35280275686867535
standard_dki,Standard DKI,1,KO105_KI75,KO 105 / KI 75,105.0,75.0,102.5,0.9996205047890994,0.1610124435523717,-0.05614746764794715,-0.5567867858682959,-0.261629177077638
standard_dki,Standard DKI,1,KO105_KI75,KO 105 / KI 75,105.0,75.0,103.0,1.0731814837523521,0.13870083328373792,-0.03328642594620145,-0.5268028085291376,-0.244297235727009
standard_dki,Standard DKI,1,KO105_KI75,KO 105 / KI 75,105.0,75.0,105.0,1.2809038982916838,0.07176745253415844,-0.04590756209925596,-0.41457512427208865,-0.18181303791831027
standard_dki,Standard DKI,1,KO105_KI75,KO 105 / KI 75,105.0,75.0,107.5,1.3839480536381705,0.01800625018849222,-0.016281746605296233,-0.2840464892580521,-0.11786124605384085
standard_dki,Standard DKI,1,KO105_KI75,KO 105 / KI 75,105.0,75.0,110.0,1.39078729301572,-0.007963313617148738,-0.006212519366694943,-0.17650895802944366,-0.07071450188465
standard_dki,Standard DKI,1,KO105_KI75,KO 105 / KI 75,105.0,75.0,112.5,1.3576668347697032,-0.01571249892369211,-0.0013858644376150663,-0.10140296503244173,-0.03932788088718553
standard_dki,Standard DKI,1,KO105_KI75,KO 105 / KI 75,105.0,75.0,115.0,1.3180125879552174,-0.014514131811366326,0.003914635358180863,-0.05214817906853475,-0.020169089892108083
standard_dki,Standard DKI,1,KO105_KI75,KO 105 / KI 75,105.0,75.0,117.5,1.2876141008812119,-0.010319919802588048,0.0008461209846736382,-0.02430701508098787,-0.009610043205809937
standard_dki,Standard DKI,1,KO105_KI75,KO 105 / KI 75,105.0,75.0,120.0,1.267918039478654,-0.0056299816923941854,0.0006228067942253773,-0.010463399836278864,-0.004224757132353929
stepdown,Step-down,1,KO105_KI75,KO 105 / KI 75,105.0,75.0,60.0,-39.67538654750647,0.9855929991039858,-0.0034338440010451957,0.023887028515325426,-0.6389558541712859
stepdown,Step-down,1,KO105_KI75,KO 105 / KI 75,105.0,75.0,62.5,-37.201549397974425,0.9928211257593602,0.006488839157536858,0.029130211111535687,-0.6686216319117477
stepdown,Step-down,1,KO105_KI75,KO 105 / KI 75,105.0,75.0,65.0,-34.70977301150203,1.0009633163928173,0.015716466936627236,0.03517367958423989,-0.698264975927998
stepdown,Step-down,1,KO105_KI75,KO 105 / KI 75,105.0,75.0,67.5,-32.199960674046686,1.0063010219072632,0.00882640987969233,0.03709981100943338,-0.7270525776348791
stepdown,Step-down,1,KO105_KI75,KO 105 / KI 75,105.0,75.0,70.0,-29.673476721562437,1.0107048548137954,-0.009073636879618008,0.03447164173236317,-0.7539753613897915
stepdown,Step-down,1,KO105_KI75,KO 105 / KI 75,105.0,75.0,72.5,-27.13752724264591,1.0157673422388411,-0.02133117398226744,0.02430397021279518,-0.7774572896625642
stepdown,Step-down,1,KO105_KI75,KO 105 / KI 75,105.0,75.0,75.0,-24.60195823867,1.2449927709492006,1.2575370399025207,0.015697379307297865,-0.7958689391877272
stepdown,Step-down,1,KO105_KI75,KO 105 / KI 75,105.0,75.0,77.5,-20.926568920308853,1.4564176848766408,-0.02657436171798636,-0.1751542958228498,-0.8396306629858685
stepdown,Step-down,1,KO105_KI75,KO 105 / KI 75,105.0,75.0,80.0,-17.35115856324858,1.3977051280563124,-0.031624915334438335,-0.3521749705792381,-0.8584625545282165
stepdown,Step-down,1,KO105_KI75,KO 105 / KI 75,105.0,75.0,82.5,-13.965453626302377,1.3048154655875628,-0.036481811788181606,-0.5141125186208235,-0.8520535331602019
stepdown,Step-down,1,KO105_KI75,KO 105 / KI 75,105.0,75.0,85.0,-10.844859775511386,1.1887733863187098,-0.04292104467217534,-0.6502625909002546,-0.8218119834149107
stepdown,Step-down,1,KO105_KI75,KO 105 / KI 75,105.0,75.0,87.5,-8.042463993307711,1.0497367443231138,-0.08005511497863989,-0.7482704466280392,-0.7707124225992956
stepdown,Step-down,1,KO105_KI75,KO 105 / KI 75,105.0,75.0,90.0,-5.607575042250347,0.8970505800938956,-0.06497122537444457,-0.8020217376341474,-0.7022765077503657
stepdown,Step-down,1,KO105_KI75,KO 105 / KI 75,105.0,75.0,92.5,-3.5599027837701036,0.7369089793908415,-0.0526446865296968,-0.8142792762516717,-0.6207586193792913
stepdown,Step-down,1,KO105_KI75,KO 105 / KI 75,105.0,75.0,95.0,-1.9077975020294102,0.5787379444871747,-0.05445173783549742,-0.7871509747273364,-0.5301912507951201
stepdown,Step-down,1,KO105_KI75,KO 105 / KI 75,105.0,75.0,97.5,-0.6482903442828267,0.42565241209455584,-0.0614038382669477,-0.7205199365065134,-0.4350351681766562
stepdown,Step-down,1,KO105_KI75,KO 105 / KI 75,105.0,75.0,100.0,0.2469068567894908,0.28902604972408885,-0.07475778180727827,-0.6233033122744941,-0.3405125718349944
stepdown,Step-down,1,KO105_KI75,KO 105 / KI 75,105.0,75.0,102.5,0.8195070491037603,0.17366780319003283,-0.0724895189239274,-0.5019960683793923,-0.2520896333622846
stepdown,Step-down,1,KO105_KI75,KO 105 / KI 75,105.0,75.0,103.0,0.8972167948678293,0.14897817963696802,-0.028539715968869398,-0.4734076624946236,-0.23511507569781154
stepdown,Step-down,1,KO105_KI75,KO 105 / KI 75,105.0,75.0,105.0,1.136651131185153,0.08755728690320565,-0.03976588844853016,-0.37268477122012256,-0.1748023160131229
stepdown,Step-down,1,KO105_KI75,KO 105 / KI 75,105.0,75.0,107.5,1.2807715555187242,0.03348897265855919,-0.01656802653244656,-0.25596415833047037,-0.11328168950448525
stepdown,Step-down,1,KO105_KI75,KO 105 / KI 75,105.0,75.0,110.0,1.3232755046840938,0.004760049487121891,-0.007319441985247878,-0.15984589862985432,-0.0679975298413682
stepdown,Step-down,1,KO105_KI75,KO 105 / KI 75,105.0,75.0,112.5,1.3171568532112143,-0.006854187473961086,-0.0024403024375754478,-0.09237322029826989,-0.037861797147842324
stepdown,Step-down,1,KO105_KI75,KO 105 / KI 75,105.0,75.0,115.0,1.2958478077114461,-0.008773652936219765,0.0020657223707003206,-0.04804798015757594,-0.019458134755079293
stepdown,Step-down,1,KO105_KI75,KO 105 / KI 75,105.0,75.0,117.5,1.2763268356553508,-0.006988105271507935,0.00029548303844785815,-0.02269438400984014,-0.009291912089914867
stepdown,Step-down,1,KO105_KI75,KO 105 / KI 75,105.0,75.0,120.0,1.262654774383062,-0.003999828579498618,0.00033562123488582886,-0.009918658050583229,-0.004097263128266526
airbag,Airbag,2,KO105_KI75,KO 105 / KI 75,105.0,75.0,60.0,-23.850530316960523,0.5033682367844369,0.7666678532991177,0.20673000461157898,-0.46009979297885195
airbag,Airbag,2,KO105_KI75,KO 105 / KI 75,105.0,75.0,62.5,-22.82851840565784,0.5363887453924064,0.6920254526502322,0.25710146018260005,-0.5232203276221981
airbag,Airbag,2,KO105_KI75,KO 105 / KI 75,105.0,75.0,65.0,-21.70223318330395,0.5693122672728524,0.6263670996048126,0.3000154461450464,-0.5910070761103725
airbag,Airbag,2,KO105_KI75,KO 105 / KI 75,105.0,75.0,67.5,-20.467888467573392,0.426761001560494,0.5419404039894388,0.22433860057752142,-0.6604452281845141
airbag,Airbag,2,KO105_KI75,KO 105 / KI 75,105.0,75.0,70.0,-19.077400100549823,0.47909541480486995,-0.40964513266073604,0.2974265875090687,-0.7254270385068651
airbag,Airbag,2,KO105_KI75,KO 105 / KI 75,105.0,75.0,72.5,-17.6518831747841,0.6506566849295508,-0.3404275931151439,0.3099105992293225,-0.7876869943398646
airbag,Airbag,2,KO105_KI75,KO 105 / KI 75,105.0,75.0,75.0,-16.183866466664263,0.6801912270577356,0.3534965686991048,0.23679150717898167,-0.8451168560640099
airbag,Airbag,2,KO105_KI75,KO 105 / KI 75,105.0,75.0,77.5,-14.27223788772506,0.716863905227072,-0.2017463260041645,0.23775608648334945,-0.8984628720371646
airbag,Airbag,2,KO105_KI75,KO 105 / KI 75,105.0,75.0,80.0,-12.397745182883755,0.7970152551865861,0.16803286675522996,0.08279009887824884,-0.9395752196452278
airbag,Airbag,2,KO105_KI75,KO 105 / KI 75,105.0,75.0,82.5,-10.47836785239431,0.7219928546139959,-0.1396456778094962,0.07356794320177151,-0.9549465260278112
airbag,Airbag,2,KO105_KI75,KO 105 / KI 75,105.0,75.0,85.0,-8.654289745459133,0.7453908808550522,0.08474030642268053,-0.08056649404688976,-0.9529424970835976
airbag,Airbag,2,KO105_KI75,KO 105 / KI 75,105.0,75.0,87.5,-6.877438676594478,0.6988701225765439,-0.10996830681040834,-0.08441459017359332,-0.9259087163706603
airbag,Airbag,2,KO105_KI75,KO 105 / KI 75,105.0,75.0,90.0,-5.3084261713892404,0.6609864857422851,0.09684773171327107,-0.036885134376762885,-0.8825724419127212
airbag,Airbag,2,KO105_KI75,KO 105 / KI 75,105.0,75.0,92.5,-3.7914224369444245,0.587335485901327,-0.1390052959168302,-0.1013900584726346,-0.811738587696853
airbag,Airbag,2,KO105_KI75,KO 105 / KI 75,105.0,75.0,95.0,-2.484800010487242,0.46428001752505293,-0.10268697506158506,-0.16894796944518564,-0.7236807080878371
airbag,Airbag,2,KO105_KI75,KO 105 / KI 75,105.0,75.0,97.5,-1.3976946854047851,0.3833185133876322,0.014735505633011074,-0.17627839417010494,-0.6199190974621738
airbag,Airbag,2,KO105_KI75,KO 105 / KI 75,105.0,75.0,100.0,-0.5162239120060959,0.31612614277478435,0.0005734007899889093,-0.18500756671400664,-0.5052363469736809
airbag,Airbag,2,KO105_KI75,KO 105 / KI 75,105.0,75.0,102.5,0.15069235261923988,0.22777239458846887,-0.04391831268459077,-0.17084783468421338,-0.3893110457725446
airbag,Airbag,2,KO105_KI75,KO 105 / KI 75,105.0,75.0,103.0,0.25922830555934595,0.20166314544717898,-0.06092627062462203,-0.167206278551573,-0.3666664871424141
airbag,Airbag,2,KO105_KI75,KO 105 / KI 75,105.0,75.0,105.0,0.612787874289608,0.14814206720047524,-0.05290335997365744,-0.14338315102828908,-0.2806636301826426
airbag,Airbag,2,KO105_KI75,KO 105 / KI 75,105.0,75.0,107.5,0.9045695637254247,0.09035485751411587,-0.018629030210265286,-0.108515856845115,-0.18874332524423387
airbag,Airbag,2,KO105_KI75,KO 105 / KI 75,105.0,75.0,110.0,1.0779476540795214,0.051238737562150256,-0.0014679884893894148,-0.0754770676309815,-0.11750973002944143
airbag,Airbag,2,KO105_KI75,KO 105 / KI 75,105.0,75.0,112.5,1.1715416616392884,0.0266497283825239,-0.00752490198808545,-0.047427161299624654,-0.06772104442618332
airbag,Airbag,2,KO105_KI75,KO 105 / KI 75,105.0,75.0,115.0,1.216973269142057,0.01259924742790309,-0.007101034250599531,-0.02735721601641239,-0.03602214580384899
airbag,Airbag,2,KO105_KI75,KO 105 / KI 75,105.0,75.0,117.5,1.236738280259809,0.00541678357000862,-0.004611561198299376,-0.014413181189203206,-0.017700511646312478
airbag,Airbag,2,KO105_KI75,KO 105 / KI 75,105.0,75.0,120.0,1.2443857177901279,0.0021139154629138774,-0.0023980016916675456,-0.006944832744328888,-0.008057858486232305
european_ki,European KI,2,KO105_KI75,KO 105 / KI 75,105.0,75.0,60.0,-35.012261476267135,1.2542317633737574,-0.019425361223094722,0.06394170897112872,-1.5029107619810134
european_ki,European KI,2,KO105_KI75,KO 105 / KI 75,105.0,75.0,62.5,-31.867110290987966,1.2562621180357723,-0.025010259381597278,0.00981004175960365,-1.5688672540736803
european_ki,European KI,2,KO105_KI75,KO 105 / KI 75,105.0,75.0,65.0,-28.727077579402117,1.2474504792290184,-0.023223629875735223,-0.05463841418505666,-1.6212784571123962
european_ki,European KI,2,KO105_KI75,KO 105 / KI 75,105.0,75.0,67.5,-25.618607575684823,1.2381440827450754,-0.03846881789174612,-0.1385310613639703,-1.6580196972267203
european_ki,European KI,2,KO105_KI75,KO 105 / KI 75,105.0,75.0,70.0,-22.574822941775356,1.2099417344519023,0.023777390230098453,-0.20157652020177963,-1.6774997371403089
european_ki,European KI,2,KO105_KI75,KO 105 / KI 75,105.0,75.0,72.5,-19.615025494394775,1.155433927893748,0.02247135977298649,-0.2806193627970366,-1.6791483433660659
european_ki,European KI,2,KO105_KI75,KO 105 / KI 75,105.0,75.0,75.0,-16.76261858682244,1.1122367747734547,-0.030361122417768154,-0.3776429539606809,-1.6620192754505325
european_ki,European KI,2,KO105_KI75,KO 105 / KI 75,105.0,75.0,77.5,-14.062803426331358,1.060215429137104,0.016215411814001213,-0.4320557972430308,-1.6263590555634977
european_ki,European KI,2,KO105_KI75,KO 105 / KI 75,105.0,75.0,80.0,-11.512569392491708,0.9728562234620131,-0.07284532105121809,-0.5187133249768827,-1.5709018354641557
european_ki,European KI,2,KO105_KI75,KO 105 / KI 75,105.0,75.0,82.5,-9.16095001082446,0.9117526042617468,0.006037851377076773,-0.5542400850054854,-1.4996496319040986
european_ki,European KI,2,KO105_KI75,KO 105 / KI 75,105.0,75.0,85.0,-7.000296154760162,0.8105538677754495,-0.08175184280645455,-0.6188880928297023,-1.4082253700610892
european_ki,European KI,2,KO105_KI75,KO 105 / KI 75,105.0,75.0,87.5,-5.074637046092307,0.7196755052505027,-0.03611037355929103,-0.6311455136938129,-1.305215433118434
european_ki,European KI,2,KO105_KI75,KO 105 / KI 75,105.0,75.0,90.0,-3.351353010337706,0.5669646680853107,-0.32413938793066244,-0.6894455556075632,-1.1821467658504226
european_ki,European KI,2,KO105_KI75,KO 105 / KI 75,105.0,75.0,92.5,-1.9694430105800174,0.46977695584911777,0.18825504200168064,-0.594221544047572,-1.0513628959071708
european_ki,European KI,2,KO105_KI75,KO 105 / KI 75,105.0,75.0,95.0,-0.8011139872124607,0.45425019069303224,0.14187722190857668,-0.5960760085305822,-0.9071753657111326
european_ki,European KI,2,KO105_KI75,KO 105 / KI 75,105.0,75.0,97.5,0.12871208884961574,0.33752395364792004,-0.20550175176413302,-0.5741975444356162,-0.7517895837870187
european_ki,European KI,2,KO105_KI75,KO 105 / KI 75,105.0,75.0,100.0,0.7484510926881734,0.17106510054059232,-0.14235024470048696,-0.4956544839141537,-0.5978082846322619
european_ki,European KI,2,KO105_KI75,KO 105 / KI 75,105.0,75.0,102.5,1.1089236879121114,0.09171908931709413,0.06892014287503925,-0.36358642186472034,-0.4533184062765594
european_ki,European KI,2,KO105_KI75,KO 105 / KI 75,105.0,75.0,103.0,1.1638759146607458,0.11824965341863618,0.031395205966129734,-0.34613817090281485,-0.425222714407969
european_ki,European KI,2,KO105_KI75,KO 105 / KI 75,105.0,75.0,105.0,1.3110121267963009,0.04995058596203464,-0.0422992386612771,-0.27148433065444855,-0.32067137807061386
european_ki,European KI,2,KO105_KI75,KO 105 / KI 75,105.0,75.0,107.5,1.378137717058074,0.020256972337472756,0.028066440533559486,-0.18546900969882119,-0.21213829127741946
european_ki,European KI,2,KO105_KI75,KO 105 / KI 75,105.0,75.0,110.0,1.38334924919984,-0.0023927810140981923,-0.03017755544908416,-0.12391353192337884,-0.1292471988089572
european_ki,European KI,2,KO105_KI75,KO 105 / KI 75,105.0,75.0,112.5,1.3487393980041034,-0.009981297978740736,-0.019263598888665422,-0.07103148008616089,-0.07341236597713241
european_ki,European KI,2,KO105_KI75,KO 105 / KI 75,105.0,75.0,115.0,1.3118431369912955,-0.00992882364491412,-0.009806445598112072,-0.03604759919957301,-0.038514931408184516
european_ki,European KI,2,KO105_KI75,KO 105 / KI 75,105.0,75.0,117.5,1.2836527260600408,-0.007143421615183568,-0.003961646371692057,-0.016284702231489367,-0.01867689596553035
european_ki,European KI,2,KO105_KI75,KO 105 / KI 75,105.0,75.0,120.0,1.2658770393470427,-0.0042685900315453384,-0.00126124245669601,-0.006462229346940296,-0.008394600102601402
parachute,Parachute,2,KO105_KI75,KO 105 / KI 75,105.0,75.0,60.0,-33.010207348817715,1.3756949455995482,0.05436544542981715,0.04690746368251553,-1.7167568317418613
parachute,Parachute,2,KO105_KI75,KO 105 / KI 75,105.0,75.0,62.5,-29.59621172024941,1.3742133863029835,0.06053843214765948,-0.039063554304153314,-1.7890790374568866
parachute,Parachute,2,KO105_KI75,KO 105 / KI 75,105.0,75.0,65.0,-26.20766424337604,1.3577093069116586,0.0712790088809844,-0.13837669306479228,-1.8423517013058444
parachute,Parachute,2,KO105_KI75,KO 105 / KI 75,105.0,75.0,67.5,-22.881765352258892,1.2993374051092395,0.062310613217438554,-0.24581656825220577,-1.8742941160212467
parachute,Parachute,2,KO105_KI75,KO 105 / KI 75,105.0,75.0,70.0,-19.64608354341344,1.2503274015506043,-0.10813603612677745,-0.3713927130328436,-1.8846950053312383
parachute,Parachute,2,KO105_KI75,KO 105 / KI 75,105.0,75.0,72.5,-16.555527137669486,1.2209844108606023,-0.11684395502288356,-0.4856058238555967,-1.8713089072182498
parachute,Parachute,2,KO105_KI75,KO 105 / KI 75,105.0,75.0,75.0,-13.647308344872963,1.149758618170407,0.05726349943310854,-0.5744188109420705,-1.8337646968694443
parachute,Parachute,2,KO105_KI75,KO 105 / KI 75,105.0,75.0,77.5,-10.811580230760176,1.0643917369167701,-0.1506423934333597,-0.6969403584625304,-1.7828656141318788
parachute,Parachute,2,KO105_KI75,KO 105 / KI 75,105.0,75.0,80.0,-8.233258014471131,1.0121592596979145,0.0762199829532184,-0.7562858683314264,-1.7063676375764558
parachute,Parachute,2,KO105_KI75,KO 105 / KI 75,105.0,75.0,82.5,-5.867879939420477,0.8605685569421382,-0.16758156671503774,-0.8549201255339796,-1.6142274792905198
parachute,Parachute,2,KO105_KI75,KO 105 / KI 75,105.0,75.0,85.0,-3.81250861662662,0.8013774078676792,0.06700663585026644,-0.869017781780582,-1.4987555327131474
parachute,Parachute,2,KO105_KI75,KO 105 / KI 75,105.0,75.0,87.5,-1.9966738103790576,0.6868919392127416,-0.2151937640819295,-0.9363446476428989,-1.373857984869531
parachute,Parachute,2,KO105_KI75,KO 105 / KI 75,105.0,75.0,90.0,-0.4883730585639465,0.47384943879759556,-0.34545035068931196,-0.964719747882888,-1.2285424205445095
parachute,Parachute,2,KO105_KI75,KO 105 / KI 75,105.0,75.0,92.5,0.6363943111489799,0.357810610151829,0.17948441094076267,-0.8259089197745001,-1.0790293875748258
parachute,Parachute,2,KO105_KI75,KO 105 / KI 75,105.0,75.0,95.0,1.4996281321779035,0.32009415832520277,0.12339223172775104,-0.821669339044175,-0.9187201593014116
parachute,Parachute,2,KO105_KI75,KO 105 / KI 75,105.0,75.0,97.5,2.0803109105652884,0.18898704002218267,-0.19382963815386192,-0.7600502876070705,-0.7506428102117546
parachute,Parachute,2,KO105_KI75,KO 105 / KI 75,105.0,75.0,100.0,2.33053121587585,0.026751370890737203,-0.1225473072444867,-0.6403154973167104,-0.5885385296331869
parachute,Parachute,2,KO105_KI75,KO 105 / KI 75,105.0,75.0,102.5,2.327533571556041,-0.04709488991572555,0.05394643186437755,-0.45731044052246816,-0.44011181205179106
parachute,Parachute,2,KO105_KI75,KO 105 / KI 75,105.0,75.0,103.0,2.311121214973807,-0.027161109836030595,0.02115357712366862,-0.4319174293092407,-0.41159509463546406
parachute,Parachute,2,KO105_KI75,KO 105 / KI 75,105.0,75.0,105.0,2.1883672037619086,-0.07697669776005907,-0.026006466572198596,-0.32806982882303837,-0.30670903412262085
parachute,Parachute,2,KO105_KI75,KO 105 / KI 75,105.0,75.0,107.5,1.9682742012616399,-0.0844583923137299,0.028744257673845523,-0.21285094358541,-0.19990868031105613
parachute,Parachute,2,KO105_KI75,KO 105 / KI 75,105.0,75.0,110.0,1.750118533497331,-0.0788425449896546,-0.023533238000755748,-0.13001001327919504,-0.11985799413485321
parachute,Parachute,2,KO105_KI75,KO 105 / KI 75,105.0,75.0,112.5,1.5606076290409951,-0.06058544267238927,-0.010130967760505321,-0.0696630266884859,-0.06700259736991399
parachute,Parachute,2,KO105_KI75,KO 105 / KI 75,105.0,75.0,115.0,1.4248971846282767,-0.04035687255741602,-0.0009397692440878047,-0.030208304217193227,-0.03457737618473011
parachute,Parachute,2,KO105_KI75,KO 105 / KI 75,105.0,75.0,117.5,1.3394166504228837,-0.023825514059598117,0.002653223882130302,-0.010210194116499594,-0.016484533913518895
parachute,Parachute,2,KO105_KI75,KO 105 / KI 75,105.0,75.0,120.0,1.2913716383495772,-0.01263727322432055,0.0027044493777840365,-0.0019050790974279863,-0.007280600503434265
standard_dki,Standard DKI,2,KO105_KI75,KO 105 / KI 75,105.0,75.0,60.0,-39.030351188332276,0.9781866728526841,-0.14294175538817439,0.07661973711378778,-1.2216199194767796
standard_dki,Standard DKI,2,KO105_KI75,KO 105 / KI 75,105.0,75.0,62.5,-36.522599620605696,0.982646333921491,-0.16417475468675546,0.08251374765278285,-1.275197058535582
standard_dki,Standard DKI,2,KO105_KI75,KO 105 / KI 75,105.0,75.0,65.0,-33.99390214975018,0.9851717500465567,-0.17407749624590801,0.08445460710903774,-1.324985238551335
standard_dki,Standard DKI,2,KO105_KI75,KO 105 / KI 75,105.0,75.0,67.5,-31.448290534246816,1.0540841061952924,-0.19548696002658475,0.054149814153440445,-1.369124785658471
standard_dki,Standard DKI,2,KO105_KI75,KO 105 / KI 75,105.0,75.0,70.0,-28.921858184662547,1.061040137776459,0.22847193184334771,0.09746237965188342,-1.4042379442425812
standard_dki,Standard DKI,2,KO105_KI75,KO 105 / KI 75,105.0,75.0,72.5,-26.37396174988036,0.9732755872036739,0.23792151346055912,0.08524370784548552,-1.4311897648720873
standard_dki,Standard DKI,2,KO105_KI75,KO 105 / KI 75,105.0,75.0,75.0,-23.803611850104044,1.0712718520076787,0.3286277495283482,-0.008926129694810214,-1.4475586432155296
standard_dki,Standard DKI,2,KO105_KI75,KO 105 / KI 75,105.0,75.0,77.5,-21.03009515327578,1.1632857128893193,0.24418996098590148,-0.016899076737509233,-1.4620502116763134
standard_dki,Standard DKI,2,KO105_KI75,KO 105 / KI 75,105.0,75.0,80.0,-18.240246653305874,1.037010135545544,-0.2522113591038044,-0.1809574194023682,-1.4575737345996487
standard_dki,Standard DKI,2,KO105_KI75,KO 105 / KI 75,105.0,75.0,82.5,-15.617803442937033,1.0879008098287553,0.2049369019995186,-0.184865095992663,-1.4325757127915395
standard_dki,Standard DKI,2,KO105_KI75,KO 105 / KI 75,105.0,75.0,85.0,-13.04137155433715,0.9417578998616642,-0.2409986021420122,-0.3396064131305039,-1.3836969758632023
standard_dki,Standard DKI,2,KO105_KI75,KO 105 / KI 75,105.0,75.0,87.5,-10.69240158496606,0.8773896245311883,0.15396179468796953,-0.32477693627410886,-1.316573268025678
standard_dki,Standard DKI,2,KO105_KI75,KO 105 / KI 75,105.0,75.0,90.0,-8.455625848994858,0.8256312551322627,-0.1319740573566859,-0.407718131721726,-1.223237884376971
standard_dki,Standard DKI,2,KO105_KI75,KO 105 / KI 75,105.0,75.0,92.5,-6.4690057487883115,0.7404200601869204,0.0449130394988309,-0.43543892666689743,-1.112732085515944
standard_dki,Standard DKI,2,KO105_KI75,KO 105 / KI 75,105.0,75.0,95.0,-4.6900012204675114,0.6811055665898224,0.04189414706596882,-0.42561858544853326,-0.9819316960562041
standard_dki,Standard DKI,2,KO105_KI75,KO 105 / KI 75,105.0,75.0,97.5,-3.137862295546503,0.5796029507723506,-0.12126561491579751,-0.424814062739137,-0.8328339270016638
standard_dki,Standard DKI,2,KO105_KI75,KO 105 / KI 75,105.0,75.0,100.0,-1.8633451289405416,0.4420551890152309,-0.09872200088334182,-0.39179200654648305,-0.6763686203755892
standard_dki,Standard DKI,2,KO105_KI75,KO 105 / KI 75,105.0,75.0,102.5,-0.8649629880744849,0.34088115759661186,0.02666882600425617,-0.3389284135798203,-0.5225210059791152
standard_dki,Standard DKI,2,KO105_KI75,KO 105 / KI 75,105.0,75.0,103.0,-0.6907576140991192,0.346335850932976,-0.009435966001112036,-0.3278149793867873,-0.49217653459865396
standard_dki,Standard DKI,2,KO105_KI75,KO 105 / KI 75,105.0,75.0,105.0,-0.0978285026025171,0.25802716125512865,-0.0718821546711917,-0.27438004440063846,-0.37721620074042256
standard_dki,Standard DKI,2,KO105_KI75,KO 105 / KI 75,105.0,75.0,107.5,0.43655949029875724,0.18285024422237703,0.0013854063127969353,-0.20647246166114758,-0.2544556732331782
standard_dki,Standard DKI,2,KO105_KI75,KO 105 / KI 75,105.0,75.0,110.0,0.7961763204095991,0.11604606752442145,-0.022771724034014226,-0.1509928581062968,-0.1585007125389004
standard_dki,Standard DKI,2,KO105_KI75,KO 105 / KI 75,105.0,75.0,112.5,1.010859311848644,0.06832475647957696,-0.023840765810981327,-0.09405743123194699,-0.09181874004267065
standard_dki,Standard DKI,2,KO105_KI75,KO 105 / KI 75,105.0,75.0,115.0,1.1320930544665757,0.03712638519120403,-0.018759331433738077,-0.05697829499269669,-0.0491296916074635
standard_dki,Standard DKI,2,KO105_KI75,KO 105 / KI 75,105.0,75.0,117.5,1.195202187689882,0.018647341722356183,-0.011987531102555252,-0.03198569556850539,-0.02429707445692486
standard_dki,Standard DKI,2,KO105_KI75,KO 105 / KI 75,105.0,75.0,120.0,1.225515037944287,0.008668636786808109,-0.006438524960930867,-0.01662695623146382,-0.0111360704282637
stepdown,Step-down,2,KO105_KI75,KO 105 / KI 75,105.0,75.0,60.0,-37.85308869201423,1.1126156844032191,0.06834781394186647,0.16620743014259887,-1.3305006395384567
stepdown,Step-down,2,KO105_KI75,KO 105 / KI 75,105.0,75.0,62.5,-35.07940417788724,1.1295842282273498,0.07680675438095932,0.1653304277452321,-1.3943269833895044
stepdown,Step-down,2,KO105_KI75,KO 105 / KI 75,105.0,75.0,65.0,-32.2730867523666,1.1408365619308223,0.09556591444460315,0.15498545447342593,-1.450378371831107
stepdown,Step-down,2,KO105_KI75,KO 105 / KI 75,105.0,75.0,67.5,-29.448444345590673,1.1168937943006716,0.08440017727417773,0.13705501834741085,-1.495906961538651
stepdown,Step-down,2,KO105_KI75,KO 105 / KI 75,105.0,75.0,70.0,-26.615191592857755,1.1117344449387494,-0.09042240417132381,0.09131472827207432,-1.529189238326012
stepdown,Step-down,2,KO105_KI75,KO 105 / KI 75,105.0,75.0,72.5,-23.815223254905188,1.1266507715477205,-0.08989545334201429,0.050060431990544885,-1.546455103234834
stepdown,Step-down,2,KO105_KI75,KO 105 / KI 75,105.0,75.0,75.0,-21.074363068115165,1.1207908859023945,0.16787274282425338,0.018005226124202522,-1.546143271954037
stepdown,Step-down,2,KO105_KI75,KO 105 / KI 75,105.0,75.0,77.5,-18.220114087598724,1.104498766419538,-0.08889798650192919,-0.07015495353981649,-1.5345469740957185
stepdown,Step-down,2,KO105_KI75,KO 105 / KI 75,105.0,75.0,80.0,-15.491782850347363,1.0835503976826688,0.04414418511897721,-0.12769651114941993,-1.5005053334704144
stepdown,Step-down,2,KO105_KI75,KO 105 / KI 75,105.0,75.0,82.5,-12.878237292664004,0.9978242171338427,-0.08496834637976833,-0.21323809147986772,-1.4461750106230298
stepdown,Step-down,2,KO105_KI75,KO 105 / KI 75,105.0,75.0,85.0,-10.44593090098442,0.9366605903646844,-0.02525322824049526,-0.26926369875356393,-1.3704207997919937
stepdown,Step-down,2,KO105_KI75,KO 105 / KI 75,105.0,75.0,87.5,-8.201250811429222,0.8571237353435777,-0.02152148336630935,-0.3227301750611762,-1.275394905946392
stepdown,Step-down,2,KO105_KI75,KO 105 / KI 75,105.0,75.0,90.0,-6.1752156417753925,0.7625559294455374,-0.03475646845472465,-0.36346241312842675,-1.1628469451725465
stepdown,Step-down,2,KO105_KI75,KO 105 / KI 75,105.0,75.0,92.5,-4.3877553268506135,0.6626923184446947,-0.06900805565598357,-0.38610854857086707,-1.035495839560241
stepdown,Step-down,2,KO105_KI75,KO 105 / KI 75,105.0,75.0,95.0,-2.85592833146767,0.5565745638086715,-0.08824653112258095,-0.39057638162119535,-0.8951650969675651
stepdown,Step-down,2,KO105_KI75,KO 105 / KI 75,105.0,75.0,97.5,-1.605293399821366,0.43924530311113447,-0.03957772230307555,-0.37181211597875263,-0.7453075964906963
stepdown,Step-down,2,KO105_KI75,KO 105 / KI 75,105.0,75.0,100.0,-0.6261970064318559,0.33711088244074194,-0.021512849104988963,-0.3372193296581121,-0.5935205825290946
stepdown,Step-down,2,KO105_KI75,KO 105 / KI 75,105.0,75.0,102.5,0.09622124591277119,0.24522709401323706,-0.018113705245015356,-0.2855880367555389,-0.4481917036413527
stepdown,Step-down,2,KO105_KI75,KO 105 / KI 75,105.0,75.0,103.0,0.21696152508002192,0.2280979523869777,-0.053909043679748136,-0.2751004108528598,-0.42263463492553943
stepdown,Step-down,2,KO105_KI75,KO 105 / KI 75,105.0,75.0,105.0,0.5920422959816602,0.15707344721854744,-0.05587553758218145,-0.2243826595163808,-0.3191980054079724
stepdown,Step-down,2,KO105_KI75,KO 105 / KI 75,105.0,75.0,107.5,0.9000261551497478,0.0952188830468665,-0.017314935969656334,-0.1621383918293715,-0.21203169276401423
stepdown,Step-down,2,KO105_KI75,KO 105 / KI 75,105.0,75.0,110.0,1.0800081688163679,0.05276186882939505,-0.003174726193335495,-0.1090851514528951,-0.1302783386489148
stepdown,Step-down,2,KO105_KI75,KO 105 / KI 75,105.0,75.0,112.5,1.1746221668080818,0.026775254541012136,-0.008351680067139315,-0.06570697336847497,-0.07443484358469199
stepdown,Step-down,2,KO105_KI75,KO 105 / KI 75,105.0,75.0,115.0,1.2193908972488818,0.012301797689082681,-0.007380662098520111,-0.037122065154480355,-0.03931123594906882
stepdown,Step-down,2,KO105_KI75,KO 105 / KI 75,105.0,75.0,117.5,1.2382260308385935,0.005106918964845844,-0.004637332943643578,-0.01926030331177553,-0.019202027979159375
stepdown,Step-down,2,KO105_KI75,KO 105 / KI 75,105.0,75.0,120.0,1.2451712804989228,0.001904335941183925,-0.0023522806955654663,-0.00918393232465875,-0.008697931453482965
airbag,Airbag,3,KO105_KI75,KO 105 / KI 75,105.0,75.0,60.0,-21.552478200271686,0.7073438457246854,-1.2109678810990232,0.4152268971600499,-0.8796970617037658
airbag,Airbag,3,KO105_KI75,KO 105 / KI 75,105.0,75.0,62.5,-20.317227616847312,0.36642651573100127,1.2057211902854397,0.6828081647356363,-0.9565807257910564
airbag,Airbag,3,KO105_KI75,KO 105 / KI 75,105.0,75.0,65.0,-18.768526833166337,0.7725872627650049,-1.1629596025266749,0.45935465699768585,-1.0374786119744073
airbag,Airbag,3,KO105_KI75,KO 105 / KI 75,105.0,75.0,67.5,-17.268255384731155,0.42676450765706925,-1.1204241256877105,0.5968715362346302,-1.108919808957154
airbag,Airbag,3,KO105_KI75,KO 105 / KI 75,105.0,75.0,70.0,-15.841641490616041,0.6313503374258974,0.033133122252912255,0.7199703188278175,-1.1705066361308525
airbag,Airbag,3,KO105_KI75,KO 105 / KI 75,105.0,75.0,72.5,-14.11245164430541,0.824642463246114,-1.0016633691212626,0.42912778313694133,-1.2209986636793957
airbag,Airbag,3,KO105_KI75,KO 105 / KI 75,105.0,75.0,75.0,-12.493285630164017,0.6737958662111249,0.1440993270304034,0.39362624875119145,-1.2563459254785414
airbag,Airbag,3,KO105_KI75,KO 105 / KI 75,105.0,75.0,77.5,-10.751067279423108,0.5293580188018796,-0.8599225588950625,0.3351966577128547,-1.2816827309803713
airbag,Airbag,3,KO105_KI75,KO 105 / KI 75,105.0,75.0,80.0,-9.15816994314723,0.524001554705511,0.7735854139077735,0.5308149838146292,-1.2908294143361587
airbag,Airbag,3,KO105_KI75,KO 105 / KI 75,105.0,75.0,82.5,-7.485898199112956,0.6552179204451747,-0.0178148483030327,0.45049948167337206,-1.275987532675238
airbag,Airbag,3,KO105_KI75,KO 105 / KI 75,105.0,75.0,85.0,-5.8905816143986405,0.6183645371881737,-0.02624407323427281,0.36644844639261454,-1.2385868166807867
airbag,Airbag,3,KO105_KI75,KO 105 / KI 75,105.0,75.0,87.5,-4.400608587711336,0.6861682617309514,0.5064224539238351,0.2825080311840349,-1.17885432632594
airbag,Airbag,3,KO105_KI75,KO 105 / KI 75,105.0,75.0,90.0,-2.9431145699964274,0.49012877782612996,0.05789405831881154,0.06950333955765409,-1.0899039324850701
airbag,Airbag,3,KO105_KI75,KO 105 / KI 75,105.0,75.0,92.5,-1.7568989561155068,0.42559158397162805,0.031768113407829285,0.010830756170023381,-0.9878165358279123
airbag,Airbag,3,KO105_KI75,KO 105 / KI 75,105.0,75.0,95.0,-0.7583821482993999,0.35168627228155735,0.02411784176637933,-0.0373995099908655,-0.8674673526815613
airbag,Airbag,3,KO105_KI75,KO 105 / KI 75,105.0,75.0,97.5,0.03326423420778121,0.27108772534285464,0.031394966341580635,-0.07181404129193833,-0.7328167051729562
airbag,Airbag,3,KO105_KI75,KO 105 / KI 75,105.0,75.0,100.0,0.6178457129901899,0.18329447207967553,-0.018889714216691278,-0.09317984062259221,-0.5933741171746165
airbag,Airbag,3,KO105_KI75,KO 105 / KI 75,105.0,75.0,102.5,0.9975907755101591,0.11035510900324083,-0.029774027597877308,-0.12731127378175566,-0.4527318646443401
airbag,Airbag,3,KO105_KI75,KO 105 / KI 75,105.0,75.0,103.0,1.0489059308790898,0.10450194823496789,0.0068843201014859925,-0.08425327522042303,-0.4231014784815468
airbag,Airbag,3,KO105_KI75,KO 105 / KI 75,105.0,75.0,105.0,1.2131440417835626,0.05808558005383966,-0.051609724287174204,-0.101041375296411,-0.3232943494184459
airbag,Airbag,3,KO105_KI75,KO 105 / KI 75,105.0,75.0,107.5,1.301934812196001,0.020002243726916787,0.0004566769395232611,-0.07148027990623129,-0.21595665484701598
airbag,Airbag,3,KO105_KI75,KO 105 / KI 75,105.0,75.0,110.0,1.326248500759487,-0.003908286706112328,-0.009769663451335984,-0.03156688817230835,-0.13284722032884666
airbag,Airbag,3,KO105_KI75,KO 105 / KI 75,105.0,75.0,112.5,1.3148848105701358,-0.007621854387282628,-0.0036937124403576536,-0.016500572796534607,-0.07533874020995146
airbag,Airbag,3,KO105_KI75,KO 105 / KI 75,105.0,75.0,115.0,1.293328093098471,-0.006408709800988099,-0.0074970725546585175,-0.013232168506464914,-0.040488055856569005
airbag,Airbag,3,KO105_KI75,KO 105 / KI 75,105.0,75.0,117.5,1.272864307961751,-0.004697528873521604,0.005700917365779484,-0.003961770315918711,-0.019670615118361212
airbag,Airbag,3,KO105_KI75,KO 105 / KI 75,105.0,75.0,120.0,1.2608468597241302,-0.00479425081556295,0.0035705266937265576,0.0012554433196465542,-0.009008046874892095
european_ki,European KI,3,KO105_KI75,KO 105 / KI 75,105.0,75.0,60.0,-34.1147546529425,1.2113949736051903,-0.09920065210277725,0.04842144778435653,-2.113288397934099
european_ki,European KI,3,KO105_KI75,KO 105 / KI 75,105.0,75.0,62.5,-31.135863449913728,1.1732900695282809,0.11154908499735029,0.03433084435841849,-2.1845542856969047
european_ki,European KI,3,KO105_KI75,KO 105 / KI 75,105.0,75.0,65.0,-28.152557337964748,1.2019758882331042,-0.14688623146546148,-0.05989157488591701,-2.240411142583909
european_ki,European KI,3,KO105_KI75,KO 105 / KI 75,105.0,75.0,67.5,-25.220211049424947,1.139202046121752,-0.16000771574787226,-0.09060268133274008,-2.276652984816252
european_ki,European KI,3,KO105_KI75,KO 105 / KI 75,105.0,75.0,70.0,-22.36562402062021,1.1337399901579608,-0.007065146282668267,-0.1357929797157773,-2.2926682356125383
european_ki,European KI,3,KO105_KI75,KO 105 / KI 75,105.0,75.0,72.5,-19.553971071587448,1.1259574907765864,-0.16561035017946607,-0.2564873254948594,-2.2864078051600956
european_ki,European KI,3,KO105_KI75,KO 105 / KI 75,105.0,75.0,75.0,-16.86069944080586,1.054139555784199,-0.028582679758730793,-0.32342757042446735,-2.2584220799835464
european_ki,European KI,3,KO105_KI75,KO 105 / KI 75,105.0,75.0,77.5,-14.289597623248914,0.9715903424142329,-0.16386236658103734,-0.3870505138488216,-2.206441993665642
european_ki,European KI,3,KO105_KI75,KO 105 / KI 75,105.0,75.0,80.0,-11.881309599175317,0.91478506800029,0.126328901098649,-0.3797701518780112,-2.1344262671718184
european_ki,European KI,3,KO105_KI75,KO 105 / KI 75,105.0,75.0,82.5,-9.608380832851351,0.8746000868489117,-0.04984960429723431,-0.43050839313574407,-2.0384480414019635
european_ki,European KI,3,KO105_KI75,KO 105 / KI 75,105.0,75.0,85.0,-7.514871564442185,0.7982883487188045,-0.05409253053293332,-0.4704018570049122,-1.9201209214153359
european_ki,European KI,3,KO105_KI75,KO 105 / KI 75,105.0,75.0,87.5,-5.61852014243119,0.7372327225837897,0.06139260596186506,-0.49806018937244456,-1.780668160761678
european_ki,European KI,3,KO105_KI75,KO 105 / KI 75,105.0,75.0,90.0,-3.8981288464973782,0.7056996448433613,-0.3833511939574189,-0.558816556660378,-1.6167818241576537
european_ki,European KI,3,KO105_KI75,KO 105 / KI 75,105.0,75.0,92.5,-2.44929860941103,0.6018742265984438,-0.3379819986778879,-0.5520249715189149,-1.4387406375728773
european_ki,European KI,3,KO105_KI75,KO 105 / KI 75,105.0,75.0,95.0,-1.2481213269210782,0.49309338215612825,-0.27583615137772827,-0.5280182624201084,-1.2447890959094376
european_ki,European KI,3,KO105_KI75,KO 105 / KI 75,105.0,75.0,97.5,-0.303595377066994,0.381641286778161,-0.20348273602073216,-0.4853123400026549,-1.0393678533578643
european_ki,European KI,3,KO105_KI75,KO 105 / KI 75,105.0,75.0,100.0,0.3507599558816705,0.2659468345032309,0.1433042334020176,-0.38478564627409667,-0.8375258620054504
european_ki,European KI,3,KO105_KI75,KO 105 / KI 75,105.0,75.0,102.5,0.8214529877383351,0.17023369585977888,0.08248513090976385,-0.3198120057969266,-0.6351780974589216
european_ki,European KI,3,KO105_KI75,KO 105 / KI 75,105.0,75.0,103.0,0.9178831307080231,0.16132159863265005,-0.11597078749647866,-0.3269190902603307,-0.5905763506088513
european_ki,European KI,3,KO105_KI75,KO 105 / KI 75,105.0,75.0,105.0,1.1022334240451432,0.07956730854810395,-0.06018610087250862,-0.2415896071692636,-0.45181050768776654
european_ki,European KI,3,KO105_KI75,KO 105 / KI 75,105.0,75.0,107.5,1.234673497279377,0.018894418869803645,0.05797166066080197,-0.16857921279189925,-0.3012270061308664
european_ki,European KI,3,KO105_KI75,KO 105 / KI 75,105.0,75.0,110.0,1.2974736487001213,-0.004891332238984201,-0.038153495291029765,-0.11404895273487625,-0.18424757481165788
european_ki,European KI,3,KO105_KI75,KO 105 / KI 75,105.0,75.0,112.5,1.3000449039740236,-0.003528755885326381,-0.00618396207710318,-0.06597803654314816,-0.10450036046016908
european_ki,European KI,3,KO105_KI75,KO 105 / KI 75,105.0,75.0,115.0,1.2858816468213103,-0.0011652215898769551,-0.017852894762213082,-0.037624935993236575,-0.056213450631315
european_ki,European KI,3,KO105_KI75,KO 105 / KI 75,105.0,75.0,117.5,1.2680250171733831,-0.002160431912310112,0.008562958793464045,-0.015038620367213484,-0.027510452299339683
european_ki,European KI,3,KO105_KI75,KO 105 / KI 75,105.0,75.0,120.0,1.2586925800925752,-0.004689537603847679,0.005698472703483424,-0.005291382551583013,-0.012625727175619161
parachute,Parachute,3,KO105_KI75,KO 105 / KI 75,105.0,75.0,60.0,-30.645875788222973,1.3108330683309493,0.09629063159183697,-0.0430984089515718,-2.472324476553922
parachute,Parachute,3,KO105_KI75,KO 105 / KI 75,105.0,75.0,62.5,-27.341000930935984,1.322360442100694,-0.11397534525160154,-0.1455399843977716,-2.543632602611723
parachute,Parachute,3,KO105_KI75,KO 105 / KI 75,105.0,75.0,65.0,-24.12121681271999,1.2577202030542622,0.08500924393512008,-0.23943702750239026,-2.587417623115229
parachute,Parachute,3,KO105_KI75,KO 105 / KI 75,105.0,75.0,67.5,-20.985281094531462,1.2504912883657726,0.09185326787171738,-0.34168974292257914,-2.606551382622868
parachute,Parachute,3,KO105_KI75,KO 105 / KI 75,105.0,75.0,70.0,-17.95617663608575,1.1786072263103973,-0.03475659120154232,-0.4598283448396252,-2.6016333398811042
parachute,Parachute,3,KO105_KI75,KO 105 / KI 75,105.0,75.0,72.5,-15.103052728515477,1.0944102780417524,0.09813851560669844,-0.5457228667291805,-2.5641771449290474
parachute,Parachute,3,KO105_KI75,KO 105 / KI 75,105.0,75.0,75.0,-12.40431543280409,1.0589252470921504,0.03316173234956447,-0.636750387308938,-2.503635112422309
parachute,Parachute,3,KO105_KI75,KO 105 / KI 75,105.0,75.0,77.5,-9.814844115469572,1.017061822278282,0.11092812491095146,-0.7175731012212356,-2.4227116152253814
parachute,Parachute,3,KO105_KI75,KO 105 / KI 75,105.0,75.0,80.0,-7.4144640144856115,0.9361305320065838,-0.14530717982179084,-0.8085972802206207,-2.3215785410795498
parachute,Parachute,3,KO105_KI75,KO 105 / KI 75,105.0,75.0,82.5,-5.259294453581658,0.8137970055014452,-0.07412283851543139,-0.8640299629934223,-2.1932402463325396
parachute,Parachute,3,KO105_KI75,KO 105 / KI 75,105.0,75.0,85.0,-3.351821687416182,0.710514381445828,-0.07600402512711792,-0.8976393696999692,-2.0428051588908147
parachute,Parachute,3,KO105_KI75,KO 105 / KI 75,105.0,75.0,87.5,-1.7052817527402366,0.5698701773161632,-0.20062597983236424,-0.9091727243553644,-1.8727252185442467
parachute,Parachute,3,KO105_KI75,KO 105 / KI 75,105.0,75.0,90.0,-0.3112272470574129,0.5742455587008657,-0.40575266753840444,-0.9257659221831545,-1.6797553591767156
parachute,Parachute,3,KO105_KI75,KO 105 / KI 75,105.0,75.0,92.5,0.7744856045488928,0.4462144317430776,-0.3403229540394184,-0.8834805823044463,-1.4771848067944404
parachute,Parachute,3,KO105_KI75,KO 105 / KI 75,105.0,75.0,95.0,1.5659435845060936,0.3170749638447668,-0.25706507315973226,-0.8167244540369518,-1.2629356900187405
parachute,Parachute,3,KO105_KI75,KO 105 / KI 75,105.0,75.0,97.5,2.065483280027382,0.1913040176782251,-0.1682521459482036,-0.724635154330928,-1.0420212722502598
parachute,Parachute,3,KO105_KI75,KO 105 / KI 75,105.0,75.0,100.0,2.2682186007615495,0.0713401766549655,0.10540378016088425,-0.5796160915727315,-0.8303105168796066
parachute,Parachute,3,KO105_KI75,KO 105 / KI 75,105.0,75.0,102.5,2.2870611131200977,-0.0132314767351122,0.05187036231006576,-0.43333917067806915,-0.6221878825571014
parachute,Parachute,3,KO105_KI75,KO 105 / KI 75,105.0,75.0,103.0,2.28759630412129,-0.020158736797176346,-0.07800394217664869,-0.4465629260827997,-0.5766765075242652
parachute,Parachute,3,KO105_KI75,KO 105 / KI 75,105.0,75.0,105.0,2.1530864085803114,-0.07359684827730258,-0.033195940199927915,-0.3099852145534505,-0.43717533465650327
parachute,Parachute,3,KO105_KI75,KO 105 / KI 75,105.0,75.0,107.5,1.9406961025793228,-0.10055427434446264,0.04494769719165578,-0.20143267827615396,-0.28807370829664336
parachute,Parachute,3,KO105_KI75,KO 105 / KI 75,105.0,75.0,110.0,1.7346937387783912,-0.08932564772890676,-0.028687106647545764,-0.12924186814716143,-0.1739102118169411
parachute,Parachute,3,KO105_KI75,KO 105 / KI 75,105.0,75.0,112.5,1.5502661059483722,-0.06278080985662093,0.021726350190736404,-0.06497117686070797,-0.09737505059621565
parachute,Parachute,3,KO105_KI75,KO 105 / KI 75,105.0,75.0,115.0,1.4216073396138973,-0.03853988241828428,-0.016208993062529365,-0.02992311409065085,-0.05177049544931034
parachute,Parachute,3,KO105_KI75,KO 105 / KI 75,105.0,75.0,117.5,1.3346426758851806,-0.021493635588211463,0.016903376120014173,-0.008430059893396846,-0.02504608406332931
parachute,Parachute,3,KO105_KI75,KO 105 / KI 75,105.0,75.0,120.0,1.2895100728960698,-0.01545551118567227,0.007680558145935059,-0.00016395562554327725,-0.011357197015682274
standard_dki,Standard DKI,3,KO105_KI75,KO 105 / KI 75,105.0,75.0,60.0,-37.61840084793313,1.0887927735026537,-0.2750791130350668,0.1338911555137301,-1.8406886875965256
standard_dki,Standard DKI,3,KO105_KI75,KO 105 / KI 75,105.0,75.0,62.5,-35.01707818339035,1.0054341353956033,0.30959634053942864,0.19588484432224362,-1.9111376731544283
standard_dki,Standard DKI,3,KO105_KI75,KO 105 / KI 75,105.0,75.0,65.0,-32.3353987303219,1.1146616394021327,-0.34713496505411545,0.10959477408253093,-1.975909440979251
standard_dki,Standard DKI,3,KO105_KI75,KO 105 / KI 75,105.0,75.0,67.5,-29.67757167341842,1.0039528987452788,-0.37400489021834593,0.13910362737935245,-2.025710721652274
standard_dki,Standard DKI,3,KO105_KI75,KO 105 / KI 75,105.0,75.0,70.0,-27.071917684507078,1.0556238288679356,0.016112049487174093,0.15939213149191644,-2.059043960012019
standard_dki,Standard DKI,3,KO105_KI75,KO 105 / KI 75,105.0,75.0,72.5,-24.39525111386971,1.112667835607231,-0.38560613652853576,0.01798269873335201,-2.0776618772032407
standard_dki,Standard DKI,3,KO105_KI75,KO 105 / KI 75,105.0,75.0,75.0,-21.804222007607283,1.0505114938761058,0.12733544326950627,-0.025640700348603218,-2.076099330249548
standard_dki,Standard DKI,3,KO105_KI75,KO 105 / KI 75,105.0,75.0,77.5,-19.14921201132059,0.9758078492789063,-0.3856393593636668,-0.08575279704951555,-2.0604993525768833
standard_dki,Standard DKI,3,KO105_KI75,KO 105 / KI 75,105.0,75.0,80.0,-16.63009550190456,0.9406334883975287,0.34189694868045345,-0.015158118408145071,-2.023111996771121
standard_dki,Standard DKI,3,KO105_KI75,KO 105 / KI 75,105.0,75.0,82.5,-14.154942620750134,0.9667986645083954,-0.029447545128869143,-0.07336651715265319,-1.9610855671881922
standard_dki,Standard DKI,3,KO105_KI75,KO 105 / KI 75,105.0,75.0,85.0,-11.803351904208593,0.9122047160415961,-0.03617584727554761,-0.12840038212880955,-1.87381719909272
standard_dki,Standard DKI,3,KO105_KI75,KO 105 / KI 75,105.0,75.0,87.5,-9.598381141964282,0.9126845535309006,0.26310350229210155,-0.17731524911783048,-1.7616736809712208
standard_dki,Standard DKI,3,KO105_KI75,KO 105 / KI 75,105.0,75.0,90.0,-7.520749602439777,0.8278721051253858,-0.2507946475154348,-0.2651407573712907,-1.6211352549474256
standard_dki,Standard DKI,3,KO105_KI75,KO 105 / KI 75,105.0,75.0,92.5,-5.675282344479194,0.7458176609738372,-0.23885562151223674,-0.29243352786410615,-1.460962874459959
standard_dki,Standard DKI,3,KO105_KI75,KO 105 / KI 75,105.0,75.0,95.0,-4.042609307562524,0.6558006614062025,-0.21118239263797953,-0.3065071971564475,-1.279468715124299
standard_dki,Standard DKI,3,KO105_KI75,KO 105 / KI 75,105.0,75.0,97.5,-2.6415753416298617,0.557972824467288,-0.1689057605168928,-0.305675170463811,-1.0809244052043976
standard_dki,Standard DKI,3,KO105_KI75,KO 105 / KI 75,105.0,75.0,100.0,-1.5190996799140675,0.4466470797221169,0.13072791379110704,-0.2532133947373125,-0.8800935192802672
standard_dki,Standard DKI,3,KO105_KI75,KO 105 / KI 75,105.0,75.0,102.5,-0.6020446511964126,0.34116699874366896,0.07582622887791902,-0.2559557916464592,-0.6748760156015665
standard_dki,Standard DKI,3,KO105_KI75,KO 105 / KI 75,105.0,75.0,103.0,-0.42101147192910165,0.33076433073918576,-0.11516984736986194,-0.2444475636300199,-0.6295352434017631
standard_dki,Standard DKI,3,KO105_KI75,KO 105 / KI 75,105.0,75.0,105.0,0.0847788024247251,0.2289796704588305,-0.08750417898889179,-0.20942037770759392,-0.4853547289768653
standard_dki,Standard DKI,3,KO105_KI75,KO 105 / KI 75,105.0,75.0,107.5,0.5526254794190134,0.1398138224025033,0.05207672358549965,-0.16033077046694033,-0.32692874071044153
standard_dki,Standard DKI,3,KO105_KI75,KO 105 / KI 75,105.0,75.0,110.0,0.8728354121540982,0.07980970225698325,-0.03839685400373159,-0.1111703366338852,-0.20235031127203706
standard_dki,Standard DKI,3,KO105_KI75,KO 105 / KI 75,105.0,75.0,112.5,1.057375137780821,0.05406043596235537,-0.03343169882743024,-0.07406094462046342,-0.11602055102091224
standard_dki,Standard DKI,3,KO105_KI75,KO 105 / KI 75,105.0,75.0,115.0,1.154383201108019,0.034156106215919406,-0.016169054606089684,-0.04915592581408634,-0.0630167993737274
standard_dki,Standard DKI,3,KO105_KI75,KO 105 / KI 75,105.0,75.0,117.5,1.203995643556397,0.016109956755854343,-0.00059975508662778,-0.023974572511583858,-0.031100882358958692
standard_dki,Standard DKI,3,KO105_KI75,KO 105 / KI 75,105.0,75.0,120.0,1.2290910725545472,0.005873698940475995,0.0030780561633346627,-0.011482903975782222,-0.014409169655738019
stepdown,Step-down,3,KO105_KI75,KO 105 / KI 75,105.0,75.0,60.0,-33.94692939386568,1.2163663705659526,0.13936122211385776,0.2593355810768969,-2.140138183308693
stepdown,Step-down,3,KO105_KI75,KO 105 / KI 75,105.0,75.0,62.5,-30.83748683027868,1.2569543788226327,-0.13725943147754152,0.20560606015499872,-2.209751947421168
stepdown,Step-down,3,KO105_KI75,KO 105 / KI 75,105.0,75.0,65.0,-27.768726545061632,1.2040496513274836,0.11073281913005414,0.1701296765797622,-2.256307815545
stepdown,Step-down,3,KO105_KI75,KO 105 / KI 75,105.0,75.0,67.5,-24.728578808745606,1.2263083418445548,0.10863699874007503,0.109140350426987,-2.281422694445112
stepdown,Step-down,3,KO105_KI75,KO 105 / KI 75,105.0,75.0,70.0,-21.742537345432584,1.1712410968841473,-0.0132039234461918,0.02722293275415666,-2.2837629992590536
stepdown,Step-down,3,KO105_KI75,KO 105 / KI 75,105.0,75.0,72.5,-18.881166472275076,1.1078370062309983,0.09497166667751572,-0.029014629747173615,-2.258301556852871
stepdown,Step-down,3,KO105_KI75,KO 105 / KI 75,105.0,75.0,75.0,-16.126741373440208,1.0937556014835035,0.06925653313699816,-0.10298154019986683,-2.209852658109668
stepdown,Step-down,3,KO105_KI75,KO 105 / KI 75,105.0,75.0,77.5,-13.420326355420263,1.0663756510186202,0.07775642385065795,-0.1768590770372196,-2.1392727563890546
stepdown,Step-down,3,KO105_KI75,KO 105 / KI 75,105.0,75.0,80.0,-10.87137701604512,0.9953967394060337,-0.10229091020932389,-0.26107915296548967,-2.0452896048579916
stepdown,Step-down,3,KO105_KI75,KO 105 / KI 75,105.0,75.0,82.5,-8.538143758320068,0.9006851838814592,-0.045979923445615266,-0.31100868316123176,-1.9276171952977705
stepdown,Step-down,3,KO105_KI75,KO 105 / KI 75,105.0,75.0,85.0,-6.412540696877802,0.8048296147227461,-0.06485644828477931,-0.36274315311240724,-1.789842068018288
stepdown,Step-down,3,KO105_KI75,KO 105 / KI 75,105.0,75.0,87.5,-4.521009325214266,0.7027078161869876,-0.11268648904737515,-0.40258245656322966,-1.634087231837622
stepdown,Step-down,3,KO105_KI75,KO 105 / KI 75,105.0,75.0,90.0,-2.8836298199367256,0.5882549945211973,-0.03685495033209918,-0.42482087130255763,-1.4630463612787636
stepdown,Step-down,3,KO105_KI75,KO 105 / KI 75,105.0,75.0,92.5,-1.5084428227310955,0.48056050404218786,-0.03813256582799161,-0.43111406460113755,-1.2800751061655236
stepdown,Step-down,3,KO105_KI75,KO 105 / KI 75,105.0,75.0,95.0,-0.4060335867586618,0.3688203248471038,-0.050882710357007394,-0.4205716659482483,-1.0888171562293714
stepdown,Step-down,3,KO105_KI75,KO 105 / KI 75,105.0,75.0,97.5,0.42025280953535116,0.2589030541509244,-0.06645363023559914,-0.39089437965288887,-0.8943660192563208
stepdown,Step-down,3,KO105_KI75,KO 105 / KI 75,105.0,75.0,100.0,0.9820113359478172,0.16301005766656296,-0.081273671149801,-0.34200199763219585,-0.7041764282910146
stepdown,Step-down,3,KO105_KI75,KO 105 / KI 75,105.0,75.0,102.5,1.308136266383026,0.0953945987016919,-0.09080278160198835,-0.2767533445777868,-0.5267470476471692
stepdown,Step-down,3,KO105_KI75,KO 105 / KI 75,105.0,75.0,103.0,1.3443768801354758,0.06106475709099712,-0.04861394031216879,-0.26011617325499015,-0.49131104275412785
stepdown,Step-down,3,KO105_KI75,KO 105 / KI 75,105.0,75.0,105.0,1.4428291044402748,0.03621934930504106,-0.07587099406856121,-0.2042483257352179,-0.369019581489205
stepdown,Step-down,3,KO105_KI75,KO 105 / KI 75,105.0,75.0,107.5,1.463213466142935,-0.000688125141765019,-0.017831574106057894,-0.13755283505243,-0.24286481682629368
stepdown,Step-down,3,KO105_KI75,KO 105 / KI 75,105.0,75.0,110.0,1.4264855530255052,-0.020007442240501862,0.0011737166522993467,-0.0807430237286677,-0.1472990920704742
stepdown,Step-down,3,KO105_KI75,KO 105 / KI 75,105.0,75.0,112.5,1.3734739764856323,-0.021076918470332058,0.002205633869589236,-0.042923418228771215,-0.08252488623017307
stepdown,Step-down,3,KO105_KI75,KO 105 / KI 75,105.0,75.0,115.0,1.3255216921550579,-0.01618679510270451,-0.0033772153172081467,-0.021854246437436053,-0.043934814332491356
stepdown,Step-down,3,KO105_KI75,KO 105 / KI 75,105.0,75.0,117.5,1.2893991935087883,-0.009845669207783377,0.006273649302136153,-0.008128923763571994,-0.02120541025849576
stepdown,Step-down,3,KO105_KI75,KO 105 / KI 75,105.0,75.0,120.0,1.2685607595941015,-0.007183799763777662,0.003129573429295886,-0.0014272415985485676,-0.009641541038862833
